rank,from,to,pair,tier,evidence,monthly_search_volume,region,category_from,category_to,conversion_kind,source_url
46,heic,pdf,"heic to pdf",TIER-2,enumerated (heuristic order),,,image,document,cross-category,https://cloudconvert.com/image-converter
76,arw,pdf,"arw to pdf",TIER-2,enumerated (heuristic order),,,image,document,cross-category,https://cloudconvert.com/image-converter
77,avi,mp4,"avi to mp4",TIER-2,enumerated (heuristic order),,,video,video,same-category,https://cloudconvert.com/mp4-converter
85,cr2,pdf,"cr2 to pdf",TIER-2,enumerated (heuristic order),,,image,document,cross-category,https://cloudconvert.com/image-converter
87,dng,pdf,"dng to pdf",TIER-2,enumerated (heuristic order),,,image,document,cross-category,https://cloudconvert.com/image-converter
90,eps,pdf,"eps to pdf",TIER-2,enumerated (heuristic order),,,image,document,cross-category,https://cloudconvert.com/image-converter
95,heic,jpg,"heic to jpg",TIER-2,enumerated (heuristic order),,,image,image,same-category,https://cloudconvert.com/image-converter
96,heic,png,"heic to png",TIER-2,enumerated (heuristic order),,,image,image,same-category,https://cloudconvert.com/image-converter
97,heif,pdf,"heif to pdf",TIER-2,enumerated (heuristic order),,,image,document,cross-category,https://cloudconvert.com/image-converter
106,mkv,mp4,"mkv to mp4",TIER-2,enumerated (heuristic order),,,video,video,same-category,https://cloudconvert.com/mp4-converter
109,nef,pdf,"nef to pdf",TIER-2,enumerated (heuristic order),,,image,document,cross-category,https://cloudconvert.com/image-converter
115,psd,pdf,"psd to pdf",TIER-2,enumerated (heuristic order),,,image,document,cross-category,https://cloudconvert.com/image-converter
116,raw,pdf,"raw to pdf",TIER-2,enumerated (heuristic order),,,image,document,cross-category,https://cloudconvert.com/image-converter
132,avi,jpg,"avi to jpg",TIER-2,enumerated (heuristic order),,,video,image,cross-category,https://cloudconvert.com/mp4-converter
133,avi,mp3,"avi to mp3",TIER-2,enumerated (heuristic order),,,video,audio,cross-category,https://cloudconvert.com/mp4-converter
134,avi,png,"avi to png",TIER-2,enumerated (heuristic order),,,video,image,cross-category,https://cloudconvert.com/mp4-converter
150,gif,docx,"gif to docx",TIER-2,enumerated (heuristic order),,,image,document,cross-category,https://cloudconvert.com/image-converter
151,gif,pptx,"gif to pptx",TIER-2,enumerated (heuristic order),,,image,presentation,cross-category,https://cloudconvert.com/image-converter
152,heic,docx,"heic to docx",TIER-2,enumerated (heuristic order),,,image,document,cross-category,https://cloudconvert.com/image-converter
153,heic,pptx,"heic to pptx",TIER-2,enumerated (heuristic order),,,image,presentation,cross-category,https://cloudconvert.com/image-converter
158,jpeg,docx,"jpeg to docx",TIER-2,enumerated (heuristic order),,,image,document,cross-category,https://cloudconvert.com/image-converter
159,jpeg,pptx,"jpeg to pptx",TIER-2,enumerated (heuristic order),,,image,presentation,cross-category,https://cloudconvert.com/image-converter
160,jpg,docx,"jpg to docx",TIER-2,enumerated (heuristic order),,,image,document,cross-category,https://cloudconvert.com/image-converter
161,jpg,pptx,"jpg to pptx",TIER-2,enumerated (heuristic order),,,image,presentation,cross-category,https://cloudconvert.com/image-converter
163,mkv,jpg,"mkv to jpg",TIER-2,enumerated (heuristic order),,,video,image,cross-category,https://cloudconvert.com/mp4-converter
164,mkv,mp3,"mkv to mp3",TIER-2,enumerated (heuristic order),,,video,audio,cross-category,https://cloudconvert.com/mp4-converter
165,mkv,png,"mkv to png",TIER-2,enumerated (heuristic order),,,video,image,cross-category,https://cloudconvert.com/mp4-converter
176,png,docx,"png to docx",TIER-2,enumerated (heuristic order),,,image,document,cross-category,https://cloudconvert.com/image-converter
177,png,pptx,"png to pptx",TIER-2,enumerated (heuristic order),,,image,presentation,cross-category,https://cloudconvert.com/image-converter
184,svg,docx,"svg to docx",TIER-2,enumerated (heuristic order),,,image,document,cross-category,https://cloudconvert.com/image-converter
185,svg,pptx,"svg to pptx",TIER-2,enumerated (heuristic order),,,image,presentation,cross-category,https://cloudconvert.com/image-converter
194,webp,docx,"webp to docx",TIER-2,enumerated (heuristic order),,,image,document,cross-category,https://cloudconvert.com/image-converter
195,webp,pptx,"webp to pptx",TIER-2,enumerated (heuristic order),,,image,presentation,cross-category,https://cloudconvert.com/image-converter
221,aac,m4a,"aac to m4a",TIER-2,enumerated (heuristic order),,,audio,audio,same-category,https://cloudconvert.com/audio-converter
223,avi,mkv,"avi to mkv",TIER-2,enumerated (heuristic order),,,video,video,same-category,https://cloudconvert.com/mp4-converter
224,avi,mov,"avi to mov",TIER-2,enumerated (heuristic order),,,video,video,same-category,https://cloudconvert.com/mp4-converter
225,avi,webm,"avi to webm",TIER-2,enumerated (heuristic order),,,video,video,same-category,https://cloudconvert.com/mp4-converter
233,flac,aac,"flac to aac",TIER-2,enumerated (heuristic order),,,audio,audio,same-category,https://cloudconvert.com/audio-converter
234,flac,m4a,"flac to m4a",TIER-2,enumerated (heuristic order),,,audio,audio,same-category,https://cloudconvert.com/audio-converter
236,gif,heic,"gif to heic",TIER-2,enumerated (heuristic order),,,image,image,same-category,https://cloudconvert.com/image-converter
237,gif,jpeg,"gif to jpeg",TIER-2,enumerated (heuristic order),,,image,image,same-category,https://cloudconvert.com/image-converter
240,heic,gif,"heic to gif",TIER-2,enumerated (heuristic order),,,image,image,same-category,https://cloudconvert.com/image-converter
241,heic,jpeg,"heic to jpeg",TIER-2,enumerated (heuristic order),,,image,image,same-category,https://cloudconvert.com/image-converter
242,heic,svg,"heic to svg",TIER-2,enumerated (heuristic order),,,image,image,same-category,https://cloudconvert.com/image-converter
243,heic,webp,"heic to webp",TIER-2,enumerated (heuristic order),,,image,image,same-category,https://cloudconvert.com/image-converter
247,jpeg,heic,"jpeg to heic",TIER-2,enumerated (heuristic order),,,image,image,same-category,https://cloudconvert.com/image-converter
251,jpg,heic,"jpg to heic",TIER-2,enumerated (heuristic order),,,image,image,same-category,https://cloudconvert.com/image-converter
252,jpg,jpeg,"jpg to jpeg",TIER-2,enumerated (heuristic order),,,image,image,same-category,https://cloudconvert.com/image-converter
255,m4a,aac,"m4a to aac",TIER-2,enumerated (heuristic order),,,audio,audio,same-category,https://cloudconvert.com/audio-converter
258,mkv,avi,"mkv to avi",TIER-2,enumerated (heuristic order),,,video,video,same-category,https://cloudconvert.com/mp4-converter
259,mkv,mov,"mkv to mov",TIER-2,enumerated (heuristic order),,,video,video,same-category,https://cloudconvert.com/mp4-converter
260,mkv,webm,"mkv to webm",TIER-2,enumerated (heuristic order),,,video,video,same-category,https://cloudconvert.com/mp4-converter
261,mov,avi,"mov to avi",TIER-2,enumerated (heuristic order),,,video,video,same-category,https://cloudconvert.com/mp4-converter
262,mov,mkv,"mov to mkv",TIER-2,enumerated (heuristic order),,,video,video,same-category,https://cloudconvert.com/mp4-converter
264,mp3,aac,"mp3 to aac",TIER-2,enumerated (heuristic order),,,audio,audio,same-category,https://cloudconvert.com/audio-converter
266,mp3,m4a,"mp3 to m4a",TIER-2,enumerated (heuristic order),,,audio,audio,same-category,https://cloudconvert.com/audio-converter
268,mp4,avi,"mp4 to avi",TIER-2,enumerated (heuristic order),,,video,video,same-category,https://cloudconvert.com/mp4-converter
269,mp4,mkv,"mp4 to mkv",TIER-2,enumerated (heuristic order),,,video,video,same-category,https://cloudconvert.com/mp4-converter
270,mp4,mov,"mp4 to mov",TIER-2,enumerated (heuristic order),,,video,video,same-category,https://cloudconvert.com/mp4-converter
273,png,heic,"png to heic",TIER-2,enumerated (heuristic order),,,image,image,same-category,https://cloudconvert.com/image-converter
274,png,jpeg,"png to jpeg",TIER-2,enumerated (heuristic order),,,image,image,same-category,https://cloudconvert.com/image-converter
279,svg,heic,"svg to heic",TIER-2,enumerated (heuristic order),,,image,image,same-category,https://cloudconvert.com/image-converter
280,svg,jpeg,"svg to jpeg",TIER-2,enumerated (heuristic order),,,image,image,same-category,https://cloudconvert.com/image-converter
284,wav,aac,"wav to aac",TIER-2,enumerated (heuristic order),,,audio,audio,same-category,https://cloudconvert.com/audio-converter
286,wav,m4a,"wav to m4a",TIER-2,enumerated (heuristic order),,,audio,audio,same-category,https://cloudconvert.com/audio-converter
287,webm,avi,"webm to avi",TIER-2,enumerated (heuristic order),,,video,video,same-category,https://cloudconvert.com/mp4-converter
288,webm,mkv,"webm to mkv",TIER-2,enumerated (heuristic order),,,video,video,same-category,https://cloudconvert.com/mp4-converter
289,webm,mov,"webm to mov",TIER-2,enumerated (heuristic order),,,video,video,same-category,https://cloudconvert.com/mp4-converter
291,webp,heic,"webp to heic",TIER-2,enumerated (heuristic order),,,image,image,same-category,https://cloudconvert.com/image-converter
292,webp,jpeg,"webp to jpeg",TIER-2,enumerated (heuristic order),,,image,image,same-category,https://cloudconvert.com/image-converter
297,3fr,pdf,"3fr to pdf",TIER-2,enumerated (heuristic order),,,image,document,cross-category,https://cloudconvert.com/image-converter
298,3gp,mp4,"3gp to mp4",TIER-2,enumerated (heuristic order),,,video,video,same-category,https://cloudconvert.com/mp4-converter
301,arw,jpg,"arw to jpg",TIER-2,enumerated (heuristic order),,,image,image,same-category,https://cloudconvert.com/image-converter
302,arw,png,"arw to png",TIER-2,enumerated (heuristic order),,,image,image,same-category,https://cloudconvert.com/image-converter
315,cr2,jpg,"cr2 to jpg",TIER-2,enumerated (heuristic order),,,image,image,same-category,https://cloudconvert.com/image-converter
316,cr2,png,"cr2 to png",TIER-2,enumerated (heuristic order),,,image,image,same-category,https://cloudconvert.com/image-converter
317,cr3,pdf,"cr3 to pdf",TIER-2,enumerated (heuristic order),,,image,document,cross-category,https://cloudconvert.com/image-converter
318,crw,pdf,"crw to pdf",TIER-2,enumerated (heuristic order),,,image,document,cross-category,https://cloudconvert.com/image-converter
319,dcr,pdf,"dcr to pdf",TIER-2,enumerated (heuristic order),,,image,document,cross-category,https://cloudconvert.com/image-converter
320,dng,jpg,"dng to jpg",TIER-2,enumerated (heuristic order),,,image,image,same-category,https://cloudconvert.com/image-converter
321,dng,png,"dng to png",TIER-2,enumerated (heuristic order),,,image,image,same-category,https://cloudconvert.com/image-converter
324,eps,jpg,"eps to jpg",TIER-2,enumerated (heuristic order),,,image,image,same-category,https://cloudconvert.com/image-converter
325,eps,png,"eps to png",TIER-2,enumerated (heuristic order),,,image,image,same-category,https://cloudconvert.com/image-converter
326,erf,pdf,"erf to pdf",TIER-2,enumerated (heuristic order),,,image,document,cross-category,https://cloudconvert.com/image-converter
329,flv,mp4,"flv to mp4",TIER-2,enumerated (heuristic order),,,video,video,same-category,https://cloudconvert.com/mp4-converter
330,heif,jpg,"heif to jpg",TIER-2,enumerated (heuristic order),,,image,image,same-category,https://cloudconvert.com/image-converter
331,heif,png,"heif to png",TIER-2,enumerated (heuristic order),,,image,image,same-category,https://cloudconvert.com/image-converter
333,icns,pdf,"icns to pdf",TIER-2,enumerated (heuristic order),,,image,document,cross-category,https://cloudconvert.com/image-converter
341,m4v,mp4,"m4v to mp4",TIER-2,enumerated (heuristic order),,,video,video,same-category,https://cloudconvert.com/mp4-converter
343,mos,pdf,"mos to pdf",TIER-2,enumerated (heuristic order),,,image,document,cross-category,https://cloudconvert.com/image-converter
344,mpeg,mp4,"mpeg to mp4",TIER-2,enumerated (heuristic order),,,video,video,same-category,https://cloudconvert.com/mp4-converter
345,mpg,mp4,"mpg to mp4",TIER-2,enumerated (heuristic order),,,video,video,same-category,https://cloudconvert.com/mp4-converter
346,mrw,pdf,"mrw to pdf",TIER-2,enumerated (heuristic order),,,image,document,cross-category,https://cloudconvert.com/image-converter
347,nef,jpg,"nef to jpg",TIER-2,enumerated (heuristic order),,,image,image,same-category,https://cloudconvert.com/image-converter
348,nef,png,"nef to png",TIER-2,enumerated (heuristic order),,,image,image,same-category,https://cloudconvert.com/image-converter
350,odd,pdf,"odd to pdf",TIER-2,enumerated (heuristic order),,,image,document,cross-category,https://cloudconvert.com/image-converter
351,odg,pdf,"odg to pdf",TIER-2,enumerated (heuristic order),,,image,document,cross-category,https://cloudconvert.com/image-converter
358,opus,mp3,"opus to mp3",TIER-2,enumerated (heuristic order),,,audio,audio,same-category,https://cloudconvert.com/audio-converter
359,orf,pdf,"orf to pdf",TIER-2,enumerated (heuristic order),,,image,document,cross-category,https://cloudconvert.com/image-converter
383,pef,pdf,"pef to pdf",TIER-2,enumerated (heuristic order),,,image,document,cross-category,https://cloudconvert.com/image-converter
387,ppm,pdf,"ppm to pdf",TIER-2,enumerated (heuristic order),,,image,document,cross-category,https://cloudconvert.com/image-converter
392,ps,pdf,"ps to pdf",TIER-2,enumerated (heuristic order),,,image,document,cross-category,https://cloudconvert.com/image-converter
393,psb,pdf,"psb to pdf",TIER-2,enumerated (heuristic order),,,image,document,cross-category,https://cloudconvert.com/image-converter
394,psd,jpg,"psd to jpg",TIER-2,enumerated (heuristic order),,,image,image,same-category,https://cloudconvert.com/image-converter
395,psd,png,"psd to png",TIER-2,enumerated (heuristic order),,,image,image,same-category,https://cloudconvert.com/image-converter
396,pub,pdf,"pub to pdf",TIER-2,enumerated (heuristic order),,,image,document,cross-category,https://cloudconvert.com/image-converter
397,raf,pdf,"raf to pdf",TIER-2,enumerated (heuristic order),,,image,document,cross-category,https://cloudconvert.com/image-converter
398,raw,jpg,"raw to jpg",TIER-2,enumerated (heuristic order),,,image,image,same-category,https://cloudconvert.com/image-converter
399,raw,png,"raw to png",TIER-2,enumerated (heuristic order),,,image,image,same-category,https://cloudconvert.com/image-converter
402,rw2,pdf,"rw2 to pdf",TIER-2,enumerated (heuristic order),,,image,document,cross-category,https://cloudconvert.com/image-converter
410,tga,pdf,"tga to pdf",TIER-2,enumerated (heuristic order),,,image,document,cross-category,https://cloudconvert.com/image-converter
415,ts,mp4,"ts to mp4",TIER-2,enumerated (heuristic order),,,video,video,same-category,https://cloudconvert.com/mp4-converter
418,wma,mp3,"wma to mp3",TIER-2,enumerated (heuristic order),,,audio,audio,same-category,https://cloudconvert.com/audio-converter
420,wmv,mp4,"wmv to mp4",TIER-2,enumerated (heuristic order),,,video,video,same-category,https://cloudconvert.com/mp4-converter
421,x3f,pdf,"x3f to pdf",TIER-2,enumerated (heuristic order),,,image,document,cross-category,https://cloudconvert.com/image-converter
422,xcf,pdf,"xcf to pdf",TIER-2,enumerated (heuristic order),,,image,document,cross-category,https://cloudconvert.com/image-converter
424,xps,pdf,"xps to pdf",TIER-2,enumerated (heuristic order),,,image,document,cross-category,https://cloudconvert.com/image-converter
425,aac,avi,"aac to avi",TIER-2,enumerated (heuristic order),,,audio,video,cross-category,https://cloudconvert.com/audio-converter
426,aac,mkv,"aac to mkv",TIER-2,enumerated (heuristic order),,,audio,video,cross-category,https://cloudconvert.com/audio-converter
427,aac,mov,"aac to mov",TIER-2,enumerated (heuristic order),,,audio,video,cross-category,https://cloudconvert.com/audio-converter
428,aac,webm,"aac to webm",TIER-2,enumerated (heuristic order),,,audio,video,cross-category,https://cloudconvert.com/audio-converter
437,avi,aac,"avi to aac",TIER-2,enumerated (heuristic order),,,video,audio,cross-category,https://cloudconvert.com/mp4-converter
438,avi,flac,"avi to flac",TIER-2,enumerated (heuristic order),,,video,audio,cross-category,https://cloudconvert.com/mp4-converter
439,avi,gif,"avi to gif",TIER-2,enumerated (heuristic order),,,video,image,cross-category,https://cloudconvert.com/mp4-converter
440,avi,heic,"avi to heic",TIER-2,enumerated (heuristic order),,,video,image,cross-category,https://cloudconvert.com/mp4-converter
441,avi,jpeg,"avi to jpeg",TIER-2,enumerated (heuristic order),,,video,image,cross-category,https://cloudconvert.com/mp4-converter
442,avi,m4a,"avi to m4a",TIER-2,enumerated (heuristic order),,,video,audio,cross-category,https://cloudconvert.com/mp4-converter
443,avi,svg,"avi to svg",TIER-2,enumerated (heuristic order),,,video,image,cross-category,https://cloudconvert.com/mp4-converter
444,avi,wav,"avi to wav",TIER-2,enumerated (heuristic order),,,video,audio,cross-category,https://cloudconvert.com/mp4-converter
445,avi,webp,"avi to webp",TIER-2,enumerated (heuristic order),,,video,image,cross-category,https://cloudconvert.com/mp4-converter
476,flac,avi,"flac to avi",TIER-2,enumerated (heuristic order),,,audio,video,cross-category,https://cloudconvert.com/audio-converter
477,flac,mkv,"flac to mkv",TIER-2,enumerated (heuristic order),,,audio,video,cross-category,https://cloudconvert.com/audio-converter
478,flac,mov,"flac to mov",TIER-2,enumerated (heuristic order),,,audio,video,cross-category,https://cloudconvert.com/audio-converter
479,flac,webm,"flac to webm",TIER-2,enumerated (heuristic order),,,audio,video,cross-category,https://cloudconvert.com/audio-converter
480,gif,ai,"gif to ai",TIER-2,enumerated (heuristic order),,,image,vector,cross-category,https://cloudconvert.com/image-converter
481,gif,doc,"gif to doc",TIER-2,enumerated (heuristic order),,,image,document,cross-category,https://cloudconvert.com/image-converter
482,gif,html,"gif to html",TIER-2,enumerated (heuristic order),,,image,document,cross-category,https://cloudconvert.com/image-converter
483,gif,ppt,"gif to ppt",TIER-2,enumerated (heuristic order),,,image,presentation,cross-category,https://cloudconvert.com/image-converter
484,gif,txt,"gif to txt",TIER-2,enumerated (heuristic order),,,image,document,cross-category,https://cloudconvert.com/image-converter
485,heic,ai,"heic to ai",TIER-2,enumerated (heuristic order),,,image,vector,cross-category,https://cloudconvert.com/image-converter
486,heic,doc,"heic to doc",TIER-2,enumerated (heuristic order),,,image,document,cross-category,https://cloudconvert.com/image-converter
487,heic,html,"heic to html",TIER-2,enumerated (heuristic order),,,image,document,cross-category,https://cloudconvert.com/image-converter
488,heic,ppt,"heic to ppt",TIER-2,enumerated (heuristic order),,,image,presentation,cross-category,https://cloudconvert.com/image-converter
489,heic,txt,"heic to txt",TIER-2,enumerated (heuristic order),,,image,document,cross-category,https://cloudconvert.com/image-converter
497,jpeg,ai,"jpeg to ai",TIER-2,enumerated (heuristic order),,,image,vector,cross-category,https://cloudconvert.com/image-converter
498,jpeg,doc,"jpeg to doc",TIER-2,enumerated (heuristic order),,,image,document,cross-category,https://cloudconvert.com/image-converter
499,jpeg,html,"jpeg to html",TIER-2,enumerated (heuristic order),,,image,document,cross-category,https://cloudconvert.com/image-converter
500,jpeg,ppt,"jpeg to ppt",TIER-2,enumerated (heuristic order),,,image,presentation,cross-category,https://cloudconvert.com/image-converter
501,jpeg,txt,"jpeg to txt",TIER-2,enumerated (heuristic order),,,image,document,cross-category,https://cloudconvert.com/image-converter
502,jpg,ai,"jpg to ai",TIER-2,enumerated (heuristic order),,,image,vector,cross-category,https://cloudconvert.com/image-converter
503,jpg,doc,"jpg to doc",TIER-2,enumerated (heuristic order),,,image,document,cross-category,https://cloudconvert.com/image-converter
504,jpg,html,"jpg to html",TIER-2,enumerated (heuristic order),,,image,document,cross-category,https://cloudconvert.com/image-converter
505,jpg,ppt,"jpg to ppt",TIER-2,enumerated (heuristic order),,,image,presentation,cross-category,https://cloudconvert.com/image-converter
506,jpg,txt,"jpg to txt",TIER-2,enumerated (heuristic order),,,image,document,cross-category,https://cloudconvert.com/image-converter
507,m4a,avi,"m4a to avi",TIER-2,enumerated (heuristic order),,,audio,video,cross-category,https://cloudconvert.com/audio-converter
508,m4a,mkv,"m4a to mkv",TIER-2,enumerated (heuristic order),,,audio,video,cross-category,https://cloudconvert.com/audio-converter
509,m4a,mov,"m4a to mov",TIER-2,enumerated (heuristic order),,,audio,video,cross-category,https://cloudconvert.com/audio-converter
510,m4a,webm,"m4a to webm",TIER-2,enumerated (heuristic order),,,audio,video,cross-category,https://cloudconvert.com/audio-converter
511,mkv,aac,"mkv to aac",TIER-2,enumerated (heuristic order),,,video,audio,cross-category,https://cloudconvert.com/mp4-converter
512,mkv,flac,"mkv to flac",TIER-2,enumerated (heuristic order),,,video,audio,cross-category,https://cloudconvert.com/mp4-converter
513,mkv,gif,"mkv to gif",TIER-2,enumerated (heuristic order),,,video,image,cross-category,https://cloudconvert.com/mp4-converter
514,mkv,heic,"mkv to heic",TIER-2,enumerated (heuristic order),,,video,image,cross-category,https://cloudconvert.com/mp4-converter
515,mkv,jpeg,"mkv to jpeg",TIER-2,enumerated (heuristic order),,,video,image,cross-category,https://cloudconvert.com/mp4-converter
516,mkv,m4a,"mkv to m4a",TIER-2,enumerated (heuristic order),,,video,audio,cross-category,https://cloudconvert.com/mp4-converter
517,mkv,svg,"mkv to svg",TIER-2,enumerated (heuristic order),,,video,image,cross-category,https://cloudconvert.com/mp4-converter
518,mkv,wav,"mkv to wav",TIER-2,enumerated (heuristic order),,,video,audio,cross-category,https://cloudconvert.com/mp4-converter
519,mkv,webp,"mkv to webp",TIER-2,enumerated (heuristic order),,,video,image,cross-category,https://cloudconvert.com/mp4-converter
528,mov,aac,"mov to aac",TIER-2,enumerated (heuristic order),,,video,audio,cross-category,https://cloudconvert.com/mp4-converter
531,mov,heic,"mov to heic",TIER-2,enumerated (heuristic order),,,video,image,cross-category,https://cloudconvert.com/mp4-converter
532,mov,jpeg,"mov to jpeg",TIER-2,enumerated (heuristic order),,,video,image,cross-category,https://cloudconvert.com/mp4-converter
533,mov,m4a,"mov to m4a",TIER-2,enumerated (heuristic order),,,video,audio,cross-category,https://cloudconvert.com/mp4-converter
534,mov,svg,"mov to svg",TIER-2,enumerated (heuristic order),,,video,image,cross-category,https://cloudconvert.com/mp4-converter
536,mov,webp,"mov to webp",TIER-2,enumerated (heuristic order),,,video,image,cross-category,https://cloudconvert.com/mp4-converter
537,mp3,avi,"mp3 to avi",TIER-2,enumerated (heuristic order),,,audio,video,cross-category,https://cloudconvert.com/audio-converter
538,mp3,mkv,"mp3 to mkv",TIER-2,enumerated (heuristic order),,,audio,video,cross-category,https://cloudconvert.com/audio-converter
539,mp3,mov,"mp3 to mov",TIER-2,enumerated (heuristic order),,,audio,video,cross-category,https://cloudconvert.com/audio-converter
540,mp3,webm,"mp3 to webm",TIER-2,enumerated (heuristic order),,,audio,video,cross-category,https://cloudconvert.com/audio-converter
541,mp4,aac,"mp4 to aac",TIER-2,enumerated (heuristic order),,,video,audio,cross-category,https://cloudconvert.com/mp4-converter
544,mp4,heic,"mp4 to heic",TIER-2,enumerated (heuristic order),,,video,image,cross-category,https://cloudconvert.com/mp4-converter
545,mp4,jpeg,"mp4 to jpeg",TIER-2,enumerated (heuristic order),,,video,image,cross-category,https://cloudconvert.com/mp4-converter
546,mp4,m4a,"mp4 to m4a",TIER-2,enumerated (heuristic order),,,video,audio,cross-category,https://cloudconvert.com/mp4-converter
547,mp4,svg,"mp4 to svg",TIER-2,enumerated (heuristic order),,,video,image,cross-category,https://cloudconvert.com/mp4-converter
549,mp4,webp,"mp4 to webp",TIER-2,enumerated (heuristic order),,,video,image,cross-category,https://cloudconvert.com/mp4-converter
550,png,ai,"png to ai",TIER-2,enumerated (heuristic order),,,image,vector,cross-category,https://cloudconvert.com/image-converter
551,png,doc,"png to doc",TIER-2,enumerated (heuristic order),,,image,document,cross-category,https://cloudconvert.com/image-converter
552,png,html,"png to html",TIER-2,enumerated (heuristic order),,,image,document,cross-category,https://cloudconvert.com/image-converter
553,png,ppt,"png to ppt",TIER-2,enumerated (heuristic order),,,image,presentation,cross-category,https://cloudconvert.com/image-converter
554,png,txt,"png to txt",TIER-2,enumerated (heuristic order),,,image,document,cross-category,https://cloudconvert.com/image-converter
571,svg,ai,"svg to ai",TIER-2,enumerated (heuristic order),,,image,vector,cross-category,https://cloudconvert.com/image-converter
572,svg,doc,"svg to doc",TIER-2,enumerated (heuristic order),,,image,document,cross-category,https://cloudconvert.com/image-converter
573,svg,html,"svg to html",TIER-2,enumerated (heuristic order),,,image,document,cross-category,https://cloudconvert.com/image-converter
574,svg,ppt,"svg to ppt",TIER-2,enumerated (heuristic order),,,image,presentation,cross-category,https://cloudconvert.com/image-converter
583,wav,avi,"wav to avi",TIER-2,enumerated (heuristic order),,,audio,video,cross-category,https://cloudconvert.com/audio-converter
584,wav,mkv,"wav to mkv",TIER-2,enumerated (heuristic order),,,audio,video,cross-category,https://cloudconvert.com/audio-converter
585,wav,mov,"wav to mov",TIER-2,enumerated (heuristic order),,,audio,video,cross-category,https://cloudconvert.com/audio-converter
586,wav,webm,"wav to webm",TIER-2,enumerated (heuristic order),,,audio,video,cross-category,https://cloudconvert.com/audio-converter
587,webm,aac,"webm to aac",TIER-2,enumerated (heuristic order),,,video,audio,cross-category,https://cloudconvert.com/mp4-converter
590,webm,heic,"webm to heic",TIER-2,enumerated (heuristic order),,,video,image,cross-category,https://cloudconvert.com/mp4-converter
591,webm,jpeg,"webm to jpeg",TIER-2,enumerated (heuristic order),,,video,image,cross-category,https://cloudconvert.com/mp4-converter
592,webm,m4a,"webm to m4a",TIER-2,enumerated (heuristic order),,,video,audio,cross-category,https://cloudconvert.com/mp4-converter
593,webm,svg,"webm to svg",TIER-2,enumerated (heuristic order),,,video,image,cross-category,https://cloudconvert.com/mp4-converter
595,webm,webp,"webm to webp",TIER-2,enumerated (heuristic order),,,video,image,cross-category,https://cloudconvert.com/mp4-converter
596,webp,ai,"webp to ai",TIER-2,enumerated (heuristic order),,,image,vector,cross-category,https://cloudconvert.com/image-converter
597,webp,doc,"webp to doc",TIER-2,enumerated (heuristic order),,,image,document,cross-category,https://cloudconvert.com/image-converter
598,webp,html,"webp to html",TIER-2,enumerated (heuristic order),,,image,document,cross-category,https://cloudconvert.com/image-converter
599,webp,ppt,"webp to ppt",TIER-2,enumerated (heuristic order),,,image,presentation,cross-category,https://cloudconvert.com/image-converter
600,webp,txt,"webp to txt",TIER-2,enumerated (heuristic order),,,image,document,cross-category,https://cloudconvert.com/image-converter
617,3gp,jpg,"3gp to jpg",TIER-2,enumerated (heuristic order),,,video,image,cross-category,https://cloudconvert.com/mp4-converter
618,3gp,mp3,"3gp to mp3",TIER-2,enumerated (heuristic order),,,video,audio,cross-category,https://cloudconvert.com/mp4-converter
619,3gp,png,"3gp to png",TIER-2,enumerated (heuristic order),,,video,image,cross-category,https://cloudconvert.com/mp4-converter
622,arw,docx,"arw to docx",TIER-2,enumerated (heuristic order),,,image,document,cross-category,https://cloudconvert.com/image-converter
623,arw,pptx,"arw to pptx",TIER-2,enumerated (heuristic order),,,image,presentation,cross-category,https://cloudconvert.com/image-converter
624,avif,docx,"avif to docx",TIER-2,enumerated (heuristic order),,,image,document,cross-category,https://cloudconvert.com/image-converter
625,avif,pptx,"avif to pptx",TIER-2,enumerated (heuristic order),,,image,presentation,cross-category,https://cloudconvert.com/image-converter
632,bmp,docx,"bmp to docx",TIER-2,enumerated (heuristic order),,,image,document,cross-category,https://cloudconvert.com/image-converter
633,bmp,pptx,"bmp to pptx",TIER-2,enumerated (heuristic order),,,image,presentation,cross-category,https://cloudconvert.com/image-converter
643,cr2,docx,"cr2 to docx",TIER-2,enumerated (heuristic order),,,image,document,cross-category,https://cloudconvert.com/image-converter
644,cr2,pptx,"cr2 to pptx",TIER-2,enumerated (heuristic order),,,image,presentation,cross-category,https://cloudconvert.com/image-converter
645,dng,docx,"dng to docx",TIER-2,enumerated (heuristic order),,,image,document,cross-category,https://cloudconvert.com/image-converter
646,dng,pptx,"dng to pptx",TIER-2,enumerated (heuristic order),,,image,presentation,cross-category,https://cloudconvert.com/image-converter
650,eps,docx,"eps to docx",TIER-2,enumerated (heuristic order),,,image,document,cross-category,https://cloudconvert.com/image-converter
651,eps,pptx,"eps to pptx",TIER-2,enumerated (heuristic order),,,image,presentation,cross-category,https://cloudconvert.com/image-converter
655,flv,jpg,"flv to jpg",TIER-2,enumerated (heuristic order),,,video,image,cross-category,https://cloudconvert.com/mp4-converter
656,flv,mp3,"flv to mp3",TIER-2,enumerated (heuristic order),,,video,audio,cross-category,https://cloudconvert.com/mp4-converter
657,flv,png,"flv to png",TIER-2,enumerated (heuristic order),,,video,image,cross-category,https://cloudconvert.com/mp4-converter
658,heif,docx,"heif to docx",TIER-2,enumerated (heuristic order),,,image,document,cross-category,https://cloudconvert.com/image-converter
659,heif,pptx,"heif to pptx",TIER-2,enumerated (heuristic order),,,image,presentation,cross-category,https://cloudconvert.com/image-converter
660,ico,docx,"ico to docx",TIER-2,enumerated (heuristic order),,,image,document,cross-category,https://cloudconvert.com/image-converter
661,ico,pptx,"ico to pptx",TIER-2,enumerated (heuristic order),,,image,presentation,cross-category,https://cloudconvert.com/image-converter
662,jfif,docx,"jfif to docx",TIER-2,enumerated (heuristic order),,,image,document,cross-category,https://cloudconvert.com/image-converter
663,jfif,pptx,"jfif to pptx",TIER-2,enumerated (heuristic order),,,image,presentation,cross-category,https://cloudconvert.com/image-converter
667,m4v,jpg,"m4v to jpg",TIER-2,enumerated (heuristic order),,,video,image,cross-category,https://cloudconvert.com/mp4-converter
668,m4v,mp3,"m4v to mp3",TIER-2,enumerated (heuristic order),,,video,audio,cross-category,https://cloudconvert.com/mp4-converter
669,m4v,png,"m4v to png",TIER-2,enumerated (heuristic order),,,video,image,cross-category,https://cloudconvert.com/mp4-converter
674,mpeg,jpg,"mpeg to jpg",TIER-2,enumerated (heuristic order),,,video,image,cross-category,https://cloudconvert.com/mp4-converter
675,mpeg,mp3,"mpeg to mp3",TIER-2,enumerated (heuristic order),,,video,audio,cross-category,https://cloudconvert.com/mp4-converter
676,mpeg,png,"mpeg to png",TIER-2,enumerated (heuristic order),,,video,image,cross-category,https://cloudconvert.com/mp4-converter
677,mpg,jpg,"mpg to jpg",TIER-2,enumerated (heuristic order),,,video,image,cross-category,https://cloudconvert.com/mp4-converter
678,mpg,mp3,"mpg to mp3",TIER-2,enumerated (heuristic order),,,video,audio,cross-category,https://cloudconvert.com/mp4-converter
679,mpg,png,"mpg to png",TIER-2,enumerated (heuristic order),,,video,image,cross-category,https://cloudconvert.com/mp4-converter
680,nef,docx,"nef to docx",TIER-2,enumerated (heuristic order),,,image,document,cross-category,https://cloudconvert.com/image-converter
681,nef,pptx,"nef to pptx",TIER-2,enumerated (heuristic order),,,image,presentation,cross-category,https://cloudconvert.com/image-converter
697,opus,mp4,"opus to mp4",TIER-2,enumerated (heuristic order),,,audio,video,cross-category,https://cloudconvert.com/audio-converter
702,psd,docx,"psd to docx",TIER-2,enumerated (heuristic order),,,image,document,cross-category,https://cloudconvert.com/image-converter
703,psd,pptx,"psd to pptx",TIER-2,enumerated (heuristic order),,,image,presentation,cross-category,https://cloudconvert.com/image-converter
704,raw,docx,"raw to docx",TIER-2,enumerated (heuristic order),,,image,document,cross-category,https://cloudconvert.com/image-converter
705,raw,pptx,"raw to pptx",TIER-2,enumerated (heuristic order),,,image,presentation,cross-category,https://cloudconvert.com/image-converter
710,tif,docx,"tif to docx",TIER-2,enumerated (heuristic order),,,image,document,cross-category,https://cloudconvert.com/image-converter
711,tif,pptx,"tif to pptx",TIER-2,enumerated (heuristic order),,,image,presentation,cross-category,https://cloudconvert.com/image-converter
712,tiff,docx,"tiff to docx",TIER-2,enumerated (heuristic order),,,image,document,cross-category,https://cloudconvert.com/image-converter
713,tiff,pptx,"tiff to pptx",TIER-2,enumerated (heuristic order),,,image,presentation,cross-category,https://cloudconvert.com/image-converter
714,ts,jpg,"ts to jpg",TIER-2,enumerated (heuristic order),,,video,image,cross-category,https://cloudconvert.com/mp4-converter
715,ts,mp3,"ts to mp3",TIER-2,enumerated (heuristic order),,,video,audio,cross-category,https://cloudconvert.com/mp4-converter
716,ts,png,"ts to png",TIER-2,enumerated (heuristic order),,,video,image,cross-category,https://cloudconvert.com/mp4-converter
717,wma,mp4,"wma to mp4",TIER-2,enumerated (heuristic order),,,audio,video,cross-category,https://cloudconvert.com/audio-converter
718,wmv,jpg,"wmv to jpg",TIER-2,enumerated (heuristic order),,,video,image,cross-category,https://cloudconvert.com/mp4-converter
719,wmv,mp3,"wmv to mp3",TIER-2,enumerated (heuristic order),,,video,audio,cross-category,https://cloudconvert.com/mp4-converter
720,wmv,png,"wmv to png",TIER-2,enumerated (heuristic order),,,video,image,cross-category,https://cloudconvert.com/mp4-converter
724,3gp,avi,"3gp to avi",TIER-2,enumerated (heuristic order),,,video,video,same-category,https://cloudconvert.com/mp4-converter
725,3gp,mkv,"3gp to mkv",TIER-2,enumerated (heuristic order),,,video,video,same-category,https://cloudconvert.com/mp4-converter
726,3gp,mov,"3gp to mov",TIER-2,enumerated (heuristic order),,,video,video,same-category,https://cloudconvert.com/mp4-converter
727,3gp,webm,"3gp to webm",TIER-2,enumerated (heuristic order),,,video,video,same-category,https://cloudconvert.com/mp4-converter
728,aif,aac,"aif to aac",TIER-2,enumerated (heuristic order),,,audio,audio,same-category,https://cloudconvert.com/audio-converter
730,aif,m4a,"aif to m4a",TIER-2,enumerated (heuristic order),,,audio,audio,same-category,https://cloudconvert.com/audio-converter
732,aiff,aac,"aiff to aac",TIER-2,enumerated (heuristic order),,,audio,audio,same-category,https://cloudconvert.com/audio-converter
734,aiff,m4a,"aiff to m4a",TIER-2,enumerated (heuristic order),,,audio,audio,same-category,https://cloudconvert.com/audio-converter
736,arw,gif,"arw to gif",TIER-2,enumerated (heuristic order),,,image,image,same-category,https://cloudconvert.com/image-converter
737,arw,heic,"arw to heic",TIER-2,enumerated (heuristic order),,,image,image,same-category,https://cloudconvert.com/image-converter
738,arw,jpeg,"arw to jpeg",TIER-2,enumerated (heuristic order),,,image,image,same-category,https://cloudconvert.com/image-converter
739,arw,svg,"arw to svg",TIER-2,enumerated (heuristic order),,,image,image,same-category,https://cloudconvert.com/image-converter
740,arw,webp,"arw to webp",TIER-2,enumerated (heuristic order),,,image,image,same-category,https://cloudconvert.com/image-converter
742,avif,heic,"avif to heic",TIER-2,enumerated (heuristic order),,,image,image,same-category,https://cloudconvert.com/image-converter
743,avif,jpeg,"avif to jpeg",TIER-2,enumerated (heuristic order),,,image,image,same-category,https://cloudconvert.com/image-converter
749,bmp,heic,"bmp to heic",TIER-2,enumerated (heuristic order),,,image,image,same-category,https://cloudconvert.com/image-converter
750,bmp,jpeg,"bmp to jpeg",TIER-2,enumerated (heuristic order),,,image,image,same-category,https://cloudconvert.com/image-converter
756,cr2,gif,"cr2 to gif",TIER-2,enumerated (heuristic order),,,image,image,same-category,https://cloudconvert.com/image-converter
757,cr2,heic,"cr2 to heic",TIER-2,enumerated (heuristic order),,,image,image,same-category,https://cloudconvert.com/image-converter
758,cr2,jpeg,"cr2 to jpeg",TIER-2,enumerated (heuristic order),,,image,image,same-category,https://cloudconvert.com/image-converter
759,cr2,svg,"cr2 to svg",TIER-2,enumerated (heuristic order),,,image,image,same-category,https://cloudconvert.com/image-converter
760,cr2,webp,"cr2 to webp",TIER-2,enumerated (heuristic order),,,image,image,same-category,https://cloudconvert.com/image-converter
761,dng,gif,"dng to gif",TIER-2,enumerated (heuristic order),,,image,image,same-category,https://cloudconvert.com/image-converter
762,dng,heic,"dng to heic",TIER-2,enumerated (heuristic order),,,image,image,same-category,https://cloudconvert.com/image-converter
763,dng,jpeg,"dng to jpeg",TIER-2,enumerated (heuristic order),,,image,image,same-category,https://cloudconvert.com/image-converter
764,dng,svg,"dng to svg",TIER-2,enumerated (heuristic order),,,image,image,same-category,https://cloudconvert.com/image-converter
765,dng,webp,"dng to webp",TIER-2,enumerated (heuristic order),,,image,image,same-category,https://cloudconvert.com/image-converter
767,eps,gif,"eps to gif",TIER-2,enumerated (heuristic order),,,image,image,same-category,https://cloudconvert.com/image-converter
768,eps,heic,"eps to heic",TIER-2,enumerated (heuristic order),,,image,image,same-category,https://cloudconvert.com/image-converter
769,eps,jpeg,"eps to jpeg",TIER-2,enumerated (heuristic order),,,image,image,same-category,https://cloudconvert.com/image-converter
770,eps,svg,"eps to svg",TIER-2,enumerated (heuristic order),,,image,image,same-category,https://cloudconvert.com/image-converter
771,eps,webp,"eps to webp",TIER-2,enumerated (heuristic order),,,image,image,same-category,https://cloudconvert.com/image-converter
773,flv,avi,"flv to avi",TIER-2,enumerated (heuristic order),,,video,video,same-category,https://cloudconvert.com/mp4-converter
774,flv,mkv,"flv to mkv",TIER-2,enumerated (heuristic order),,,video,video,same-category,https://cloudconvert.com/mp4-converter
775,flv,mov,"flv to mov",TIER-2,enumerated (heuristic order),,,video,video,same-category,https://cloudconvert.com/mp4-converter
776,flv,webm,"flv to webm",TIER-2,enumerated (heuristic order),,,video,video,same-category,https://cloudconvert.com/mp4-converter
777,heif,gif,"heif to gif",TIER-2,enumerated (heuristic order),,,image,image,same-category,https://cloudconvert.com/image-converter
778,heif,heic,"heif to heic",TIER-2,enumerated (heuristic order),,,image,image,same-category,https://cloudconvert.com/image-converter
779,heif,jpeg,"heif to jpeg",TIER-2,enumerated (heuristic order),,,image,image,same-category,https://cloudconvert.com/image-converter
780,heif,svg,"heif to svg",TIER-2,enumerated (heuristic order),,,image,image,same-category,https://cloudconvert.com/image-converter
781,heif,webp,"heif to webp",TIER-2,enumerated (heuristic order),,,image,image,same-category,https://cloudconvert.com/image-converter
783,ico,heic,"ico to heic",TIER-2,enumerated (heuristic order),,,image,image,same-category,https://cloudconvert.com/image-converter
784,ico,jpeg,"ico to jpeg",TIER-2,enumerated (heuristic order),,,image,image,same-category,https://cloudconvert.com/image-converter
788,jfif,heic,"jfif to heic",TIER-2,enumerated (heuristic order),,,image,image,same-category,https://cloudconvert.com/image-converter
789,jfif,jpeg,"jfif to jpeg",TIER-2,enumerated (heuristic order),,,image,image,same-category,https://cloudconvert.com/image-converter
793,m4v,avi,"m4v to avi",TIER-2,enumerated (heuristic order),,,video,video,same-category,https://cloudconvert.com/mp4-converter
794,m4v,mkv,"m4v to mkv",TIER-2,enumerated (heuristic order),,,video,video,same-category,https://cloudconvert.com/mp4-converter
795,m4v,mov,"m4v to mov",TIER-2,enumerated (heuristic order),,,video,video,same-category,https://cloudconvert.com/mp4-converter
796,m4v,webm,"m4v to webm",TIER-2,enumerated (heuristic order),,,video,video,same-category,https://cloudconvert.com/mp4-converter
800,mpeg,avi,"mpeg to avi",TIER-2,enumerated (heuristic order),,,video,video,same-category,https://cloudconvert.com/mp4-converter
801,mpeg,mkv,"mpeg to mkv",TIER-2,enumerated (heuristic order),,,video,video,same-category,https://cloudconvert.com/mp4-converter
802,mpeg,mov,"mpeg to mov",TIER-2,enumerated (heuristic order),,,video,video,same-category,https://cloudconvert.com/mp4-converter
803,mpeg,webm,"mpeg to webm",TIER-2,enumerated (heuristic order),,,video,video,same-category,https://cloudconvert.com/mp4-converter
804,mpg,avi,"mpg to avi",TIER-2,enumerated (heuristic order),,,video,video,same-category,https://cloudconvert.com/mp4-converter
805,mpg,mkv,"mpg to mkv",TIER-2,enumerated (heuristic order),,,video,video,same-category,https://cloudconvert.com/mp4-converter
806,mpg,mov,"mpg to mov",TIER-2,enumerated (heuristic order),,,video,video,same-category,https://cloudconvert.com/mp4-converter
807,mpg,webm,"mpg to webm",TIER-2,enumerated (heuristic order),,,video,video,same-category,https://cloudconvert.com/mp4-converter
808,nef,gif,"nef to gif",TIER-2,enumerated (heuristic order),,,image,image,same-category,https://cloudconvert.com/image-converter
809,nef,heic,"nef to heic",TIER-2,enumerated (heuristic order),,,image,image,same-category,https://cloudconvert.com/image-converter
810,nef,jpeg,"nef to jpeg",TIER-2,enumerated (heuristic order),,,image,image,same-category,https://cloudconvert.com/image-converter
811,nef,svg,"nef to svg",TIER-2,enumerated (heuristic order),,,image,image,same-category,https://cloudconvert.com/image-converter
812,nef,webp,"nef to webp",TIER-2,enumerated (heuristic order),,,image,image,same-category,https://cloudconvert.com/image-converter
821,oga,aac,"oga to aac",TIER-2,enumerated (heuristic order),,,audio,audio,same-category,https://cloudconvert.com/audio-converter
823,oga,m4a,"oga to m4a",TIER-2,enumerated (heuristic order),,,audio,audio,same-category,https://cloudconvert.com/audio-converter
825,ogg,aac,"ogg to aac",TIER-2,enumerated (heuristic order),,,audio,audio,same-category,https://cloudconvert.com/audio-converter
827,ogg,m4a,"ogg to m4a",TIER-2,enumerated (heuristic order),,,audio,audio,same-category,https://cloudconvert.com/audio-converter
829,opus,aac,"opus to aac",TIER-2,enumerated (heuristic order),,,audio,audio,same-category,https://cloudconvert.com/audio-converter
830,opus,flac,"opus to flac",TIER-2,enumerated (heuristic order),,,audio,audio,same-category,https://cloudconvert.com/audio-converter
831,opus,m4a,"opus to m4a",TIER-2,enumerated (heuristic order),,,audio,audio,same-category,https://cloudconvert.com/audio-converter
832,opus,wav,"opus to wav",TIER-2,enumerated (heuristic order),,,audio,audio,same-category,https://cloudconvert.com/audio-converter
850,psd,gif,"psd to gif",TIER-2,enumerated (heuristic order),,,image,image,same-category,https://cloudconvert.com/image-converter
851,psd,heic,"psd to heic",TIER-2,enumerated (heuristic order),,,image,image,same-category,https://cloudconvert.com/image-converter
852,psd,jpeg,"psd to jpeg",TIER-2,enumerated (heuristic order),,,image,image,same-category,https://cloudconvert.com/image-converter
853,psd,svg,"psd to svg",TIER-2,enumerated (heuristic order),,,image,image,same-category,https://cloudconvert.com/image-converter
854,psd,webp,"psd to webp",TIER-2,enumerated (heuristic order),,,image,image,same-category,https://cloudconvert.com/image-converter
855,raw,gif,"raw to gif",TIER-2,enumerated (heuristic order),,,image,image,same-category,https://cloudconvert.com/image-converter
856,raw,heic,"raw to heic",TIER-2,enumerated (heuristic order),,,image,image,same-category,https://cloudconvert.com/image-converter
857,raw,jpeg,"raw to jpeg",TIER-2,enumerated (heuristic order),,,image,image,same-category,https://cloudconvert.com/image-converter
858,raw,svg,"raw to svg",TIER-2,enumerated (heuristic order),,,image,image,same-category,https://cloudconvert.com/image-converter
859,raw,webp,"raw to webp",TIER-2,enumerated (heuristic order),,,image,image,same-category,https://cloudconvert.com/image-converter
864,tif,heic,"tif to heic",TIER-2,enumerated (heuristic order),,,image,image,same-category,https://cloudconvert.com/image-converter
865,tif,jpeg,"tif to jpeg",TIER-2,enumerated (heuristic order),,,image,image,same-category,https://cloudconvert.com/image-converter
869,tiff,heic,"tiff to heic",TIER-2,enumerated (heuristic order),,,image,image,same-category,https://cloudconvert.com/image-converter
870,tiff,jpeg,"tiff to jpeg",TIER-2,enumerated (heuristic order),,,image,image,same-category,https://cloudconvert.com/image-converter
873,ts,avi,"ts to avi",TIER-2,enumerated (heuristic order),,,video,video,same-category,https://cloudconvert.com/mp4-converter
874,ts,mkv,"ts to mkv",TIER-2,enumerated (heuristic order),,,video,video,same-category,https://cloudconvert.com/mp4-converter
875,ts,mov,"ts to mov",TIER-2,enumerated (heuristic order),,,video,video,same-category,https://cloudconvert.com/mp4-converter
876,ts,webm,"ts to webm",TIER-2,enumerated (heuristic order),,,video,video,same-category,https://cloudconvert.com/mp4-converter
877,wma,aac,"wma to aac",TIER-2,enumerated (heuristic order),,,audio,audio,same-category,https://cloudconvert.com/audio-converter
878,wma,flac,"wma to flac",TIER-2,enumerated (heuristic order),,,audio,audio,same-category,https://cloudconvert.com/audio-converter
879,wma,m4a,"wma to m4a",TIER-2,enumerated (heuristic order),,,audio,audio,same-category,https://cloudconvert.com/audio-converter
880,wma,wav,"wma to wav",TIER-2,enumerated (heuristic order),,,audio,audio,same-category,https://cloudconvert.com/audio-converter
881,wmv,avi,"wmv to avi",TIER-2,enumerated (heuristic order),,,video,video,same-category,https://cloudconvert.com/mp4-converter
882,wmv,mkv,"wmv to mkv",TIER-2,enumerated (heuristic order),,,video,video,same-category,https://cloudconvert.com/mp4-converter
883,wmv,mov,"wmv to mov",TIER-2,enumerated (heuristic order),,,video,video,same-category,https://cloudconvert.com/mp4-converter
884,wmv,webm,"wmv to webm",TIER-2,enumerated (heuristic order),,,video,video,same-category,https://cloudconvert.com/mp4-converter
887,3fr,jpg,"3fr to jpg",TIER-2,enumerated (heuristic order),,,image,image,same-category,https://cloudconvert.com/image-converter
888,3fr,png,"3fr to png",TIER-2,enumerated (heuristic order),,,image,image,same-category,https://cloudconvert.com/image-converter
889,3g2,mp4,"3g2 to mp4",TIER-2,enumerated (heuristic order),,,video,video,same-category,https://cloudconvert.com/mp4-converter
890,3gpp,mp4,"3gpp to mp4",TIER-2,enumerated (heuristic order),,,video,video,same-category,https://cloudconvert.com/mp4-converter
891,aac,aif,"aac to aif",TIER-2,enumerated (heuristic order),,,audio,audio,same-category,https://cloudconvert.com/audio-converter
893,aac,oga,"aac to oga",TIER-2,enumerated (heuristic order),,,audio,audio,same-category,https://cloudconvert.com/audio-converter
895,aac,opus,"aac to opus",TIER-2,enumerated (heuristic order),,,audio,audio,same-category,https://cloudconvert.com/audio-converter
896,aac,wma,"aac to wma",TIER-2,enumerated (heuristic order),,,audio,audio,same-category,https://cloudconvert.com/audio-converter
898,ac3,mp3,"ac3 to mp3",TIER-2,enumerated (heuristic order),,,audio,audio,same-category,https://cloudconvert.com/audio-converter
901,amr,mp3,"amr to mp3",TIER-2,enumerated (heuristic order),,,audio,audio,same-category,https://cloudconvert.com/audio-converter
902,au,mp3,"au to mp3",TIER-2,enumerated (heuristic order),,,audio,audio,same-category,https://cloudconvert.com/audio-converter
903,avi,3gp,"avi to 3gp",TIER-2,enumerated (heuristic order),,,video,video,same-category,https://cloudconvert.com/mp4-converter
904,avi,flv,"avi to flv",TIER-2,enumerated (heuristic order),,,video,video,same-category,https://cloudconvert.com/mp4-converter
905,avi,m4v,"avi to m4v",TIER-2,enumerated (heuristic order),,,video,video,same-category,https://cloudconvert.com/mp4-converter
906,avi,mpeg,"avi to mpeg",TIER-2,enumerated (heuristic order),,,video,video,same-category,https://cloudconvert.com/mp4-converter
907,avi,mpg,"avi to mpg",TIER-2,enumerated (heuristic order),,,video,video,same-category,https://cloudconvert.com/mp4-converter
908,avi,ts,"avi to ts",TIER-2,enumerated (heuristic order),,,video,video,same-category,https://cloudconvert.com/mp4-converter
909,avi,wmv,"avi to wmv",TIER-2,enumerated (heuristic order),,,video,video,same-category,https://cloudconvert.com/mp4-converter
911,caf,mp3,"caf to mp3",TIER-2,enumerated (heuristic order),,,audio,audio,same-category,https://cloudconvert.com/audio-converter
912,cavs,mp4,"cavs to mp4",TIER-2,enumerated (heuristic order),,,video,video,same-category,https://cloudconvert.com/mp4-converter
915,cr3,jpg,"cr3 to jpg",TIER-2,enumerated (heuristic order),,,image,image,same-category,https://cloudconvert.com/image-converter
916,cr3,png,"cr3 to png",TIER-2,enumerated (heuristic order),,,image,image,same-category,https://cloudconvert.com/image-converter
917,crw,jpg,"crw to jpg",TIER-2,enumerated (heuristic order),,,image,image,same-category,https://cloudconvert.com/image-converter
918,crw,png,"crw to png",TIER-2,enumerated (heuristic order),,,image,image,same-category,https://cloudconvert.com/image-converter
922,dcr,jpg,"dcr to jpg",TIER-2,enumerated (heuristic order),,,image,image,same-category,https://cloudconvert.com/image-converter
923,dcr,png,"dcr to png",TIER-2,enumerated (heuristic order),,,image,image,same-category,https://cloudconvert.com/image-converter
937,dss,mp3,"dss to mp3",TIER-2,enumerated (heuristic order),,,audio,audio,same-category,https://cloudconvert.com/audio-converter
938,dv,mp4,"dv to mp4",TIER-2,enumerated (heuristic order),,,video,video,same-category,https://cloudconvert.com/mp4-converter
939,dvr,mp4,"dvr to mp4",TIER-2,enumerated (heuristic order),,,video,video,same-category,https://cloudconvert.com/mp4-converter
945,erf,jpg,"erf to jpg",TIER-2,enumerated (heuristic order),,,image,image,same-category,https://cloudconvert.com/image-converter
946,erf,png,"erf to png",TIER-2,enumerated (heuristic order),,,image,image,same-category,https://cloudconvert.com/image-converter
948,flac,aif,"flac to aif",TIER-2,enumerated (heuristic order),,,audio,audio,same-category,https://cloudconvert.com/audio-converter
950,flac,oga,"flac to oga",TIER-2,enumerated (heuristic order),,,audio,audio,same-category,https://cloudconvert.com/audio-converter
952,flac,opus,"flac to opus",TIER-2,enumerated (heuristic order),,,audio,audio,same-category,https://cloudconvert.com/audio-converter
953,flac,wma,"flac to wma",TIER-2,enumerated (heuristic order),,,audio,audio,same-category,https://cloudconvert.com/audio-converter
954,gif,arw,"gif to arw",TIER-2,enumerated (heuristic order),,,image,image,same-category,https://cloudconvert.com/image-converter
957,gif,cr2,"gif to cr2",TIER-2,enumerated (heuristic order),,,image,image,same-category,https://cloudconvert.com/image-converter
958,gif,dng,"gif to dng",TIER-2,enumerated (heuristic order),,,image,image,same-category,https://cloudconvert.com/image-converter
959,gif,eps,"gif to eps",TIER-2,enumerated (heuristic order),,,image,image,same-category,https://cloudconvert.com/image-converter
960,gif,heif,"gif to heif",TIER-2,enumerated (heuristic order),,,image,image,same-category,https://cloudconvert.com/image-converter
962,gif,jfif,"gif to jfif",TIER-2,enumerated (heuristic order),,,image,image,same-category,https://cloudconvert.com/image-converter
963,gif,nef,"gif to nef",TIER-2,enumerated (heuristic order),,,image,image,same-category,https://cloudconvert.com/image-converter
964,gif,psd,"gif to psd",TIER-2,enumerated (heuristic order),,,image,image,same-category,https://cloudconvert.com/image-converter
965,gif,raw,"gif to raw",TIER-2,enumerated (heuristic order),,,image,image,same-category,https://cloudconvert.com/image-converter
966,gif,tif,"gif to tif",TIER-2,enumerated (heuristic order),,,image,image,same-category,https://cloudconvert.com/image-converter
968,heic,arw,"heic to arw",TIER-2,enumerated (heuristic order),,,image,image,same-category,https://cloudconvert.com/image-converter
969,heic,avif,"heic to avif",TIER-2,enumerated (heuristic order),,,image,image,same-category,https://cloudconvert.com/image-converter
970,heic,bmp,"heic to bmp",TIER-2,enumerated (heuristic order),,,image,image,same-category,https://cloudconvert.com/image-converter
971,heic,cr2,"heic to cr2",TIER-2,enumerated (heuristic order),,,image,image,same-category,https://cloudconvert.com/image-converter
972,heic,dng,"heic to dng",TIER-2,enumerated (heuristic order),,,image,image,same-category,https://cloudconvert.com/image-converter
973,heic,eps,"heic to eps",TIER-2,enumerated (heuristic order),,,image,image,same-category,https://cloudconvert.com/image-converter
974,heic,heif,"heic to heif",TIER-2,enumerated (heuristic order),,,image,image,same-category,https://cloudconvert.com/image-converter
975,heic,ico,"heic to ico",TIER-2,enumerated (heuristic order),,,image,image,same-category,https://cloudconvert.com/image-converter
976,heic,jfif,"heic to jfif",TIER-2,enumerated (heuristic order),,,image,image,same-category,https://cloudconvert.com/image-converter
977,heic,nef,"heic to nef",TIER-2,enumerated (heuristic order),,,image,image,same-category,https://cloudconvert.com/image-converter
978,heic,psd,"heic to psd",TIER-2,enumerated (heuristic order),,,image,image,same-category,https://cloudconvert.com/image-converter
979,heic,raw,"heic to raw",TIER-2,enumerated (heuristic order),,,image,image,same-category,https://cloudconvert.com/image-converter
980,heic,tif,"heic to tif",TIER-2,enumerated (heuristic order),,,image,image,same-category,https://cloudconvert.com/image-converter
981,heic,tiff,"heic to tiff",TIER-2,enumerated (heuristic order),,,image,image,same-category,https://cloudconvert.com/image-converter
989,icns,jpg,"icns to jpg",TIER-2,enumerated (heuristic order),,,image,image,same-category,https://cloudconvert.com/image-converter
990,icns,png,"icns to png",TIER-2,enumerated (heuristic order),,,image,image,same-category,https://cloudconvert.com/image-converter
991,jpeg,arw,"jpeg to arw",TIER-2,enumerated (heuristic order),,,image,image,same-category,https://cloudconvert.com/image-converter
994,jpeg,cr2,"jpeg to cr2",TIER-2,enumerated (heuristic order),,,image,image,same-category,https://cloudconvert.com/image-converter
995,jpeg,dng,"jpeg to dng",TIER-2,enumerated (heuristic order),,,image,image,same-category,https://cloudconvert.com/image-converter
996,jpeg,eps,"jpeg to eps",TIER-2,enumerated (heuristic order),,,image,image,same-category,https://cloudconvert.com/image-converter
997,jpeg,heif,"jpeg to heif",TIER-2,enumerated (heuristic order),,,image,image,same-category,https://cloudconvert.com/image-converter
999,jpeg,jfif,"jpeg to jfif",TIER-2,enumerated (heuristic order),,,image,image,same-category,https://cloudconvert.com/image-converter
1000,jpeg,nef,"jpeg to nef",TIER-2,enumerated (heuristic order),,,image,image,same-category,https://cloudconvert.com/image-converter
1001,jpeg,psd,"jpeg to psd",TIER-2,enumerated (heuristic order),,,image,image,same-category,https://cloudconvert.com/image-converter
1002,jpeg,raw,"jpeg to raw",TIER-2,enumerated (heuristic order),,,image,image,same-category,https://cloudconvert.com/image-converter
1003,jpeg,tif,"jpeg to tif",TIER-2,enumerated (heuristic order),,,image,image,same-category,https://cloudconvert.com/image-converter
1005,jpg,arw,"jpg to arw",TIER-2,enumerated (heuristic order),,,image,image,same-category,https://cloudconvert.com/image-converter
1008,jpg,cr2,"jpg to cr2",TIER-2,enumerated (heuristic order),,,image,image,same-category,https://cloudconvert.com/image-converter
1009,jpg,dng,"jpg to dng",TIER-2,enumerated (heuristic order),,,image,image,same-category,https://cloudconvert.com/image-converter
1010,jpg,eps,"jpg to eps",TIER-2,enumerated (heuristic order),,,image,image,same-category,https://cloudconvert.com/image-converter
1011,jpg,heif,"jpg to heif",TIER-2,enumerated (heuristic order),,,image,image,same-category,https://cloudconvert.com/image-converter
1013,jpg,jfif,"jpg to jfif",TIER-2,enumerated (heuristic order),,,image,image,same-category,https://cloudconvert.com/image-converter
1014,jpg,nef,"jpg to nef",TIER-2,enumerated (heuristic order),,,image,image,same-category,https://cloudconvert.com/image-converter
1015,jpg,psd,"jpg to psd",TIER-2,enumerated (heuristic order),,,image,image,same-category,https://cloudconvert.com/image-converter
1016,jpg,raw,"jpg to raw",TIER-2,enumerated (heuristic order),,,image,image,same-category,https://cloudconvert.com/image-converter
1017,jpg,tif,"jpg to tif",TIER-2,enumerated (heuristic order),,,image,image,same-category,https://cloudconvert.com/image-converter
1022,m2ts,mp4,"m2ts to mp4",TIER-2,enumerated (heuristic order),,,video,video,same-category,https://cloudconvert.com/mp4-converter
1023,m4a,aif,"m4a to aif",TIER-2,enumerated (heuristic order),,,audio,audio,same-category,https://cloudconvert.com/audio-converter
1025,m4a,oga,"m4a to oga",TIER-2,enumerated (heuristic order),,,audio,audio,same-category,https://cloudconvert.com/audio-converter
1027,m4a,opus,"m4a to opus",TIER-2,enumerated (heuristic order),,,audio,audio,same-category,https://cloudconvert.com/audio-converter
1028,m4a,wma,"m4a to wma",TIER-2,enumerated (heuristic order),,,audio,audio,same-category,https://cloudconvert.com/audio-converter
1029,m4b,mp3,"m4b to mp3",TIER-2,enumerated (heuristic order),,,audio,audio,same-category,https://cloudconvert.com/audio-converter
1030,mkv,3gp,"mkv to 3gp",TIER-2,enumerated (heuristic order),,,video,video,same-category,https://cloudconvert.com/mp4-converter
1031,mkv,flv,"mkv to flv",TIER-2,enumerated (heuristic order),,,video,video,same-category,https://cloudconvert.com/mp4-converter
1032,mkv,m4v,"mkv to m4v",TIER-2,enumerated (heuristic order),,,video,video,same-category,https://cloudconvert.com/mp4-converter
1033,mkv,mpeg,"mkv to mpeg",TIER-2,enumerated (heuristic order),,,video,video,same-category,https://cloudconvert.com/mp4-converter
1034,mkv,mpg,"mkv to mpg",TIER-2,enumerated (heuristic order),,,video,video,same-category,https://cloudconvert.com/mp4-converter
1035,mkv,ts,"mkv to ts",TIER-2,enumerated (heuristic order),,,video,video,same-category,https://cloudconvert.com/mp4-converter
1036,mkv,wmv,"mkv to wmv",TIER-2,enumerated (heuristic order),,,video,video,same-category,https://cloudconvert.com/mp4-converter
1042,mod,mp4,"mod to mp4",TIER-2,enumerated (heuristic order),,,video,video,same-category,https://cloudconvert.com/mp4-converter
1043,mos,jpg,"mos to jpg",TIER-2,enumerated (heuristic order),,,image,image,same-category,https://cloudconvert.com/image-converter
1044,mos,png,"mos to png",TIER-2,enumerated (heuristic order),,,image,image,same-category,https://cloudconvert.com/image-converter
1045,mov,3gp,"mov to 3gp",TIER-2,enumerated (heuristic order),,,video,video,same-category,https://cloudconvert.com/mp4-converter
1046,mov,flv,"mov to flv",TIER-2,enumerated (heuristic order),,,video,video,same-category,https://cloudconvert.com/mp4-converter
1047,mov,m4v,"mov to m4v",TIER-2,enumerated (heuristic order),,,video,video,same-category,https://cloudconvert.com/mp4-converter
1048,mov,mpeg,"mov to mpeg",TIER-2,enumerated (heuristic order),,,video,video,same-category,https://cloudconvert.com/mp4-converter
1049,mov,mpg,"mov to mpg",TIER-2,enumerated (heuristic order),,,video,video,same-category,https://cloudconvert.com/mp4-converter
1050,mov,ts,"mov to ts",TIER-2,enumerated (heuristic order),,,video,video,same-category,https://cloudconvert.com/mp4-converter
1051,mov,wmv,"mov to wmv",TIER-2,enumerated (heuristic order),,,video,video,same-category,https://cloudconvert.com/mp4-converter
1052,mp3,aif,"mp3 to aif",TIER-2,enumerated (heuristic order),,,audio,audio,same-category,https://cloudconvert.com/audio-converter
1054,mp3,oga,"mp3 to oga",TIER-2,enumerated (heuristic order),,,audio,audio,same-category,https://cloudconvert.com/audio-converter
1056,mp3,opus,"mp3 to opus",TIER-2,enumerated (heuristic order),,,audio,audio,same-category,https://cloudconvert.com/audio-converter
1057,mp3,wma,"mp3 to wma",TIER-2,enumerated (heuristic order),,,audio,audio,same-category,https://cloudconvert.com/audio-converter
1058,mp4,3gp,"mp4 to 3gp",TIER-2,enumerated (heuristic order),,,video,video,same-category,https://cloudconvert.com/mp4-converter
1059,mp4,flv,"mp4 to flv",TIER-2,enumerated (heuristic order),,,video,video,same-category,https://cloudconvert.com/mp4-converter
1060,mp4,m4v,"mp4 to m4v",TIER-2,enumerated (heuristic order),,,video,video,same-category,https://cloudconvert.com/mp4-converter
1061,mp4,mpeg,"mp4 to mpeg",TIER-2,enumerated (heuristic order),,,video,video,same-category,https://cloudconvert.com/mp4-converter
1062,mp4,mpg,"mp4 to mpg",TIER-2,enumerated (heuristic order),,,video,video,same-category,https://cloudconvert.com/mp4-converter
1063,mp4,ts,"mp4 to ts",TIER-2,enumerated (heuristic order),,,video,video,same-category,https://cloudconvert.com/mp4-converter
1064,mp4,wmv,"mp4 to wmv",TIER-2,enumerated (heuristic order),,,video,video,same-category,https://cloudconvert.com/mp4-converter
1065,mrw,jpg,"mrw to jpg",TIER-2,enumerated (heuristic order),,,image,image,same-category,https://cloudconvert.com/image-converter
1066,mrw,png,"mrw to png",TIER-2,enumerated (heuristic order),,,image,image,same-category,https://cloudconvert.com/image-converter
1067,mts,mp4,"mts to mp4",TIER-2,enumerated (heuristic order),,,video,video,same-category,https://cloudconvert.com/mp4-converter
1068,mxf,mp4,"mxf to mp4",TIER-2,enumerated (heuristic order),,,video,video,same-category,https://cloudconvert.com/mp4-converter
1069,odd,jpg,"odd to jpg",TIER-2,enumerated (heuristic order),,,image,image,same-category,https://cloudconvert.com/image-converter
1070,odd,png,"odd to png",TIER-2,enumerated (heuristic order),,,image,image,same-category,https://cloudconvert.com/image-converter
1071,odg,jpg,"odg to jpg",TIER-2,enumerated (heuristic order),,,image,image,same-category,https://cloudconvert.com/image-converter
1072,odg,png,"odg to png",TIER-2,enumerated (heuristic order),,,image,image,same-category,https://cloudconvert.com/image-converter
1074,ogv,mp4,"ogv to mp4",TIER-2,enumerated (heuristic order),,,video,video,same-category,https://cloudconvert.com/mp4-converter
1075,orf,jpg,"orf to jpg",TIER-2,enumerated (heuristic order),,,image,image,same-category,https://cloudconvert.com/image-converter
1076,orf,png,"orf to png",TIER-2,enumerated (heuristic order),,,image,image,same-category,https://cloudconvert.com/image-converter
1078,pef,jpg,"pef to jpg",TIER-2,enumerated (heuristic order),,,image,image,same-category,https://cloudconvert.com/image-converter
1079,pef,png,"pef to png",TIER-2,enumerated (heuristic order),,,image,image,same-category,https://cloudconvert.com/image-converter
1081,png,arw,"png to arw",TIER-2,enumerated (heuristic order),,,image,image,same-category,https://cloudconvert.com/image-converter
1084,png,cr2,"png to cr2",TIER-2,enumerated (heuristic order),,,image,image,same-category,https://cloudconvert.com/image-converter
1085,png,dng,"png to dng",TIER-2,enumerated (heuristic order),,,image,image,same-category,https://cloudconvert.com/image-converter
1086,png,eps,"png to eps",TIER-2,enumerated (heuristic order),,,image,image,same-category,https://cloudconvert.com/image-converter
1087,png,heif,"png to heif",TIER-2,enumerated (heuristic order),,,image,image,same-category,https://cloudconvert.com/image-converter
1089,png,jfif,"png to jfif",TIER-2,enumerated (heuristic order),,,image,image,same-category,https://cloudconvert.com/image-converter
1090,png,nef,"png to nef",TIER-2,enumerated (heuristic order),,,image,image,same-category,https://cloudconvert.com/image-converter
1091,png,psd,"png to psd",TIER-2,enumerated (heuristic order),,,image,image,same-category,https://cloudconvert.com/image-converter
1092,png,raw,"png to raw",TIER-2,enumerated (heuristic order),,,image,image,same-category,https://cloudconvert.com/image-converter
1093,png,tif,"png to tif",TIER-2,enumerated (heuristic order),,,image,image,same-category,https://cloudconvert.com/image-converter
1097,ppm,jpg,"ppm to jpg",TIER-2,enumerated (heuristic order),,,image,image,same-category,https://cloudconvert.com/image-converter
1098,ppm,png,"ppm to png",TIER-2,enumerated (heuristic order),,,image,image,same-category,https://cloudconvert.com/image-converter
1107,ps,jpg,"ps to jpg",TIER-2,enumerated (heuristic order),,,image,image,same-category,https://cloudconvert.com/image-converter
1108,ps,png,"ps to png",TIER-2,enumerated (heuristic order),,,image,image,same-category,https://cloudconvert.com/image-converter
1109,psb,jpg,"psb to jpg",TIER-2,enumerated (heuristic order),,,image,image,same-category,https://cloudconvert.com/image-converter
1110,psb,png,"psb to png",TIER-2,enumerated (heuristic order),,,image,image,same-category,https://cloudconvert.com/image-converter
1111,pub,jpg,"pub to jpg",TIER-2,enumerated (heuristic order),,,image,image,same-category,https://cloudconvert.com/image-converter
1112,pub,png,"pub to png",TIER-2,enumerated (heuristic order),,,image,image,same-category,https://cloudconvert.com/image-converter
1113,raf,jpg,"raf to jpg",TIER-2,enumerated (heuristic order),,,image,image,same-category,https://cloudconvert.com/image-converter
1114,raf,png,"raf to png",TIER-2,enumerated (heuristic order),,,image,image,same-category,https://cloudconvert.com/image-converter
1116,rm,mp4,"rm to mp4",TIER-2,enumerated (heuristic order),,,video,video,same-category,https://cloudconvert.com/mp4-converter
1117,rmvb,mp4,"rmvb to mp4",TIER-2,enumerated (heuristic order),,,video,video,same-category,https://cloudconvert.com/mp4-converter
1119,rw2,jpg,"rw2 to jpg",TIER-2,enumerated (heuristic order),,,image,image,same-category,https://cloudconvert.com/image-converter
1120,rw2,png,"rw2 to png",TIER-2,enumerated (heuristic order),,,image,image,same-category,https://cloudconvert.com/image-converter
1124,sf2,mp3,"sf2 to mp3",TIER-2,enumerated (heuristic order),,,audio,audio,same-category,https://cloudconvert.com/audio-converter
1125,sfark,mp3,"sfark to mp3",TIER-2,enumerated (heuristic order),,,audio,audio,same-category,https://cloudconvert.com/audio-converter
1127,svg,arw,"svg to arw",TIER-2,enumerated (heuristic order),,,image,image,same-category,https://cloudconvert.com/image-converter
1130,svg,cr2,"svg to cr2",TIER-2,enumerated (heuristic order),,,image,image,same-category,https://cloudconvert.com/image-converter
1131,svg,dng,"svg to dng",TIER-2,enumerated (heuristic order),,,image,image,same-category,https://cloudconvert.com/image-converter
1132,svg,eps,"svg to eps",TIER-2,enumerated (heuristic order),,,image,image,same-category,https://cloudconvert.com/image-converter
1133,svg,heif,"svg to heif",TIER-2,enumerated (heuristic order),,,image,image,same-category,https://cloudconvert.com/image-converter
1135,svg,jfif,"svg to jfif",TIER-2,enumerated (heuristic order),,,image,image,same-category,https://cloudconvert.com/image-converter
1136,svg,nef,"svg to nef",TIER-2,enumerated (heuristic order),,,image,image,same-category,https://cloudconvert.com/image-converter
1137,svg,psd,"svg to psd",TIER-2,enumerated (heuristic order),,,image,image,same-category,https://cloudconvert.com/image-converter
1138,svg,raw,"svg to raw",TIER-2,enumerated (heuristic order),,,image,image,same-category,https://cloudconvert.com/image-converter
1139,svg,tif,"svg to tif",TIER-2,enumerated (heuristic order),,,image,image,same-category,https://cloudconvert.com/image-converter
1141,swf,mp4,"swf to mp4",TIER-2,enumerated (heuristic order),,,video,video,same-category,https://cloudconvert.com/mp4-converter
1144,tga,jpg,"tga to jpg",TIER-2,enumerated (heuristic order),,,image,image,same-category,https://cloudconvert.com/image-converter
1145,tga,png,"tga to png",TIER-2,enumerated (heuristic order),,,image,image,same-category,https://cloudconvert.com/image-converter
1151,vob,mp4,"vob to mp4",TIER-2,enumerated (heuristic order),,,video,video,same-category,https://cloudconvert.com/mp4-converter
1152,voc,mp3,"voc to mp3",TIER-2,enumerated (heuristic order),,,audio,audio,same-category,https://cloudconvert.com/audio-converter
1153,wav,aif,"wav to aif",TIER-2,enumerated (heuristic order),,,audio,audio,same-category,https://cloudconvert.com/audio-converter
1155,wav,oga,"wav to oga",TIER-2,enumerated (heuristic order),,,audio,audio,same-category,https://cloudconvert.com/audio-converter
1157,wav,opus,"wav to opus",TIER-2,enumerated (heuristic order),,,audio,audio,same-category,https://cloudconvert.com/audio-converter
1158,wav,wma,"wav to wma",TIER-2,enumerated (heuristic order),,,audio,audio,same-category,https://cloudconvert.com/audio-converter
1159,weba,mp3,"weba to mp3",TIER-2,enumerated (heuristic order),,,audio,audio,same-category,https://cloudconvert.com/audio-converter
1160,webm,3gp,"webm to 3gp",TIER-2,enumerated (heuristic order),,,video,video,same-category,https://cloudconvert.com/mp4-converter
1161,webm,flv,"webm to flv",TIER-2,enumerated (heuristic order),,,video,video,same-category,https://cloudconvert.com/mp4-converter
1162,webm,m4v,"webm to m4v",TIER-2,enumerated (heuristic order),,,video,video,same-category,https://cloudconvert.com/mp4-converter
1163,webm,mpeg,"webm to mpeg",TIER-2,enumerated (heuristic order),,,video,video,same-category,https://cloudconvert.com/mp4-converter
1164,webm,mpg,"webm to mpg",TIER-2,enumerated (heuristic order),,,video,video,same-category,https://cloudconvert.com/mp4-converter
1165,webm,ts,"webm to ts",TIER-2,enumerated (heuristic order),,,video,video,same-category,https://cloudconvert.com/mp4-converter
1166,webm,wmv,"webm to wmv",TIER-2,enumerated (heuristic order),,,video,video,same-category,https://cloudconvert.com/mp4-converter
1167,webp,arw,"webp to arw",TIER-2,enumerated (heuristic order),,,image,image,same-category,https://cloudconvert.com/image-converter
1170,webp,cr2,"webp to cr2",TIER-2,enumerated (heuristic order),,,image,image,same-category,https://cloudconvert.com/image-converter
1171,webp,dng,"webp to dng",TIER-2,enumerated (heuristic order),,,image,image,same-category,https://cloudconvert.com/image-converter
1172,webp,eps,"webp to eps",TIER-2,enumerated (heuristic order),,,image,image,same-category,https://cloudconvert.com/image-converter
1173,webp,heif,"webp to heif",TIER-2,enumerated (heuristic order),,,image,image,same-category,https://cloudconvert.com/image-converter
1175,webp,jfif,"webp to jfif",TIER-2,enumerated (heuristic order),,,image,image,same-category,https://cloudconvert.com/image-converter
1176,webp,nef,"webp to nef",TIER-2,enumerated (heuristic order),,,image,image,same-category,https://cloudconvert.com/image-converter
1177,webp,psd,"webp to psd",TIER-2,enumerated (heuristic order),,,image,image,same-category,https://cloudconvert.com/image-converter
1178,webp,raw,"webp to raw",TIER-2,enumerated (heuristic order),,,image,image,same-category,https://cloudconvert.com/image-converter
1179,webp,tif,"webp to tif",TIER-2,enumerated (heuristic order),,,image,image,same-category,https://cloudconvert.com/image-converter
1183,wtv,mp4,"wtv to mp4",TIER-2,enumerated (heuristic order),,,video,video,same-category,https://cloudconvert.com/mp4-converter
1184,x3f,jpg,"x3f to jpg",TIER-2,enumerated (heuristic order),,,image,image,same-category,https://cloudconvert.com/image-converter
1185,x3f,png,"x3f to png",TIER-2,enumerated (heuristic order),,,image,image,same-category,https://cloudconvert.com/image-converter
1186,xcf,jpg,"xcf to jpg",TIER-2,enumerated (heuristic order),,,image,image,same-category,https://cloudconvert.com/image-converter
1187,xcf,png,"xcf to png",TIER-2,enumerated (heuristic order),,,image,image,same-category,https://cloudconvert.com/image-converter
1194,xps,jpg,"xps to jpg",TIER-2,enumerated (heuristic order),,,image,image,same-category,https://cloudconvert.com/image-converter
1195,xps,png,"xps to png",TIER-2,enumerated (heuristic order),,,image,image,same-category,https://cloudconvert.com/image-converter
1197,3gp,aac,"3gp to aac",TIER-2,enumerated (heuristic order),,,video,audio,cross-category,https://cloudconvert.com/mp4-converter
1198,3gp,flac,"3gp to flac",TIER-2,enumerated (heuristic order),,,video,audio,cross-category,https://cloudconvert.com/mp4-converter
1199,3gp,gif,"3gp to gif",TIER-2,enumerated (heuristic order),,,video,image,cross-category,https://cloudconvert.com/mp4-converter
1200,3gp,heic,"3gp to heic",TIER-2,enumerated (heuristic order),,,video,image,cross-category,https://cloudconvert.com/mp4-converter
1201,3gp,jpeg,"3gp to jpeg",TIER-2,enumerated (heuristic order),,,video,image,cross-category,https://cloudconvert.com/mp4-converter
1202,3gp,m4a,"3gp to m4a",TIER-2,enumerated (heuristic order),,,video,audio,cross-category,https://cloudconvert.com/mp4-converter
1203,3gp,svg,"3gp to svg",TIER-2,enumerated (heuristic order),,,video,image,cross-category,https://cloudconvert.com/mp4-converter
1204,3gp,wav,"3gp to wav",TIER-2,enumerated (heuristic order),,,video,audio,cross-category,https://cloudconvert.com/mp4-converter
1205,3gp,webp,"3gp to webp",TIER-2,enumerated (heuristic order),,,video,image,cross-category,https://cloudconvert.com/mp4-converter
1206,aif,avi,"aif to avi",TIER-2,enumerated (heuristic order),,,audio,video,cross-category,https://cloudconvert.com/audio-converter
1207,aif,mkv,"aif to mkv",TIER-2,enumerated (heuristic order),,,audio,video,cross-category,https://cloudconvert.com/audio-converter
1208,aif,mov,"aif to mov",TIER-2,enumerated (heuristic order),,,audio,video,cross-category,https://cloudconvert.com/audio-converter
1209,aif,webm,"aif to webm",TIER-2,enumerated (heuristic order),,,audio,video,cross-category,https://cloudconvert.com/audio-converter
1210,aiff,avi,"aiff to avi",TIER-2,enumerated (heuristic order),,,audio,video,cross-category,https://cloudconvert.com/audio-converter
1211,aiff,mkv,"aiff to mkv",TIER-2,enumerated (heuristic order),,,audio,video,cross-category,https://cloudconvert.com/audio-converter
1212,aiff,mov,"aiff to mov",TIER-2,enumerated (heuristic order),,,audio,video,cross-category,https://cloudconvert.com/audio-converter
1213,aiff,webm,"aiff to webm",TIER-2,enumerated (heuristic order),,,audio,video,cross-category,https://cloudconvert.com/audio-converter
1214,arw,ai,"arw to ai",TIER-2,enumerated (heuristic order),,,image,vector,cross-category,https://cloudconvert.com/image-converter
1215,arw,doc,"arw to doc",TIER-2,enumerated (heuristic order),,,image,document,cross-category,https://cloudconvert.com/image-converter
1216,arw,html,"arw to html",TIER-2,enumerated (heuristic order),,,image,document,cross-category,https://cloudconvert.com/image-converter
1217,arw,ppt,"arw to ppt",TIER-2,enumerated (heuristic order),,,image,presentation,cross-category,https://cloudconvert.com/image-converter
1218,arw,txt,"arw to txt",TIER-2,enumerated (heuristic order),,,image,document,cross-category,https://cloudconvert.com/image-converter
1219,avif,ai,"avif to ai",TIER-2,enumerated (heuristic order),,,image,vector,cross-category,https://cloudconvert.com/image-converter
1220,avif,doc,"avif to doc",TIER-2,enumerated (heuristic order),,,image,document,cross-category,https://cloudconvert.com/image-converter
1221,avif,html,"avif to html",TIER-2,enumerated (heuristic order),,,image,document,cross-category,https://cloudconvert.com/image-converter
1222,avif,ppt,"avif to ppt",TIER-2,enumerated (heuristic order),,,image,presentation,cross-category,https://cloudconvert.com/image-converter
1223,avif,txt,"avif to txt",TIER-2,enumerated (heuristic order),,,image,document,cross-category,https://cloudconvert.com/image-converter
1240,bmp,ai,"bmp to ai",TIER-2,enumerated (heuristic order),,,image,vector,cross-category,https://cloudconvert.com/image-converter
1241,bmp,doc,"bmp to doc",TIER-2,enumerated (heuristic order),,,image,document,cross-category,https://cloudconvert.com/image-converter
1242,bmp,html,"bmp to html",TIER-2,enumerated (heuristic order),,,image,document,cross-category,https://cloudconvert.com/image-converter
1243,bmp,ppt,"bmp to ppt",TIER-2,enumerated (heuristic order),,,image,presentation,cross-category,https://cloudconvert.com/image-converter
1244,bmp,txt,"bmp to txt",TIER-2,enumerated (heuristic order),,,image,document,cross-category,https://cloudconvert.com/image-converter
1269,cr2,ai,"cr2 to ai",TIER-2,enumerated (heuristic order),,,image,vector,cross-category,https://cloudconvert.com/image-converter
1270,cr2,doc,"cr2 to doc",TIER-2,enumerated (heuristic order),,,image,document,cross-category,https://cloudconvert.com/image-converter
1271,cr2,html,"cr2 to html",TIER-2,enumerated (heuristic order),,,image,document,cross-category,https://cloudconvert.com/image-converter
1272,cr2,ppt,"cr2 to ppt",TIER-2,enumerated (heuristic order),,,image,presentation,cross-category,https://cloudconvert.com/image-converter
1273,cr2,txt,"cr2 to txt",TIER-2,enumerated (heuristic order),,,image,document,cross-category,https://cloudconvert.com/image-converter
1274,dng,ai,"dng to ai",TIER-2,enumerated (heuristic order),,,image,vector,cross-category,https://cloudconvert.com/image-converter
1275,dng,doc,"dng to doc",TIER-2,enumerated (heuristic order),,,image,document,cross-category,https://cloudconvert.com/image-converter
1276,dng,html,"dng to html",TIER-2,enumerated (heuristic order),,,image,document,cross-category,https://cloudconvert.com/image-converter
1277,dng,ppt,"dng to ppt",TIER-2,enumerated (heuristic order),,,image,presentation,cross-category,https://cloudconvert.com/image-converter
1278,dng,txt,"dng to txt",TIER-2,enumerated (heuristic order),,,image,document,cross-category,https://cloudconvert.com/image-converter
1287,eps,ai,"eps to ai",TIER-2,enumerated (heuristic order),,,image,vector,cross-category,https://cloudconvert.com/image-converter
1288,eps,doc,"eps to doc",TIER-2,enumerated (heuristic order),,,image,document,cross-category,https://cloudconvert.com/image-converter
1289,eps,html,"eps to html",TIER-2,enumerated (heuristic order),,,image,document,cross-category,https://cloudconvert.com/image-converter
1290,eps,ppt,"eps to ppt",TIER-2,enumerated (heuristic order),,,image,presentation,cross-category,https://cloudconvert.com/image-converter
1291,eps,txt,"eps to txt",TIER-2,enumerated (heuristic order),,,image,document,cross-category,https://cloudconvert.com/image-converter
1300,flv,aac,"flv to aac",TIER-2,enumerated (heuristic order),,,video,audio,cross-category,https://cloudconvert.com/mp4-converter
1301,flv,flac,"flv to flac",TIER-2,enumerated (heuristic order),,,video,audio,cross-category,https://cloudconvert.com/mp4-converter
1302,flv,gif,"flv to gif",TIER-2,enumerated (heuristic order),,,video,image,cross-category,https://cloudconvert.com/mp4-converter
1303,flv,heic,"flv to heic",TIER-2,enumerated (heuristic order),,,video,image,cross-category,https://cloudconvert.com/mp4-converter
1304,flv,jpeg,"flv to jpeg",TIER-2,enumerated (heuristic order),,,video,image,cross-category,https://cloudconvert.com/mp4-converter
1305,flv,m4a,"flv to m4a",TIER-2,enumerated (heuristic order),,,video,audio,cross-category,https://cloudconvert.com/mp4-converter
1306,flv,svg,"flv to svg",TIER-2,enumerated (heuristic order),,,video,image,cross-category,https://cloudconvert.com/mp4-converter
1307,flv,wav,"flv to wav",TIER-2,enumerated (heuristic order),,,video,audio,cross-category,https://cloudconvert.com/mp4-converter
1308,flv,webp,"flv to webp",TIER-2,enumerated (heuristic order),,,video,image,cross-category,https://cloudconvert.com/mp4-converter
1309,heif,ai,"heif to ai",TIER-2,enumerated (heuristic order),,,image,vector,cross-category,https://cloudconvert.com/image-converter
1310,heif,doc,"heif to doc",TIER-2,enumerated (heuristic order),,,image,document,cross-category,https://cloudconvert.com/image-converter
1311,heif,html,"heif to html",TIER-2,enumerated (heuristic order),,,image,document,cross-category,https://cloudconvert.com/image-converter
1312,heif,ppt,"heif to ppt",TIER-2,enumerated (heuristic order),,,image,presentation,cross-category,https://cloudconvert.com/image-converter
1313,heif,txt,"heif to txt",TIER-2,enumerated (heuristic order),,,image,document,cross-category,https://cloudconvert.com/image-converter
1314,ico,ai,"ico to ai",TIER-2,enumerated (heuristic order),,,image,vector,cross-category,https://cloudconvert.com/image-converter
1315,ico,doc,"ico to doc",TIER-2,enumerated (heuristic order),,,image,document,cross-category,https://cloudconvert.com/image-converter
1316,ico,html,"ico to html",TIER-2,enumerated (heuristic order),,,image,document,cross-category,https://cloudconvert.com/image-converter
1317,ico,ppt,"ico to ppt",TIER-2,enumerated (heuristic order),,,image,presentation,cross-category,https://cloudconvert.com/image-converter
1318,ico,txt,"ico to txt",TIER-2,enumerated (heuristic order),,,image,document,cross-category,https://cloudconvert.com/image-converter
1319,jfif,ai,"jfif to ai",TIER-2,enumerated (heuristic order),,,image,vector,cross-category,https://cloudconvert.com/image-converter
1320,jfif,doc,"jfif to doc",TIER-2,enumerated (heuristic order),,,image,document,cross-category,https://cloudconvert.com/image-converter
1321,jfif,html,"jfif to html",TIER-2,enumerated (heuristic order),,,image,document,cross-category,https://cloudconvert.com/image-converter
1322,jfif,ppt,"jfif to ppt",TIER-2,enumerated (heuristic order),,,image,presentation,cross-category,https://cloudconvert.com/image-converter
1323,jfif,txt,"jfif to txt",TIER-2,enumerated (heuristic order),,,image,document,cross-category,https://cloudconvert.com/image-converter
1332,m4v,aac,"m4v to aac",TIER-2,enumerated (heuristic order),,,video,audio,cross-category,https://cloudconvert.com/mp4-converter
1333,m4v,flac,"m4v to flac",TIER-2,enumerated (heuristic order),,,video,audio,cross-category,https://cloudconvert.com/mp4-converter
1334,m4v,gif,"m4v to gif",TIER-2,enumerated (heuristic order),,,video,image,cross-category,https://cloudconvert.com/mp4-converter
1335,m4v,heic,"m4v to heic",TIER-2,enumerated (heuristic order),,,video,image,cross-category,https://cloudconvert.com/mp4-converter
1336,m4v,jpeg,"m4v to jpeg",TIER-2,enumerated (heuristic order),,,video,image,cross-category,https://cloudconvert.com/mp4-converter
1337,m4v,m4a,"m4v to m4a",TIER-2,enumerated (heuristic order),,,video,audio,cross-category,https://cloudconvert.com/mp4-converter
1338,m4v,svg,"m4v to svg",TIER-2,enumerated (heuristic order),,,video,image,cross-category,https://cloudconvert.com/mp4-converter
1339,m4v,wav,"m4v to wav",TIER-2,enumerated (heuristic order),,,video,audio,cross-category,https://cloudconvert.com/mp4-converter
1340,m4v,webp,"m4v to webp",TIER-2,enumerated (heuristic order),,,video,image,cross-category,https://cloudconvert.com/mp4-converter
1348,mpeg,aac,"mpeg to aac",TIER-2,enumerated (heuristic order),,,video,audio,cross-category,https://cloudconvert.com/mp4-converter
1349,mpeg,flac,"mpeg to flac",TIER-2,enumerated (heuristic order),,,video,audio,cross-category,https://cloudconvert.com/mp4-converter
1350,mpeg,gif,"mpeg to gif",TIER-2,enumerated (heuristic order),,,video,image,cross-category,https://cloudconvert.com/mp4-converter
1351,mpeg,heic,"mpeg to heic",TIER-2,enumerated (heuristic order),,,video,image,cross-category,https://cloudconvert.com/mp4-converter
1352,mpeg,jpeg,"mpeg to jpeg",TIER-2,enumerated (heuristic order),,,video,image,cross-category,https://cloudconvert.com/mp4-converter
1353,mpeg,m4a,"mpeg to m4a",TIER-2,enumerated (heuristic order),,,video,audio,cross-category,https://cloudconvert.com/mp4-converter
1354,mpeg,svg,"mpeg to svg",TIER-2,enumerated (heuristic order),,,video,image,cross-category,https://cloudconvert.com/mp4-converter
1355,mpeg,wav,"mpeg to wav",TIER-2,enumerated (heuristic order),,,video,audio,cross-category,https://cloudconvert.com/mp4-converter
1356,mpeg,webp,"mpeg to webp",TIER-2,enumerated (heuristic order),,,video,image,cross-category,https://cloudconvert.com/mp4-converter
1357,mpg,aac,"mpg to aac",TIER-2,enumerated (heuristic order),,,video,audio,cross-category,https://cloudconvert.com/mp4-converter
1358,mpg,flac,"mpg to flac",TIER-2,enumerated (heuristic order),,,video,audio,cross-category,https://cloudconvert.com/mp4-converter
1359,mpg,gif,"mpg to gif",TIER-2,enumerated (heuristic order),,,video,image,cross-category,https://cloudconvert.com/mp4-converter
1360,mpg,heic,"mpg to heic",TIER-2,enumerated (heuristic order),,,video,image,cross-category,https://cloudconvert.com/mp4-converter
1361,mpg,jpeg,"mpg to jpeg",TIER-2,enumerated (heuristic order),,,video,image,cross-category,https://cloudconvert.com/mp4-converter
1362,mpg,m4a,"mpg to m4a",TIER-2,enumerated (heuristic order),,,video,audio,cross-category,https://cloudconvert.com/mp4-converter
1363,mpg,svg,"mpg to svg",TIER-2,enumerated (heuristic order),,,video,image,cross-category,https://cloudconvert.com/mp4-converter
1364,mpg,wav,"mpg to wav",TIER-2,enumerated (heuristic order),,,video,audio,cross-category,https://cloudconvert.com/mp4-converter
1365,mpg,webp,"mpg to webp",TIER-2,enumerated (heuristic order),,,video,image,cross-category,https://cloudconvert.com/mp4-converter
1366,nef,ai,"nef to ai",TIER-2,enumerated (heuristic order),,,image,vector,cross-category,https://cloudconvert.com/image-converter
1367,nef,doc,"nef to doc",TIER-2,enumerated (heuristic order),,,image,document,cross-category,https://cloudconvert.com/image-converter
1368,nef,html,"nef to html",TIER-2,enumerated (heuristic order),,,image,document,cross-category,https://cloudconvert.com/image-converter
1369,nef,ppt,"nef to ppt",TIER-2,enumerated (heuristic order),,,image,presentation,cross-category,https://cloudconvert.com/image-converter
1370,nef,txt,"nef to txt",TIER-2,enumerated (heuristic order),,,image,document,cross-category,https://cloudconvert.com/image-converter
1402,oga,avi,"oga to avi",TIER-2,enumerated (heuristic order),,,audio,video,cross-category,https://cloudconvert.com/audio-converter
1403,oga,mkv,"oga to mkv",TIER-2,enumerated (heuristic order),,,audio,video,cross-category,https://cloudconvert.com/audio-converter
1404,oga,mov,"oga to mov",TIER-2,enumerated (heuristic order),,,audio,video,cross-category,https://cloudconvert.com/audio-converter
1405,oga,webm,"oga to webm",TIER-2,enumerated (heuristic order),,,audio,video,cross-category,https://cloudconvert.com/audio-converter
1406,ogg,avi,"ogg to avi",TIER-2,enumerated (heuristic order),,,audio,video,cross-category,https://cloudconvert.com/audio-converter
1407,ogg,mkv,"ogg to mkv",TIER-2,enumerated (heuristic order),,,audio,video,cross-category,https://cloudconvert.com/audio-converter
1408,ogg,mov,"ogg to mov",TIER-2,enumerated (heuristic order),,,audio,video,cross-category,https://cloudconvert.com/audio-converter
1409,ogg,webm,"ogg to webm",TIER-2,enumerated (heuristic order),,,audio,video,cross-category,https://cloudconvert.com/audio-converter
1410,opus,avi,"opus to avi",TIER-2,enumerated (heuristic order),,,audio,video,cross-category,https://cloudconvert.com/audio-converter
1411,opus,mkv,"opus to mkv",TIER-2,enumerated (heuristic order),,,audio,video,cross-category,https://cloudconvert.com/audio-converter
1412,opus,mov,"opus to mov",TIER-2,enumerated (heuristic order),,,audio,video,cross-category,https://cloudconvert.com/audio-converter
1413,opus,webm,"opus to webm",TIER-2,enumerated (heuristic order),,,audio,video,cross-category,https://cloudconvert.com/audio-converter
1464,psd,ai,"psd to ai",TIER-2,enumerated (heuristic order),,,image,vector,cross-category,https://cloudconvert.com/image-converter
1465,psd,doc,"psd to doc",TIER-2,enumerated (heuristic order),,,image,document,cross-category,https://cloudconvert.com/image-converter
1466,psd,html,"psd to html",TIER-2,enumerated (heuristic order),,,image,document,cross-category,https://cloudconvert.com/image-converter
1467,psd,ppt,"psd to ppt",TIER-2,enumerated (heuristic order),,,image,presentation,cross-category,https://cloudconvert.com/image-converter
1468,psd,txt,"psd to txt",TIER-2,enumerated (heuristic order),,,image,document,cross-category,https://cloudconvert.com/image-converter
1469,raw,ai,"raw to ai",TIER-2,enumerated (heuristic order),,,image,vector,cross-category,https://cloudconvert.com/image-converter
1470,raw,doc,"raw to doc",TIER-2,enumerated (heuristic order),,,image,document,cross-category,https://cloudconvert.com/image-converter
1471,raw,html,"raw to html",TIER-2,enumerated (heuristic order),,,image,document,cross-category,https://cloudconvert.com/image-converter
1472,raw,ppt,"raw to ppt",TIER-2,enumerated (heuristic order),,,image,presentation,cross-category,https://cloudconvert.com/image-converter
1473,raw,txt,"raw to txt",TIER-2,enumerated (heuristic order),,,image,document,cross-category,https://cloudconvert.com/image-converter
1481,tif,ai,"tif to ai",TIER-2,enumerated (heuristic order),,,image,vector,cross-category,https://cloudconvert.com/image-converter
1482,tif,doc,"tif to doc",TIER-2,enumerated (heuristic order),,,image,document,cross-category,https://cloudconvert.com/image-converter
1483,tif,html,"tif to html",TIER-2,enumerated (heuristic order),,,image,document,cross-category,https://cloudconvert.com/image-converter
1484,tif,ppt,"tif to ppt",TIER-2,enumerated (heuristic order),,,image,presentation,cross-category,https://cloudconvert.com/image-converter
1485,tif,txt,"tif to txt",TIER-2,enumerated (heuristic order),,,image,document,cross-category,https://cloudconvert.com/image-converter
1486,tiff,ai,"tiff to ai",TIER-2,enumerated (heuristic order),,,image,vector,cross-category,https://cloudconvert.com/image-converter
1487,tiff,doc,"tiff to doc",TIER-2,enumerated (heuristic order),,,image,document,cross-category,https://cloudconvert.com/image-converter
1488,tiff,html,"tiff to html",TIER-2,enumerated (heuristic order),,,image,document,cross-category,https://cloudconvert.com/image-converter
1489,tiff,ppt,"tiff to ppt",TIER-2,enumerated (heuristic order),,,image,presentation,cross-category,https://cloudconvert.com/image-converter
1490,tiff,txt,"tiff to txt",TIER-2,enumerated (heuristic order),,,image,document,cross-category,https://cloudconvert.com/image-converter
1491,ts,aac,"ts to aac",TIER-2,enumerated (heuristic order),,,video,audio,cross-category,https://cloudconvert.com/mp4-converter
1492,ts,flac,"ts to flac",TIER-2,enumerated (heuristic order),,,video,audio,cross-category,https://cloudconvert.com/mp4-converter
1493,ts,gif,"ts to gif",TIER-2,enumerated (heuristic order),,,video,image,cross-category,https://cloudconvert.com/mp4-converter
1494,ts,heic,"ts to heic",TIER-2,enumerated (heuristic order),,,video,image,cross-category,https://cloudconvert.com/mp4-converter
1495,ts,jpeg,"ts to jpeg",TIER-2,enumerated (heuristic order),,,video,image,cross-category,https://cloudconvert.com/mp4-converter
1496,ts,m4a,"ts to m4a",TIER-2,enumerated (heuristic order),,,video,audio,cross-category,https://cloudconvert.com/mp4-converter
1497,ts,svg,"ts to svg",TIER-2,enumerated (heuristic order),,,video,image,cross-category,https://cloudconvert.com/mp4-converter
1498,ts,wav,"ts to wav",TIER-2,enumerated (heuristic order),,,video,audio,cross-category,https://cloudconvert.com/mp4-converter
1499,ts,webp,"ts to webp",TIER-2,enumerated (heuristic order),,,video,image,cross-category,https://cloudconvert.com/mp4-converter
1500,wma,avi,"wma to avi",TIER-2,enumerated (heuristic order),,,audio,video,cross-category,https://cloudconvert.com/audio-converter
1501,wma,mkv,"wma to mkv",TIER-2,enumerated (heuristic order),,,audio,video,cross-category,https://cloudconvert.com/audio-converter
1502,wma,mov,"wma to mov",TIER-2,enumerated (heuristic order),,,audio,video,cross-category,https://cloudconvert.com/audio-converter
1503,wma,webm,"wma to webm",TIER-2,enumerated (heuristic order),,,audio,video,cross-category,https://cloudconvert.com/audio-converter
1504,wmv,aac,"wmv to aac",TIER-2,enumerated (heuristic order),,,video,audio,cross-category,https://cloudconvert.com/mp4-converter
1505,wmv,flac,"wmv to flac",TIER-2,enumerated (heuristic order),,,video,audio,cross-category,https://cloudconvert.com/mp4-converter
1506,wmv,gif,"wmv to gif",TIER-2,enumerated (heuristic order),,,video,image,cross-category,https://cloudconvert.com/mp4-converter
1507,wmv,heic,"wmv to heic",TIER-2,enumerated (heuristic order),,,video,image,cross-category,https://cloudconvert.com/mp4-converter
1508,wmv,jpeg,"wmv to jpeg",TIER-2,enumerated (heuristic order),,,video,image,cross-category,https://cloudconvert.com/mp4-converter
1509,wmv,m4a,"wmv to m4a",TIER-2,enumerated (heuristic order),,,video,audio,cross-category,https://cloudconvert.com/mp4-converter
1510,wmv,svg,"wmv to svg",TIER-2,enumerated (heuristic order),,,video,image,cross-category,https://cloudconvert.com/mp4-converter
1511,wmv,wav,"wmv to wav",TIER-2,enumerated (heuristic order),,,video,audio,cross-category,https://cloudconvert.com/mp4-converter
1512,wmv,webp,"wmv to webp",TIER-2,enumerated (heuristic order),,,video,image,cross-category,https://cloudconvert.com/mp4-converter
1521,3fr,docx,"3fr to docx",TIER-2,enumerated (heuristic order),,,image,document,cross-category,https://cloudconvert.com/image-converter
1522,3fr,pptx,"3fr to pptx",TIER-2,enumerated (heuristic order),,,image,presentation,cross-category,https://cloudconvert.com/image-converter
1523,3g2,jpg,"3g2 to jpg",TIER-2,enumerated (heuristic order),,,video,image,cross-category,https://cloudconvert.com/mp4-converter
1524,3g2,mp3,"3g2 to mp3",TIER-2,enumerated (heuristic order),,,video,audio,cross-category,https://cloudconvert.com/mp4-converter
1525,3g2,png,"3g2 to png",TIER-2,enumerated (heuristic order),,,video,image,cross-category,https://cloudconvert.com/mp4-converter
1526,3gpp,jpg,"3gpp to jpg",TIER-2,enumerated (heuristic order),,,video,image,cross-category,https://cloudconvert.com/mp4-converter
1527,3gpp,mp3,"3gpp to mp3",TIER-2,enumerated (heuristic order),,,video,audio,cross-category,https://cloudconvert.com/mp4-converter
1528,3gpp,png,"3gpp to png",TIER-2,enumerated (heuristic order),,,video,image,cross-category,https://cloudconvert.com/mp4-converter
1529,aac,3gp,"aac to 3gp",TIER-2,enumerated (heuristic order),,,audio,video,cross-category,https://cloudconvert.com/audio-converter
1530,aac,flv,"aac to flv",TIER-2,enumerated (heuristic order),,,audio,video,cross-category,https://cloudconvert.com/audio-converter
1531,aac,m4v,"aac to m4v",TIER-2,enumerated (heuristic order),,,audio,video,cross-category,https://cloudconvert.com/audio-converter
1532,aac,mpeg,"aac to mpeg",TIER-2,enumerated (heuristic order),,,audio,video,cross-category,https://cloudconvert.com/audio-converter
1533,aac,mpg,"aac to mpg",TIER-2,enumerated (heuristic order),,,audio,video,cross-category,https://cloudconvert.com/audio-converter
1534,aac,ts,"aac to ts",TIER-2,enumerated (heuristic order),,,audio,video,cross-category,https://cloudconvert.com/audio-converter
1535,aac,wmv,"aac to wmv",TIER-2,enumerated (heuristic order),,,audio,video,cross-category,https://cloudconvert.com/audio-converter
1540,ac3,mp4,"ac3 to mp4",TIER-2,enumerated (heuristic order),,,audio,video,cross-category,https://cloudconvert.com/audio-converter
1559,amr,mp4,"amr to mp4",TIER-2,enumerated (heuristic order),,,audio,video,cross-category,https://cloudconvert.com/audio-converter
1560,au,mp4,"au to mp4",TIER-2,enumerated (heuristic order),,,audio,video,cross-category,https://cloudconvert.com/audio-converter
1561,avi,aif,"avi to aif",TIER-2,enumerated (heuristic order),,,video,audio,cross-category,https://cloudconvert.com/mp4-converter
1562,avi,aiff,"avi to aiff",TIER-2,enumerated (heuristic order),,,video,audio,cross-category,https://cloudconvert.com/mp4-converter
1563,avi,arw,"avi to arw",TIER-2,enumerated (heuristic order),,,video,image,cross-category,https://cloudconvert.com/mp4-converter
1564,avi,avif,"avi to avif",TIER-2,enumerated (heuristic order),,,video,image,cross-category,https://cloudconvert.com/mp4-converter
1565,avi,bmp,"avi to bmp",TIER-2,enumerated (heuristic order),,,video,image,cross-category,https://cloudconvert.com/mp4-converter
1566,avi,cr2,"avi to cr2",TIER-2,enumerated (heuristic order),,,video,image,cross-category,https://cloudconvert.com/mp4-converter
1567,avi,dng,"avi to dng",TIER-2,enumerated (heuristic order),,,video,image,cross-category,https://cloudconvert.com/mp4-converter
1568,avi,eps,"avi to eps",TIER-2,enumerated (heuristic order),,,video,image,cross-category,https://cloudconvert.com/mp4-converter
1569,avi,heif,"avi to heif",TIER-2,enumerated (heuristic order),,,video,image,cross-category,https://cloudconvert.com/mp4-converter
1570,avi,ico,"avi to ico",TIER-2,enumerated (heuristic order),,,video,image,cross-category,https://cloudconvert.com/mp4-converter
1571,avi,jfif,"avi to jfif",TIER-2,enumerated (heuristic order),,,video,image,cross-category,https://cloudconvert.com/mp4-converter
1572,avi,nef,"avi to nef",TIER-2,enumerated (heuristic order),,,video,image,cross-category,https://cloudconvert.com/mp4-converter
1573,avi,oga,"avi to oga",TIER-2,enumerated (heuristic order),,,video,audio,cross-category,https://cloudconvert.com/mp4-converter
1574,avi,ogg,"avi to ogg",TIER-2,enumerated (heuristic order),,,video,audio,cross-category,https://cloudconvert.com/mp4-converter
1575,avi,opus,"avi to opus",TIER-2,enumerated (heuristic order),,,video,audio,cross-category,https://cloudconvert.com/mp4-converter
1576,avi,psd,"avi to psd",TIER-2,enumerated (heuristic order),,,video,image,cross-category,https://cloudconvert.com/mp4-converter
1577,avi,raw,"avi to raw",TIER-2,enumerated (heuristic order),,,video,image,cross-category,https://cloudconvert.com/mp4-converter
1578,avi,tif,"avi to tif",TIER-2,enumerated (heuristic order),,,video,image,cross-category,https://cloudconvert.com/mp4-converter
1579,avi,tiff,"avi to tiff",TIER-2,enumerated (heuristic order),,,video,image,cross-category,https://cloudconvert.com/mp4-converter
1580,avi,wma,"avi to wma",TIER-2,enumerated (heuristic order),,,video,audio,cross-category,https://cloudconvert.com/mp4-converter
1584,caf,mp4,"caf to mp4",TIER-2,enumerated (heuristic order),,,audio,video,cross-category,https://cloudconvert.com/audio-converter
1585,cavs,jpg,"cavs to jpg",TIER-2,enumerated (heuristic order),,,video,image,cross-category,https://cloudconvert.com/mp4-converter
1586,cavs,mp3,"cavs to mp3",TIER-2,enumerated (heuristic order),,,video,audio,cross-category,https://cloudconvert.com/mp4-converter
1587,cavs,png,"cavs to png",TIER-2,enumerated (heuristic order),,,video,image,cross-category,https://cloudconvert.com/mp4-converter
1597,cr3,docx,"cr3 to docx",TIER-2,enumerated (heuristic order),,,image,document,cross-category,https://cloudconvert.com/image-converter
1598,cr3,pptx,"cr3 to pptx",TIER-2,enumerated (heuristic order),,,image,presentation,cross-category,https://cloudconvert.com/image-converter
1599,crw,docx,"crw to docx",TIER-2,enumerated (heuristic order),,,image,document,cross-category,https://cloudconvert.com/image-converter
1600,crw,pptx,"crw to pptx",TIER-2,enumerated (heuristic order),,,image,presentation,cross-category,https://cloudconvert.com/image-converter
1619,dcr,docx,"dcr to docx",TIER-2,enumerated (heuristic order),,,image,document,cross-category,https://cloudconvert.com/image-converter
1620,dcr,pptx,"dcr to pptx",TIER-2,enumerated (heuristic order),,,image,presentation,cross-category,https://cloudconvert.com/image-converter
1682,dss,mp4,"dss to mp4",TIER-2,enumerated (heuristic order),,,audio,video,cross-category,https://cloudconvert.com/audio-converter
1683,dv,jpg,"dv to jpg",TIER-2,enumerated (heuristic order),,,video,image,cross-category,https://cloudconvert.com/mp4-converter
1684,dv,mp3,"dv to mp3",TIER-2,enumerated (heuristic order),,,video,audio,cross-category,https://cloudconvert.com/mp4-converter
1685,dv,png,"dv to png",TIER-2,enumerated (heuristic order),,,video,image,cross-category,https://cloudconvert.com/mp4-converter
1686,dvr,jpg,"dvr to jpg",TIER-2,enumerated (heuristic order),,,video,image,cross-category,https://cloudconvert.com/mp4-converter
1687,dvr,mp3,"dvr to mp3",TIER-2,enumerated (heuristic order),,,video,audio,cross-category,https://cloudconvert.com/mp4-converter
1688,dvr,png,"dvr to png",TIER-2,enumerated (heuristic order),,,video,image,cross-category,https://cloudconvert.com/mp4-converter
1710,erf,docx,"erf to docx",TIER-2,enumerated (heuristic order),,,image,document,cross-category,https://cloudconvert.com/image-converter
1711,erf,pptx,"erf to pptx",TIER-2,enumerated (heuristic order),,,image,presentation,cross-category,https://cloudconvert.com/image-converter
1715,flac,3gp,"flac to 3gp",TIER-2,enumerated (heuristic order),,,audio,video,cross-category,https://cloudconvert.com/audio-converter
1716,flac,flv,"flac to flv",TIER-2,enumerated (heuristic order),,,audio,video,cross-category,https://cloudconvert.com/audio-converter
1717,flac,m4v,"flac to m4v",TIER-2,enumerated (heuristic order),,,audio,video,cross-category,https://cloudconvert.com/audio-converter
1718,flac,mpeg,"flac to mpeg",TIER-2,enumerated (heuristic order),,,audio,video,cross-category,https://cloudconvert.com/audio-converter
1719,flac,mpg,"flac to mpg",TIER-2,enumerated (heuristic order),,,audio,video,cross-category,https://cloudconvert.com/audio-converter
1720,flac,ts,"flac to ts",TIER-2,enumerated (heuristic order),,,audio,video,cross-category,https://cloudconvert.com/audio-converter
1721,flac,wmv,"flac to wmv",TIER-2,enumerated (heuristic order),,,audio,video,cross-category,https://cloudconvert.com/audio-converter
1722,gif,cdr,"gif to cdr",TIER-2,enumerated (heuristic order),,,image,vector,cross-category,https://cloudconvert.com/image-converter
1723,gif,dxf,"gif to dxf",TIER-2,enumerated (heuristic order),,,image,vector,cross-category,https://cloudconvert.com/image-converter
1724,gif,key,"gif to key",TIER-2,enumerated (heuristic order),,,image,presentation,cross-category,https://cloudconvert.com/image-converter
1725,gif,md,"gif to md",TIER-2,enumerated (heuristic order),,,image,document,cross-category,https://cloudconvert.com/image-converter
1726,gif,odp,"gif to odp",TIER-2,enumerated (heuristic order),,,image,presentation,cross-category,https://cloudconvert.com/image-converter
1727,gif,odt,"gif to odt",TIER-2,enumerated (heuristic order),,,image,document,cross-category,https://cloudconvert.com/image-converter
1728,gif,pages,"gif to pages",TIER-2,enumerated (heuristic order),,,image,document,cross-category,https://cloudconvert.com/image-converter
1729,gif,rtf,"gif to rtf",TIER-2,enumerated (heuristic order),,,image,document,cross-category,https://cloudconvert.com/image-converter
1730,heic,cdr,"heic to cdr",TIER-2,enumerated (heuristic order),,,image,vector,cross-category,https://cloudconvert.com/image-converter
1731,heic,dxf,"heic to dxf",TIER-2,enumerated (heuristic order),,,image,vector,cross-category,https://cloudconvert.com/image-converter
1732,heic,key,"heic to key",TIER-2,enumerated (heuristic order),,,image,presentation,cross-category,https://cloudconvert.com/image-converter
1733,heic,md,"heic to md",TIER-2,enumerated (heuristic order),,,image,document,cross-category,https://cloudconvert.com/image-converter
1734,heic,odp,"heic to odp",TIER-2,enumerated (heuristic order),,,image,presentation,cross-category,https://cloudconvert.com/image-converter
1735,heic,odt,"heic to odt",TIER-2,enumerated (heuristic order),,,image,document,cross-category,https://cloudconvert.com/image-converter
1736,heic,pages,"heic to pages",TIER-2,enumerated (heuristic order),,,image,document,cross-category,https://cloudconvert.com/image-converter
1737,heic,rtf,"heic to rtf",TIER-2,enumerated (heuristic order),,,image,document,cross-category,https://cloudconvert.com/image-converter
1770,icns,docx,"icns to docx",TIER-2,enumerated (heuristic order),,,image,document,cross-category,https://cloudconvert.com/image-converter
1771,icns,pptx,"icns to pptx",TIER-2,enumerated (heuristic order),,,image,presentation,cross-category,https://cloudconvert.com/image-converter
1772,jpeg,cdr,"jpeg to cdr",TIER-2,enumerated (heuristic order),,,image,vector,cross-category,https://cloudconvert.com/image-converter
1773,jpeg,dxf,"jpeg to dxf",TIER-2,enumerated (heuristic order),,,image,vector,cross-category,https://cloudconvert.com/image-converter
1774,jpeg,key,"jpeg to key",TIER-2,enumerated (heuristic order),,,image,presentation,cross-category,https://cloudconvert.com/image-converter
1775,jpeg,md,"jpeg to md",TIER-2,enumerated (heuristic order),,,image,document,cross-category,https://cloudconvert.com/image-converter
1776,jpeg,odp,"jpeg to odp",TIER-2,enumerated (heuristic order),,,image,presentation,cross-category,https://cloudconvert.com/image-converter
1777,jpeg,odt,"jpeg to odt",TIER-2,enumerated (heuristic order),,,image,document,cross-category,https://cloudconvert.com/image-converter
1778,jpeg,pages,"jpeg to pages",TIER-2,enumerated (heuristic order),,,image,document,cross-category,https://cloudconvert.com/image-converter
1779,jpeg,rtf,"jpeg to rtf",TIER-2,enumerated (heuristic order),,,image,document,cross-category,https://cloudconvert.com/image-converter
1780,jpg,cdr,"jpg to cdr",TIER-2,enumerated (heuristic order),,,image,vector,cross-category,https://cloudconvert.com/image-converter
1781,jpg,dxf,"jpg to dxf",TIER-2,enumerated (heuristic order),,,image,vector,cross-category,https://cloudconvert.com/image-converter
1782,jpg,key,"jpg to key",TIER-2,enumerated (heuristic order),,,image,presentation,cross-category,https://cloudconvert.com/image-converter
1783,jpg,md,"jpg to md",TIER-2,enumerated (heuristic order),,,image,document,cross-category,https://cloudconvert.com/image-converter
1784,jpg,odp,"jpg to odp",TIER-2,enumerated (heuristic order),,,image,presentation,cross-category,https://cloudconvert.com/image-converter
1785,jpg,odt,"jpg to odt",TIER-2,enumerated (heuristic order),,,image,document,cross-category,https://cloudconvert.com/image-converter
1786,jpg,pages,"jpg to pages",TIER-2,enumerated (heuristic order),,,image,document,cross-category,https://cloudconvert.com/image-converter
1787,jpg,rtf,"jpg to rtf",TIER-2,enumerated (heuristic order),,,image,document,cross-category,https://cloudconvert.com/image-converter
1798,m2ts,jpg,"m2ts to jpg",TIER-2,enumerated (heuristic order),,,video,image,cross-category,https://cloudconvert.com/mp4-converter
1799,m2ts,mp3,"m2ts to mp3",TIER-2,enumerated (heuristic order),,,video,audio,cross-category,https://cloudconvert.com/mp4-converter
1800,m2ts,png,"m2ts to png",TIER-2,enumerated (heuristic order),,,video,image,cross-category,https://cloudconvert.com/mp4-converter
1801,m4a,3gp,"m4a to 3gp",TIER-2,enumerated (heuristic order),,,audio,video,cross-category,https://cloudconvert.com/audio-converter
1802,m4a,flv,"m4a to flv",TIER-2,enumerated (heuristic order),,,audio,video,cross-category,https://cloudconvert.com/audio-converter
1803,m4a,m4v,"m4a to m4v",TIER-2,enumerated (heuristic order),,,audio,video,cross-category,https://cloudconvert.com/audio-converter
1804,m4a,mpeg,"m4a to mpeg",TIER-2,enumerated (heuristic order),,,audio,video,cross-category,https://cloudconvert.com/audio-converter
1805,m4a,mpg,"m4a to mpg",TIER-2,enumerated (heuristic order),,,audio,video,cross-category,https://cloudconvert.com/audio-converter
1806,m4a,ts,"m4a to ts",TIER-2,enumerated (heuristic order),,,audio,video,cross-category,https://cloudconvert.com/audio-converter
1807,m4a,wmv,"m4a to wmv",TIER-2,enumerated (heuristic order),,,audio,video,cross-category,https://cloudconvert.com/audio-converter
1808,m4b,mp4,"m4b to mp4",TIER-2,enumerated (heuristic order),,,audio,video,cross-category,https://cloudconvert.com/audio-converter
1809,mkv,aif,"mkv to aif",TIER-2,enumerated (heuristic order),,,video,audio,cross-category,https://cloudconvert.com/mp4-converter
1810,mkv,aiff,"mkv to aiff",TIER-2,enumerated (heuristic order),,,video,audio,cross-category,https://cloudconvert.com/mp4-converter
1811,mkv,arw,"mkv to arw",TIER-2,enumerated (heuristic order),,,video,image,cross-category,https://cloudconvert.com/mp4-converter
1812,mkv,avif,"mkv to avif",TIER-2,enumerated (heuristic order),,,video,image,cross-category,https://cloudconvert.com/mp4-converter
1813,mkv,bmp,"mkv to bmp",TIER-2,enumerated (heuristic order),,,video,image,cross-category,https://cloudconvert.com/mp4-converter
1814,mkv,cr2,"mkv to cr2",TIER-2,enumerated (heuristic order),,,video,image,cross-category,https://cloudconvert.com/mp4-converter
1815,mkv,dng,"mkv to dng",TIER-2,enumerated (heuristic order),,,video,image,cross-category,https://cloudconvert.com/mp4-converter
1816,mkv,eps,"mkv to eps",TIER-2,enumerated (heuristic order),,,video,image,cross-category,https://cloudconvert.com/mp4-converter
1817,mkv,heif,"mkv to heif",TIER-2,enumerated (heuristic order),,,video,image,cross-category,https://cloudconvert.com/mp4-converter
1818,mkv,ico,"mkv to ico",TIER-2,enumerated (heuristic order),,,video,image,cross-category,https://cloudconvert.com/mp4-converter
1819,mkv,jfif,"mkv to jfif",TIER-2,enumerated (heuristic order),,,video,image,cross-category,https://cloudconvert.com/mp4-converter
1820,mkv,nef,"mkv to nef",TIER-2,enumerated (heuristic order),,,video,image,cross-category,https://cloudconvert.com/mp4-converter
1821,mkv,oga,"mkv to oga",TIER-2,enumerated (heuristic order),,,video,audio,cross-category,https://cloudconvert.com/mp4-converter
1822,mkv,ogg,"mkv to ogg",TIER-2,enumerated (heuristic order),,,video,audio,cross-category,https://cloudconvert.com/mp4-converter
1823,mkv,opus,"mkv to opus",TIER-2,enumerated (heuristic order),,,video,audio,cross-category,https://cloudconvert.com/mp4-converter
1824,mkv,psd,"mkv to psd",TIER-2,enumerated (heuristic order),,,video,image,cross-category,https://cloudconvert.com/mp4-converter
1825,mkv,raw,"mkv to raw",TIER-2,enumerated (heuristic order),,,video,image,cross-category,https://cloudconvert.com/mp4-converter
1826,mkv,tif,"mkv to tif",TIER-2,enumerated (heuristic order),,,video,image,cross-category,https://cloudconvert.com/mp4-converter
1827,mkv,tiff,"mkv to tiff",TIER-2,enumerated (heuristic order),,,video,image,cross-category,https://cloudconvert.com/mp4-converter
1828,mkv,wma,"mkv to wma",TIER-2,enumerated (heuristic order),,,video,audio,cross-category,https://cloudconvert.com/mp4-converter
1847,mod,jpg,"mod to jpg",TIER-2,enumerated (heuristic order),,,video,image,cross-category,https://cloudconvert.com/mp4-converter
1848,mod,mp3,"mod to mp3",TIER-2,enumerated (heuristic order),,,video,audio,cross-category,https://cloudconvert.com/mp4-converter
1849,mod,png,"mod to png",TIER-2,enumerated (heuristic order),,,video,image,cross-category,https://cloudconvert.com/mp4-converter
1850,mos,docx,"mos to docx",TIER-2,enumerated (heuristic order),,,image,document,cross-category,https://cloudconvert.com/image-converter
1851,mos,pptx,"mos to pptx",TIER-2,enumerated (heuristic order),,,image,presentation,cross-category,https://cloudconvert.com/image-converter
1852,mov,aif,"mov to aif",TIER-2,enumerated (heuristic order),,,video,audio,cross-category,https://cloudconvert.com/mp4-converter
1854,mov,arw,"mov to arw",TIER-2,enumerated (heuristic order),,,video,image,cross-category,https://cloudconvert.com/mp4-converter
1855,mov,avif,"mov to avif",TIER-2,enumerated (heuristic order),,,video,image,cross-category,https://cloudconvert.com/mp4-converter
1856,mov,bmp,"mov to bmp",TIER-2,enumerated (heuristic order),,,video,image,cross-category,https://cloudconvert.com/mp4-converter
1857,mov,cr2,"mov to cr2",TIER-2,enumerated (heuristic order),,,video,image,cross-category,https://cloudconvert.com/mp4-converter
1858,mov,dng,"mov to dng",TIER-2,enumerated (heuristic order),,,video,image,cross-category,https://cloudconvert.com/mp4-converter
1859,mov,eps,"mov to eps",TIER-2,enumerated (heuristic order),,,video,image,cross-category,https://cloudconvert.com/mp4-converter
1860,mov,heif,"mov to heif",TIER-2,enumerated (heuristic order),,,video,image,cross-category,https://cloudconvert.com/mp4-converter
1861,mov,ico,"mov to ico",TIER-2,enumerated (heuristic order),,,video,image,cross-category,https://cloudconvert.com/mp4-converter
1862,mov,jfif,"mov to jfif",TIER-2,enumerated (heuristic order),,,video,image,cross-category,https://cloudconvert.com/mp4-converter
1863,mov,nef,"mov to nef",TIER-2,enumerated (heuristic order),,,video,image,cross-category,https://cloudconvert.com/mp4-converter
1864,mov,oga,"mov to oga",TIER-2,enumerated (heuristic order),,,video,audio,cross-category,https://cloudconvert.com/mp4-converter
1866,mov,opus,"mov to opus",TIER-2,enumerated (heuristic order),,,video,audio,cross-category,https://cloudconvert.com/mp4-converter
1867,mov,psd,"mov to psd",TIER-2,enumerated (heuristic order),,,video,image,cross-category,https://cloudconvert.com/mp4-converter
1868,mov,raw,"mov to raw",TIER-2,enumerated (heuristic order),,,video,image,cross-category,https://cloudconvert.com/mp4-converter
1869,mov,tif,"mov to tif",TIER-2,enumerated (heuristic order),,,video,image,cross-category,https://cloudconvert.com/mp4-converter
1870,mov,tiff,"mov to tiff",TIER-2,enumerated (heuristic order),,,video,image,cross-category,https://cloudconvert.com/mp4-converter
1871,mov,wma,"mov to wma",TIER-2,enumerated (heuristic order),,,video,audio,cross-category,https://cloudconvert.com/mp4-converter
1872,mp3,3gp,"mp3 to 3gp",TIER-2,enumerated (heuristic order),,,audio,video,cross-category,https://cloudconvert.com/audio-converter
1873,mp3,flv,"mp3 to flv",TIER-2,enumerated (heuristic order),,,audio,video,cross-category,https://cloudconvert.com/audio-converter
1874,mp3,m4v,"mp3 to m4v",TIER-2,enumerated (heuristic order),,,audio,video,cross-category,https://cloudconvert.com/audio-converter
1875,mp3,mpeg,"mp3 to mpeg",TIER-2,enumerated (heuristic order),,,audio,video,cross-category,https://cloudconvert.com/audio-converter
1876,mp3,mpg,"mp3 to mpg",TIER-2,enumerated (heuristic order),,,audio,video,cross-category,https://cloudconvert.com/audio-converter
1877,mp3,ts,"mp3 to ts",TIER-2,enumerated (heuristic order),,,audio,video,cross-category,https://cloudconvert.com/audio-converter
1878,mp3,wmv,"mp3 to wmv",TIER-2,enumerated (heuristic order),,,audio,video,cross-category,https://cloudconvert.com/audio-converter
1879,mp4,aif,"mp4 to aif",TIER-2,enumerated (heuristic order),,,video,audio,cross-category,https://cloudconvert.com/mp4-converter
1881,mp4,arw,"mp4 to arw",TIER-2,enumerated (heuristic order),,,video,image,cross-category,https://cloudconvert.com/mp4-converter
1882,mp4,avif,"mp4 to avif",TIER-2,enumerated (heuristic order),,,video,image,cross-category,https://cloudconvert.com/mp4-converter
1883,mp4,bmp,"mp4 to bmp",TIER-2,enumerated (heuristic order),,,video,image,cross-category,https://cloudconvert.com/mp4-converter
1884,mp4,cr2,"mp4 to cr2",TIER-2,enumerated (heuristic order),,,video,image,cross-category,https://cloudconvert.com/mp4-converter
1885,mp4,dng,"mp4 to dng",TIER-2,enumerated (heuristic order),,,video,image,cross-category,https://cloudconvert.com/mp4-converter
1886,mp4,eps,"mp4 to eps",TIER-2,enumerated (heuristic order),,,video,image,cross-category,https://cloudconvert.com/mp4-converter
1887,mp4,heif,"mp4 to heif",TIER-2,enumerated (heuristic order),,,video,image,cross-category,https://cloudconvert.com/mp4-converter
1888,mp4,ico,"mp4 to ico",TIER-2,enumerated (heuristic order),,,video,image,cross-category,https://cloudconvert.com/mp4-converter
1889,mp4,jfif,"mp4 to jfif",TIER-2,enumerated (heuristic order),,,video,image,cross-category,https://cloudconvert.com/mp4-converter
1890,mp4,nef,"mp4 to nef",TIER-2,enumerated (heuristic order),,,video,image,cross-category,https://cloudconvert.com/mp4-converter
1891,mp4,oga,"mp4 to oga",TIER-2,enumerated (heuristic order),,,video,audio,cross-category,https://cloudconvert.com/mp4-converter
1893,mp4,opus,"mp4 to opus",TIER-2,enumerated (heuristic order),,,video,audio,cross-category,https://cloudconvert.com/mp4-converter
1894,mp4,psd,"mp4 to psd",TIER-2,enumerated (heuristic order),,,video,image,cross-category,https://cloudconvert.com/mp4-converter
1895,mp4,raw,"mp4 to raw",TIER-2,enumerated (heuristic order),,,video,image,cross-category,https://cloudconvert.com/mp4-converter
1896,mp4,tif,"mp4 to tif",TIER-2,enumerated (heuristic order),,,video,image,cross-category,https://cloudconvert.com/mp4-converter
1897,mp4,tiff,"mp4 to tiff",TIER-2,enumerated (heuristic order),,,video,image,cross-category,https://cloudconvert.com/mp4-converter
1898,mp4,wma,"mp4 to wma",TIER-2,enumerated (heuristic order),,,video,audio,cross-category,https://cloudconvert.com/mp4-converter
1899,mrw,docx,"mrw to docx",TIER-2,enumerated (heuristic order),,,image,document,cross-category,https://cloudconvert.com/image-converter
1900,mrw,pptx,"mrw to pptx",TIER-2,enumerated (heuristic order),,,image,presentation,cross-category,https://cloudconvert.com/image-converter
1901,mts,jpg,"mts to jpg",TIER-2,enumerated (heuristic order),,,video,image,cross-category,https://cloudconvert.com/mp4-converter
1902,mts,mp3,"mts to mp3",TIER-2,enumerated (heuristic order),,,video,audio,cross-category,https://cloudconvert.com/mp4-converter
1903,mts,png,"mts to png",TIER-2,enumerated (heuristic order),,,video,image,cross-category,https://cloudconvert.com/mp4-converter
1904,mxf,jpg,"mxf to jpg",TIER-2,enumerated (heuristic order),,,video,image,cross-category,https://cloudconvert.com/mp4-converter
1905,mxf,mp3,"mxf to mp3",TIER-2,enumerated (heuristic order),,,video,audio,cross-category,https://cloudconvert.com/mp4-converter
1906,mxf,png,"mxf to png",TIER-2,enumerated (heuristic order),,,video,image,cross-category,https://cloudconvert.com/mp4-converter
1907,odd,docx,"odd to docx",TIER-2,enumerated (heuristic order),,,image,document,cross-category,https://cloudconvert.com/image-converter
1908,odd,pptx,"odd to pptx",TIER-2,enumerated (heuristic order),,,image,presentation,cross-category,https://cloudconvert.com/image-converter
1909,odg,docx,"odg to docx",TIER-2,enumerated (heuristic order),,,image,document,cross-category,https://cloudconvert.com/image-converter
1910,odg,pptx,"odg to pptx",TIER-2,enumerated (heuristic order),,,image,presentation,cross-category,https://cloudconvert.com/image-converter
1914,ogv,jpg,"ogv to jpg",TIER-2,enumerated (heuristic order),,,video,image,cross-category,https://cloudconvert.com/mp4-converter
1915,ogv,mp3,"ogv to mp3",TIER-2,enumerated (heuristic order),,,video,audio,cross-category,https://cloudconvert.com/mp4-converter
1916,ogv,png,"ogv to png",TIER-2,enumerated (heuristic order),,,video,image,cross-category,https://cloudconvert.com/mp4-converter
1917,orf,docx,"orf to docx",TIER-2,enumerated (heuristic order),,,image,document,cross-category,https://cloudconvert.com/image-converter
1918,orf,pptx,"orf to pptx",TIER-2,enumerated (heuristic order),,,image,presentation,cross-category,https://cloudconvert.com/image-converter
1922,pef,docx,"pef to docx",TIER-2,enumerated (heuristic order),,,image,document,cross-category,https://cloudconvert.com/image-converter
1923,pef,pptx,"pef to pptx",TIER-2,enumerated (heuristic order),,,image,presentation,cross-category,https://cloudconvert.com/image-converter
1927,png,cdr,"png to cdr",TIER-2,enumerated (heuristic order),,,image,vector,cross-category,https://cloudconvert.com/image-converter
1928,png,dxf,"png to dxf",TIER-2,enumerated (heuristic order),,,image,vector,cross-category,https://cloudconvert.com/image-converter
1929,png,key,"png to key",TIER-2,enumerated (heuristic order),,,image,presentation,cross-category,https://cloudconvert.com/image-converter
1930,png,md,"png to md",TIER-2,enumerated (heuristic order),,,image,document,cross-category,https://cloudconvert.com/image-converter
1931,png,odp,"png to odp",TIER-2,enumerated (heuristic order),,,image,presentation,cross-category,https://cloudconvert.com/image-converter
1932,png,odt,"png to odt",TIER-2,enumerated (heuristic order),,,image,document,cross-category,https://cloudconvert.com/image-converter
1933,png,pages,"png to pages",TIER-2,enumerated (heuristic order),,,image,document,cross-category,https://cloudconvert.com/image-converter
1934,png,rtf,"png to rtf",TIER-2,enumerated (heuristic order),,,image,document,cross-category,https://cloudconvert.com/image-converter
1941,ppm,docx,"ppm to docx",TIER-2,enumerated (heuristic order),,,image,document,cross-category,https://cloudconvert.com/image-converter
1942,ppm,pptx,"ppm to pptx",TIER-2,enumerated (heuristic order),,,image,presentation,cross-category,https://cloudconvert.com/image-converter
1991,ps,docx,"ps to docx",TIER-2,enumerated (heuristic order),,,image,document,cross-category,https://cloudconvert.com/image-converter
1992,ps,pptx,"ps to pptx",TIER-2,enumerated (heuristic order),,,image,presentation,cross-category,https://cloudconvert.com/image-converter
1993,psb,docx,"psb to docx",TIER-2,enumerated (heuristic order),,,image,document,cross-category,https://cloudconvert.com/image-converter
1994,psb,pptx,"psb to pptx",TIER-2,enumerated (heuristic order),,,image,presentation,cross-category,https://cloudconvert.com/image-converter
1995,pub,docx,"pub to docx",TIER-2,enumerated (heuristic order),,,image,document,cross-category,https://cloudconvert.com/image-converter
1996,pub,pptx,"pub to pptx",TIER-2,enumerated (heuristic order),,,image,presentation,cross-category,https://cloudconvert.com/image-converter
1997,raf,docx,"raf to docx",TIER-2,enumerated (heuristic order),,,image,document,cross-category,https://cloudconvert.com/image-converter
1998,raf,pptx,"raf to pptx",TIER-2,enumerated (heuristic order),,,image,presentation,cross-category,https://cloudconvert.com/image-converter
2002,rm,jpg,"rm to jpg",TIER-2,enumerated (heuristic order),,,video,image,cross-category,https://cloudconvert.com/mp4-converter
2003,rm,mp3,"rm to mp3",TIER-2,enumerated (heuristic order),,,video,audio,cross-category,https://cloudconvert.com/mp4-converter
2004,rm,png,"rm to png",TIER-2,enumerated (heuristic order),,,video,image,cross-category,https://cloudconvert.com/mp4-converter
2005,rmvb,jpg,"rmvb to jpg",TIER-2,enumerated (heuristic order),,,video,image,cross-category,https://cloudconvert.com/mp4-converter
2006,rmvb,mp3,"rmvb to mp3",TIER-2,enumerated (heuristic order),,,video,audio,cross-category,https://cloudconvert.com/mp4-converter
2007,rmvb,png,"rmvb to png",TIER-2,enumerated (heuristic order),,,video,image,cross-category,https://cloudconvert.com/mp4-converter
2012,rw2,docx,"rw2 to docx",TIER-2,enumerated (heuristic order),,,image,document,cross-category,https://cloudconvert.com/image-converter
2013,rw2,pptx,"rw2 to pptx",TIER-2,enumerated (heuristic order),,,image,presentation,cross-category,https://cloudconvert.com/image-converter
2024,sf2,mp4,"sf2 to mp4",TIER-2,enumerated (heuristic order),,,audio,video,cross-category,https://cloudconvert.com/audio-converter
2025,sfark,mp4,"sfark to mp4",TIER-2,enumerated (heuristic order),,,audio,video,cross-category,https://cloudconvert.com/audio-converter
2035,svg,cdr,"svg to cdr",TIER-2,enumerated (heuristic order),,,image,vector,cross-category,https://cloudconvert.com/image-converter
2036,svg,dxf,"svg to dxf",TIER-2,enumerated (heuristic order),,,image,vector,cross-category,https://cloudconvert.com/image-converter
2037,svg,key,"svg to key",TIER-2,enumerated (heuristic order),,,image,presentation,cross-category,https://cloudconvert.com/image-converter
2038,svg,md,"svg to md",TIER-2,enumerated (heuristic order),,,image,document,cross-category,https://cloudconvert.com/image-converter
2039,svg,odp,"svg to odp",TIER-2,enumerated (heuristic order),,,image,presentation,cross-category,https://cloudconvert.com/image-converter
2040,svg,odt,"svg to odt",TIER-2,enumerated (heuristic order),,,image,document,cross-category,https://cloudconvert.com/image-converter
2041,svg,pages,"svg to pages",TIER-2,enumerated (heuristic order),,,image,document,cross-category,https://cloudconvert.com/image-converter
2042,svg,rtf,"svg to rtf",TIER-2,enumerated (heuristic order),,,image,document,cross-category,https://cloudconvert.com/image-converter
2046,swf,jpg,"swf to jpg",TIER-2,enumerated (heuristic order),,,video,image,cross-category,https://cloudconvert.com/mp4-converter
2047,swf,mp3,"swf to mp3",TIER-2,enumerated (heuristic order),,,video,audio,cross-category,https://cloudconvert.com/mp4-converter
2048,swf,png,"swf to png",TIER-2,enumerated (heuristic order),,,video,image,cross-category,https://cloudconvert.com/mp4-converter
2056,tga,docx,"tga to docx",TIER-2,enumerated (heuristic order),,,image,document,cross-category,https://cloudconvert.com/image-converter
2057,tga,pptx,"tga to pptx",TIER-2,enumerated (heuristic order),,,image,presentation,cross-category,https://cloudconvert.com/image-converter
2082,vob,jpg,"vob to jpg",TIER-2,enumerated (heuristic order),,,video,image,cross-category,https://cloudconvert.com/mp4-converter
2083,vob,mp3,"vob to mp3",TIER-2,enumerated (heuristic order),,,video,audio,cross-category,https://cloudconvert.com/mp4-converter
2084,vob,png,"vob to png",TIER-2,enumerated (heuristic order),,,video,image,cross-category,https://cloudconvert.com/mp4-converter
2085,voc,mp4,"voc to mp4",TIER-2,enumerated (heuristic order),,,audio,video,cross-category,https://cloudconvert.com/audio-converter
2089,wav,3gp,"wav to 3gp",TIER-2,enumerated (heuristic order),,,audio,video,cross-category,https://cloudconvert.com/audio-converter
2090,wav,flv,"wav to flv",TIER-2,enumerated (heuristic order),,,audio,video,cross-category,https://cloudconvert.com/audio-converter
2091,wav,m4v,"wav to m4v",TIER-2,enumerated (heuristic order),,,audio,video,cross-category,https://cloudconvert.com/audio-converter
2092,wav,mpeg,"wav to mpeg",TIER-2,enumerated (heuristic order),,,audio,video,cross-category,https://cloudconvert.com/audio-converter
2093,wav,mpg,"wav to mpg",TIER-2,enumerated (heuristic order),,,audio,video,cross-category,https://cloudconvert.com/audio-converter
2094,wav,ts,"wav to ts",TIER-2,enumerated (heuristic order),,,audio,video,cross-category,https://cloudconvert.com/audio-converter
2095,wav,wmv,"wav to wmv",TIER-2,enumerated (heuristic order),,,audio,video,cross-category,https://cloudconvert.com/audio-converter
2096,weba,mp4,"weba to mp4",TIER-2,enumerated (heuristic order),,,audio,video,cross-category,https://cloudconvert.com/audio-converter
2097,webm,aif,"webm to aif",TIER-2,enumerated (heuristic order),,,video,audio,cross-category,https://cloudconvert.com/mp4-converter
2099,webm,arw,"webm to arw",TIER-2,enumerated (heuristic order),,,video,image,cross-category,https://cloudconvert.com/mp4-converter
2100,webm,avif,"webm to avif",TIER-2,enumerated (heuristic order),,,video,image,cross-category,https://cloudconvert.com/mp4-converter
2101,webm,bmp,"webm to bmp",TIER-2,enumerated (heuristic order),,,video,image,cross-category,https://cloudconvert.com/mp4-converter
2102,webm,cr2,"webm to cr2",TIER-2,enumerated (heuristic order),,,video,image,cross-category,https://cloudconvert.com/mp4-converter
2103,webm,dng,"webm to dng",TIER-2,enumerated (heuristic order),,,video,image,cross-category,https://cloudconvert.com/mp4-converter
2104,webm,eps,"webm to eps",TIER-2,enumerated (heuristic order),,,video,image,cross-category,https://cloudconvert.com/mp4-converter
2105,webm,heif,"webm to heif",TIER-2,enumerated (heuristic order),,,video,image,cross-category,https://cloudconvert.com/mp4-converter
2106,webm,ico,"webm to ico",TIER-2,enumerated (heuristic order),,,video,image,cross-category,https://cloudconvert.com/mp4-converter
2107,webm,jfif,"webm to jfif",TIER-2,enumerated (heuristic order),,,video,image,cross-category,https://cloudconvert.com/mp4-converter
2108,webm,nef,"webm to nef",TIER-2,enumerated (heuristic order),,,video,image,cross-category,https://cloudconvert.com/mp4-converter
2109,webm,oga,"webm to oga",TIER-2,enumerated (heuristic order),,,video,audio,cross-category,https://cloudconvert.com/mp4-converter
2111,webm,opus,"webm to opus",TIER-2,enumerated (heuristic order),,,video,audio,cross-category,https://cloudconvert.com/mp4-converter
2112,webm,psd,"webm to psd",TIER-2,enumerated (heuristic order),,,video,image,cross-category,https://cloudconvert.com/mp4-converter
2113,webm,raw,"webm to raw",TIER-2,enumerated (heuristic order),,,video,image,cross-category,https://cloudconvert.com/mp4-converter
2114,webm,tif,"webm to tif",TIER-2,enumerated (heuristic order),,,video,image,cross-category,https://cloudconvert.com/mp4-converter
2115,webm,tiff,"webm to tiff",TIER-2,enumerated (heuristic order),,,video,image,cross-category,https://cloudconvert.com/mp4-converter
2116,webm,wma,"webm to wma",TIER-2,enumerated (heuristic order),,,video,audio,cross-category,https://cloudconvert.com/mp4-converter
2117,webp,cdr,"webp to cdr",TIER-2,enumerated (heuristic order),,,image,vector,cross-category,https://cloudconvert.com/image-converter
2118,webp,dxf,"webp to dxf",TIER-2,enumerated (heuristic order),,,image,vector,cross-category,https://cloudconvert.com/image-converter
2119,webp,key,"webp to key",TIER-2,enumerated (heuristic order),,,image,presentation,cross-category,https://cloudconvert.com/image-converter
2120,webp,md,"webp to md",TIER-2,enumerated (heuristic order),,,image,document,cross-category,https://cloudconvert.com/image-converter
2121,webp,odp,"webp to odp",TIER-2,enumerated (heuristic order),,,image,presentation,cross-category,https://cloudconvert.com/image-converter
2122,webp,odt,"webp to odt",TIER-2,enumerated (heuristic order),,,image,document,cross-category,https://cloudconvert.com/image-converter
2123,webp,pages,"webp to pages",TIER-2,enumerated (heuristic order),,,image,document,cross-category,https://cloudconvert.com/image-converter
2124,webp,rtf,"webp to rtf",TIER-2,enumerated (heuristic order),,,image,document,cross-category,https://cloudconvert.com/image-converter
2136,wtv,jpg,"wtv to jpg",TIER-2,enumerated (heuristic order),,,video,image,cross-category,https://cloudconvert.com/mp4-converter
2137,wtv,mp3,"wtv to mp3",TIER-2,enumerated (heuristic order),,,video,audio,cross-category,https://cloudconvert.com/mp4-converter
2138,wtv,png,"wtv to png",TIER-2,enumerated (heuristic order),,,video,image,cross-category,https://cloudconvert.com/mp4-converter
2139,x3f,docx,"x3f to docx",TIER-2,enumerated (heuristic order),,,image,document,cross-category,https://cloudconvert.com/image-converter
2140,x3f,pptx,"x3f to pptx",TIER-2,enumerated (heuristic order),,,image,presentation,cross-category,https://cloudconvert.com/image-converter
2141,xcf,docx,"xcf to docx",TIER-2,enumerated (heuristic order),,,image,document,cross-category,https://cloudconvert.com/image-converter
2142,xcf,pptx,"xcf to pptx",TIER-2,enumerated (heuristic order),,,image,presentation,cross-category,https://cloudconvert.com/image-converter
2179,xps,docx,"xps to docx",TIER-2,enumerated (heuristic order),,,image,document,cross-category,https://cloudconvert.com/image-converter
2180,xps,pptx,"xps to pptx",TIER-2,enumerated (heuristic order),,,image,presentation,cross-category,https://cloudconvert.com/image-converter
2185,3fr,gif,"3fr to gif",TIER-2,enumerated (heuristic order),,,image,image,same-category,https://cloudconvert.com/image-converter
2186,3fr,heic,"3fr to heic",TIER-2,enumerated (heuristic order),,,image,image,same-category,https://cloudconvert.com/image-converter
2187,3fr,jpeg,"3fr to jpeg",TIER-2,enumerated (heuristic order),,,image,image,same-category,https://cloudconvert.com/image-converter
2188,3fr,svg,"3fr to svg",TIER-2,enumerated (heuristic order),,,image,image,same-category,https://cloudconvert.com/image-converter
2189,3fr,webp,"3fr to webp",TIER-2,enumerated (heuristic order),,,image,image,same-category,https://cloudconvert.com/image-converter
2190,3g2,avi,"3g2 to avi",TIER-2,enumerated (heuristic order),,,video,video,same-category,https://cloudconvert.com/mp4-converter
2191,3g2,mkv,"3g2 to mkv",TIER-2,enumerated (heuristic order),,,video,video,same-category,https://cloudconvert.com/mp4-converter
2192,3g2,mov,"3g2 to mov",TIER-2,enumerated (heuristic order),,,video,video,same-category,https://cloudconvert.com/mp4-converter
2193,3g2,webm,"3g2 to webm",TIER-2,enumerated (heuristic order),,,video,video,same-category,https://cloudconvert.com/mp4-converter
2194,3gpp,avi,"3gpp to avi",TIER-2,enumerated (heuristic order),,,video,video,same-category,https://cloudconvert.com/mp4-converter
2195,3gpp,mkv,"3gpp to mkv",TIER-2,enumerated (heuristic order),,,video,video,same-category,https://cloudconvert.com/mp4-converter
2196,3gpp,mov,"3gpp to mov",TIER-2,enumerated (heuristic order),,,video,video,same-category,https://cloudconvert.com/mp4-converter
2197,3gpp,webm,"3gpp to webm",TIER-2,enumerated (heuristic order),,,video,video,same-category,https://cloudconvert.com/mp4-converter
2201,ac3,aac,"ac3 to aac",TIER-2,enumerated (heuristic order),,,audio,audio,same-category,https://cloudconvert.com/audio-converter
2202,ac3,flac,"ac3 to flac",TIER-2,enumerated (heuristic order),,,audio,audio,same-category,https://cloudconvert.com/audio-converter
2203,ac3,m4a,"ac3 to m4a",TIER-2,enumerated (heuristic order),,,audio,audio,same-category,https://cloudconvert.com/audio-converter
2204,ac3,wav,"ac3 to wav",TIER-2,enumerated (heuristic order),,,audio,audio,same-category,https://cloudconvert.com/audio-converter
2205,amr,aac,"amr to aac",TIER-2,enumerated (heuristic order),,,audio,audio,same-category,https://cloudconvert.com/audio-converter
2206,amr,flac,"amr to flac",TIER-2,enumerated (heuristic order),,,audio,audio,same-category,https://cloudconvert.com/audio-converter
2207,amr,m4a,"amr to m4a",TIER-2,enumerated (heuristic order),,,audio,audio,same-category,https://cloudconvert.com/audio-converter
2208,amr,wav,"amr to wav",TIER-2,enumerated (heuristic order),,,audio,audio,same-category,https://cloudconvert.com/audio-converter
2209,au,aac,"au to aac",TIER-2,enumerated (heuristic order),,,audio,audio,same-category,https://cloudconvert.com/audio-converter
2210,au,flac,"au to flac",TIER-2,enumerated (heuristic order),,,audio,audio,same-category,https://cloudconvert.com/audio-converter
2211,au,m4a,"au to m4a",TIER-2,enumerated (heuristic order),,,audio,audio,same-category,https://cloudconvert.com/audio-converter
2212,au,wav,"au to wav",TIER-2,enumerated (heuristic order),,,audio,audio,same-category,https://cloudconvert.com/audio-converter
2214,caf,aac,"caf to aac",TIER-2,enumerated (heuristic order),,,audio,audio,same-category,https://cloudconvert.com/audio-converter
2215,caf,flac,"caf to flac",TIER-2,enumerated (heuristic order),,,audio,audio,same-category,https://cloudconvert.com/audio-converter
2216,caf,m4a,"caf to m4a",TIER-2,enumerated (heuristic order),,,audio,audio,same-category,https://cloudconvert.com/audio-converter
2217,caf,wav,"caf to wav",TIER-2,enumerated (heuristic order),,,audio,audio,same-category,https://cloudconvert.com/audio-converter
2218,cavs,avi,"cavs to avi",TIER-2,enumerated (heuristic order),,,video,video,same-category,https://cloudconvert.com/mp4-converter
2219,cavs,mkv,"cavs to mkv",TIER-2,enumerated (heuristic order),,,video,video,same-category,https://cloudconvert.com/mp4-converter
2220,cavs,mov,"cavs to mov",TIER-2,enumerated (heuristic order),,,video,video,same-category,https://cloudconvert.com/mp4-converter
2221,cavs,webm,"cavs to webm",TIER-2,enumerated (heuristic order),,,video,video,same-category,https://cloudconvert.com/mp4-converter
2225,cr3,gif,"cr3 to gif",TIER-2,enumerated (heuristic order),,,image,image,same-category,https://cloudconvert.com/image-converter
2226,cr3,heic,"cr3 to heic",TIER-2,enumerated (heuristic order),,,image,image,same-category,https://cloudconvert.com/image-converter
2227,cr3,jpeg,"cr3 to jpeg",TIER-2,enumerated (heuristic order),,,image,image,same-category,https://cloudconvert.com/image-converter
2228,cr3,svg,"cr3 to svg",TIER-2,enumerated (heuristic order),,,image,image,same-category,https://cloudconvert.com/image-converter
2229,cr3,webp,"cr3 to webp",TIER-2,enumerated (heuristic order),,,image,image,same-category,https://cloudconvert.com/image-converter
2230,crw,gif,"crw to gif",TIER-2,enumerated (heuristic order),,,image,image,same-category,https://cloudconvert.com/image-converter
2231,crw,heic,"crw to heic",TIER-2,enumerated (heuristic order),,,image,image,same-category,https://cloudconvert.com/image-converter
2232,crw,jpeg,"crw to jpeg",TIER-2,enumerated (heuristic order),,,image,image,same-category,https://cloudconvert.com/image-converter
2233,crw,svg,"crw to svg",TIER-2,enumerated (heuristic order),,,image,image,same-category,https://cloudconvert.com/image-converter
2234,crw,webp,"crw to webp",TIER-2,enumerated (heuristic order),,,image,image,same-category,https://cloudconvert.com/image-converter
2235,dcr,gif,"dcr to gif",TIER-2,enumerated (heuristic order),,,image,image,same-category,https://cloudconvert.com/image-converter
2236,dcr,heic,"dcr to heic",TIER-2,enumerated (heuristic order),,,image,image,same-category,https://cloudconvert.com/image-converter
2237,dcr,jpeg,"dcr to jpeg",TIER-2,enumerated (heuristic order),,,image,image,same-category,https://cloudconvert.com/image-converter
2238,dcr,svg,"dcr to svg",TIER-2,enumerated (heuristic order),,,image,image,same-category,https://cloudconvert.com/image-converter
2239,dcr,webp,"dcr to webp",TIER-2,enumerated (heuristic order),,,image,image,same-category,https://cloudconvert.com/image-converter
2253,dss,aac,"dss to aac",TIER-2,enumerated (heuristic order),,,audio,audio,same-category,https://cloudconvert.com/audio-converter
2254,dss,flac,"dss to flac",TIER-2,enumerated (heuristic order),,,audio,audio,same-category,https://cloudconvert.com/audio-converter
2255,dss,m4a,"dss to m4a",TIER-2,enumerated (heuristic order),,,audio,audio,same-category,https://cloudconvert.com/audio-converter
2256,dss,wav,"dss to wav",TIER-2,enumerated (heuristic order),,,audio,audio,same-category,https://cloudconvert.com/audio-converter
2257,dv,avi,"dv to avi",TIER-2,enumerated (heuristic order),,,video,video,same-category,https://cloudconvert.com/mp4-converter
2258,dv,mkv,"dv to mkv",TIER-2,enumerated (heuristic order),,,video,video,same-category,https://cloudconvert.com/mp4-converter
2259,dv,mov,"dv to mov",TIER-2,enumerated (heuristic order),,,video,video,same-category,https://cloudconvert.com/mp4-converter
2260,dv,webm,"dv to webm",TIER-2,enumerated (heuristic order),,,video,video,same-category,https://cloudconvert.com/mp4-converter
2261,dvr,avi,"dvr to avi",TIER-2,enumerated (heuristic order),,,video,video,same-category,https://cloudconvert.com/mp4-converter
2262,dvr,mkv,"dvr to mkv",TIER-2,enumerated (heuristic order),,,video,video,same-category,https://cloudconvert.com/mp4-converter
2263,dvr,mov,"dvr to mov",TIER-2,enumerated (heuristic order),,,video,video,same-category,https://cloudconvert.com/mp4-converter
2264,dvr,webm,"dvr to webm",TIER-2,enumerated (heuristic order),,,video,video,same-category,https://cloudconvert.com/mp4-converter
2266,erf,gif,"erf to gif",TIER-2,enumerated (heuristic order),,,image,image,same-category,https://cloudconvert.com/image-converter
2267,erf,heic,"erf to heic",TIER-2,enumerated (heuristic order),,,image,image,same-category,https://cloudconvert.com/image-converter
2268,erf,jpeg,"erf to jpeg",TIER-2,enumerated (heuristic order),,,image,image,same-category,https://cloudconvert.com/image-converter
2269,erf,svg,"erf to svg",TIER-2,enumerated (heuristic order),,,image,image,same-category,https://cloudconvert.com/image-converter
2270,erf,webp,"erf to webp",TIER-2,enumerated (heuristic order),,,image,image,same-category,https://cloudconvert.com/image-converter
2280,icns,gif,"icns to gif",TIER-2,enumerated (heuristic order),,,image,image,same-category,https://cloudconvert.com/image-converter
2281,icns,heic,"icns to heic",TIER-2,enumerated (heuristic order),,,image,image,same-category,https://cloudconvert.com/image-converter
2282,icns,jpeg,"icns to jpeg",TIER-2,enumerated (heuristic order),,,image,image,same-category,https://cloudconvert.com/image-converter
2283,icns,svg,"icns to svg",TIER-2,enumerated (heuristic order),,,image,image,same-category,https://cloudconvert.com/image-converter
2284,icns,webp,"icns to webp",TIER-2,enumerated (heuristic order),,,image,image,same-category,https://cloudconvert.com/image-converter
2290,m2ts,avi,"m2ts to avi",TIER-2,enumerated (heuristic order),,,video,video,same-category,https://cloudconvert.com/mp4-converter
2291,m2ts,mkv,"m2ts to mkv",TIER-2,enumerated (heuristic order),,,video,video,same-category,https://cloudconvert.com/mp4-converter
2292,m2ts,mov,"m2ts to mov",TIER-2,enumerated (heuristic order),,,video,video,same-category,https://cloudconvert.com/mp4-converter
2293,m2ts,webm,"m2ts to webm",TIER-2,enumerated (heuristic order),,,video,video,same-category,https://cloudconvert.com/mp4-converter
2294,m4b,aac,"m4b to aac",TIER-2,enumerated (heuristic order),,,audio,audio,same-category,https://cloudconvert.com/audio-converter
2295,m4b,flac,"m4b to flac",TIER-2,enumerated (heuristic order),,,audio,audio,same-category,https://cloudconvert.com/audio-converter
2296,m4b,m4a,"m4b to m4a",TIER-2,enumerated (heuristic order),,,audio,audio,same-category,https://cloudconvert.com/audio-converter
2297,m4b,wav,"m4b to wav",TIER-2,enumerated (heuristic order),,,audio,audio,same-category,https://cloudconvert.com/audio-converter
2298,mod,avi,"mod to avi",TIER-2,enumerated (heuristic order),,,video,video,same-category,https://cloudconvert.com/mp4-converter
2299,mod,mkv,"mod to mkv",TIER-2,enumerated (heuristic order),,,video,video,same-category,https://cloudconvert.com/mp4-converter
2300,mod,mov,"mod to mov",TIER-2,enumerated (heuristic order),,,video,video,same-category,https://cloudconvert.com/mp4-converter
2301,mod,webm,"mod to webm",TIER-2,enumerated (heuristic order),,,video,video,same-category,https://cloudconvert.com/mp4-converter
2302,mos,gif,"mos to gif",TIER-2,enumerated (heuristic order),,,image,image,same-category,https://cloudconvert.com/image-converter
2303,mos,heic,"mos to heic",TIER-2,enumerated (heuristic order),,,image,image,same-category,https://cloudconvert.com/image-converter
2304,mos,jpeg,"mos to jpeg",TIER-2,enumerated (heuristic order),,,image,image,same-category,https://cloudconvert.com/image-converter
2305,mos,svg,"mos to svg",TIER-2,enumerated (heuristic order),,,image,image,same-category,https://cloudconvert.com/image-converter
2306,mos,webp,"mos to webp",TIER-2,enumerated (heuristic order),,,image,image,same-category,https://cloudconvert.com/image-converter
2307,mrw,gif,"mrw to gif",TIER-2,enumerated (heuristic order),,,image,image,same-category,https://cloudconvert.com/image-converter
2308,mrw,heic,"mrw to heic",TIER-2,enumerated (heuristic order),,,image,image,same-category,https://cloudconvert.com/image-converter
2309,mrw,jpeg,"mrw to jpeg",TIER-2,enumerated (heuristic order),,,image,image,same-category,https://cloudconvert.com/image-converter
2310,mrw,svg,"mrw to svg",TIER-2,enumerated (heuristic order),,,image,image,same-category,https://cloudconvert.com/image-converter
2311,mrw,webp,"mrw to webp",TIER-2,enumerated (heuristic order),,,image,image,same-category,https://cloudconvert.com/image-converter
2312,mts,avi,"mts to avi",TIER-2,enumerated (heuristic order),,,video,video,same-category,https://cloudconvert.com/mp4-converter
2313,mts,mkv,"mts to mkv",TIER-2,enumerated (heuristic order),,,video,video,same-category,https://cloudconvert.com/mp4-converter
2314,mts,mov,"mts to mov",TIER-2,enumerated (heuristic order),,,video,video,same-category,https://cloudconvert.com/mp4-converter
2315,mts,webm,"mts to webm",TIER-2,enumerated (heuristic order),,,video,video,same-category,https://cloudconvert.com/mp4-converter
2316,mxf,avi,"mxf to avi",TIER-2,enumerated (heuristic order),,,video,video,same-category,https://cloudconvert.com/mp4-converter
2317,mxf,mkv,"mxf to mkv",TIER-2,enumerated (heuristic order),,,video,video,same-category,https://cloudconvert.com/mp4-converter
2318,mxf,mov,"mxf to mov",TIER-2,enumerated (heuristic order),,,video,video,same-category,https://cloudconvert.com/mp4-converter
2319,mxf,webm,"mxf to webm",TIER-2,enumerated (heuristic order),,,video,video,same-category,https://cloudconvert.com/mp4-converter
2320,odd,gif,"odd to gif",TIER-2,enumerated (heuristic order),,,image,image,same-category,https://cloudconvert.com/image-converter
2321,odd,heic,"odd to heic",TIER-2,enumerated (heuristic order),,,image,image,same-category,https://cloudconvert.com/image-converter
2322,odd,jpeg,"odd to jpeg",TIER-2,enumerated (heuristic order),,,image,image,same-category,https://cloudconvert.com/image-converter
2323,odd,svg,"odd to svg",TIER-2,enumerated (heuristic order),,,image,image,same-category,https://cloudconvert.com/image-converter
2324,odd,webp,"odd to webp",TIER-2,enumerated (heuristic order),,,image,image,same-category,https://cloudconvert.com/image-converter
2325,odg,gif,"odg to gif",TIER-2,enumerated (heuristic order),,,image,image,same-category,https://cloudconvert.com/image-converter
2326,odg,heic,"odg to heic",TIER-2,enumerated (heuristic order),,,image,image,same-category,https://cloudconvert.com/image-converter
2327,odg,jpeg,"odg to jpeg",TIER-2,enumerated (heuristic order),,,image,image,same-category,https://cloudconvert.com/image-converter
2328,odg,svg,"odg to svg",TIER-2,enumerated (heuristic order),,,image,image,same-category,https://cloudconvert.com/image-converter
2329,odg,webp,"odg to webp",TIER-2,enumerated (heuristic order),,,image,image,same-category,https://cloudconvert.com/image-converter
2331,ogv,avi,"ogv to avi",TIER-2,enumerated (heuristic order),,,video,video,same-category,https://cloudconvert.com/mp4-converter
2332,ogv,mkv,"ogv to mkv",TIER-2,enumerated (heuristic order),,,video,video,same-category,https://cloudconvert.com/mp4-converter
2333,ogv,mov,"ogv to mov",TIER-2,enumerated (heuristic order),,,video,video,same-category,https://cloudconvert.com/mp4-converter
2334,ogv,webm,"ogv to webm",TIER-2,enumerated (heuristic order),,,video,video,same-category,https://cloudconvert.com/mp4-converter
2335,orf,gif,"orf to gif",TIER-2,enumerated (heuristic order),,,image,image,same-category,https://cloudconvert.com/image-converter
2336,orf,heic,"orf to heic",TIER-2,enumerated (heuristic order),,,image,image,same-category,https://cloudconvert.com/image-converter
2337,orf,jpeg,"orf to jpeg",TIER-2,enumerated (heuristic order),,,image,image,same-category,https://cloudconvert.com/image-converter
2338,orf,svg,"orf to svg",TIER-2,enumerated (heuristic order),,,image,image,same-category,https://cloudconvert.com/image-converter
2339,orf,webp,"orf to webp",TIER-2,enumerated (heuristic order),,,image,image,same-category,https://cloudconvert.com/image-converter
2341,pef,gif,"pef to gif",TIER-2,enumerated (heuristic order),,,image,image,same-category,https://cloudconvert.com/image-converter
2342,pef,heic,"pef to heic",TIER-2,enumerated (heuristic order),,,image,image,same-category,https://cloudconvert.com/image-converter
2343,pef,jpeg,"pef to jpeg",TIER-2,enumerated (heuristic order),,,image,image,same-category,https://cloudconvert.com/image-converter
2344,pef,svg,"pef to svg",TIER-2,enumerated (heuristic order),,,image,image,same-category,https://cloudconvert.com/image-converter
2345,pef,webp,"pef to webp",TIER-2,enumerated (heuristic order),,,image,image,same-category,https://cloudconvert.com/image-converter
2349,ppm,gif,"ppm to gif",TIER-2,enumerated (heuristic order),,,image,image,same-category,https://cloudconvert.com/image-converter
2350,ppm,heic,"ppm to heic",TIER-2,enumerated (heuristic order),,,image,image,same-category,https://cloudconvert.com/image-converter
2351,ppm,jpeg,"ppm to jpeg",TIER-2,enumerated (heuristic order),,,image,image,same-category,https://cloudconvert.com/image-converter
2352,ppm,svg,"ppm to svg",TIER-2,enumerated (heuristic order),,,image,image,same-category,https://cloudconvert.com/image-converter
2353,ppm,webp,"ppm to webp",TIER-2,enumerated (heuristic order),,,image,image,same-category,https://cloudconvert.com/image-converter
2358,ps,gif,"ps to gif",TIER-2,enumerated (heuristic order),,,image,image,same-category,https://cloudconvert.com/image-converter
2359,ps,heic,"ps to heic",TIER-2,enumerated (heuristic order),,,image,image,same-category,https://cloudconvert.com/image-converter
2360,ps,jpeg,"ps to jpeg",TIER-2,enumerated (heuristic order),,,image,image,same-category,https://cloudconvert.com/image-converter
2361,ps,svg,"ps to svg",TIER-2,enumerated (heuristic order),,,image,image,same-category,https://cloudconvert.com/image-converter
2362,ps,webp,"ps to webp",TIER-2,enumerated (heuristic order),,,image,image,same-category,https://cloudconvert.com/image-converter
2363,psb,gif,"psb to gif",TIER-2,enumerated (heuristic order),,,image,image,same-category,https://cloudconvert.com/image-converter
2364,psb,heic,"psb to heic",TIER-2,enumerated (heuristic order),,,image,image,same-category,https://cloudconvert.com/image-converter
2365,psb,jpeg,"psb to jpeg",TIER-2,enumerated (heuristic order),,,image,image,same-category,https://cloudconvert.com/image-converter
2366,psb,svg,"psb to svg",TIER-2,enumerated (heuristic order),,,image,image,same-category,https://cloudconvert.com/image-converter
2367,psb,webp,"psb to webp",TIER-2,enumerated (heuristic order),,,image,image,same-category,https://cloudconvert.com/image-converter
2368,pub,gif,"pub to gif",TIER-2,enumerated (heuristic order),,,image,image,same-category,https://cloudconvert.com/image-converter
2369,pub,heic,"pub to heic",TIER-2,enumerated (heuristic order),,,image,image,same-category,https://cloudconvert.com/image-converter
2370,pub,jpeg,"pub to jpeg",TIER-2,enumerated (heuristic order),,,image,image,same-category,https://cloudconvert.com/image-converter
2371,pub,svg,"pub to svg",TIER-2,enumerated (heuristic order),,,image,image,same-category,https://cloudconvert.com/image-converter
2372,pub,webp,"pub to webp",TIER-2,enumerated (heuristic order),,,image,image,same-category,https://cloudconvert.com/image-converter
2373,raf,gif,"raf to gif",TIER-2,enumerated (heuristic order),,,image,image,same-category,https://cloudconvert.com/image-converter
2374,raf,heic,"raf to heic",TIER-2,enumerated (heuristic order),,,image,image,same-category,https://cloudconvert.com/image-converter
2375,raf,jpeg,"raf to jpeg",TIER-2,enumerated (heuristic order),,,image,image,same-category,https://cloudconvert.com/image-converter
2376,raf,svg,"raf to svg",TIER-2,enumerated (heuristic order),,,image,image,same-category,https://cloudconvert.com/image-converter
2377,raf,webp,"raf to webp",TIER-2,enumerated (heuristic order),,,image,image,same-category,https://cloudconvert.com/image-converter
2379,rm,avi,"rm to avi",TIER-2,enumerated (heuristic order),,,video,video,same-category,https://cloudconvert.com/mp4-converter
2380,rm,mkv,"rm to mkv",TIER-2,enumerated (heuristic order),,,video,video,same-category,https://cloudconvert.com/mp4-converter
2381,rm,mov,"rm to mov",TIER-2,enumerated (heuristic order),,,video,video,same-category,https://cloudconvert.com/mp4-converter
2382,rm,webm,"rm to webm",TIER-2,enumerated (heuristic order),,,video,video,same-category,https://cloudconvert.com/mp4-converter
2383,rmvb,avi,"rmvb to avi",TIER-2,enumerated (heuristic order),,,video,video,same-category,https://cloudconvert.com/mp4-converter
2384,rmvb,mkv,"rmvb to mkv",TIER-2,enumerated (heuristic order),,,video,video,same-category,https://cloudconvert.com/mp4-converter
2385,rmvb,mov,"rmvb to mov",TIER-2,enumerated (heuristic order),,,video,video,same-category,https://cloudconvert.com/mp4-converter
2386,rmvb,webm,"rmvb to webm",TIER-2,enumerated (heuristic order),,,video,video,same-category,https://cloudconvert.com/mp4-converter
2390,rw2,gif,"rw2 to gif",TIER-2,enumerated (heuristic order),,,image,image,same-category,https://cloudconvert.com/image-converter
2391,rw2,heic,"rw2 to heic",TIER-2,enumerated (heuristic order),,,image,image,same-category,https://cloudconvert.com/image-converter
2392,rw2,jpeg,"rw2 to jpeg",TIER-2,enumerated (heuristic order),,,image,image,same-category,https://cloudconvert.com/image-converter
2393,rw2,svg,"rw2 to svg",TIER-2,enumerated (heuristic order),,,image,image,same-category,https://cloudconvert.com/image-converter
2394,rw2,webp,"rw2 to webp",TIER-2,enumerated (heuristic order),,,image,image,same-category,https://cloudconvert.com/image-converter
2401,sf2,aac,"sf2 to aac",TIER-2,enumerated (heuristic order),,,audio,audio,same-category,https://cloudconvert.com/audio-converter
2402,sf2,flac,"sf2 to flac",TIER-2,enumerated (heuristic order),,,audio,audio,same-category,https://cloudconvert.com/audio-converter
2403,sf2,m4a,"sf2 to m4a",TIER-2,enumerated (heuristic order),,,audio,audio,same-category,https://cloudconvert.com/audio-converter
2404,sf2,wav,"sf2 to wav",TIER-2,enumerated (heuristic order),,,audio,audio,same-category,https://cloudconvert.com/audio-converter
2405,sfark,aac,"sfark to aac",TIER-2,enumerated (heuristic order),,,audio,audio,same-category,https://cloudconvert.com/audio-converter
2406,sfark,flac,"sfark to flac",TIER-2,enumerated (heuristic order),,,audio,audio,same-category,https://cloudconvert.com/audio-converter
2407,sfark,m4a,"sfark to m4a",TIER-2,enumerated (heuristic order),,,audio,audio,same-category,https://cloudconvert.com/audio-converter
2408,sfark,wav,"sfark to wav",TIER-2,enumerated (heuristic order),,,audio,audio,same-category,https://cloudconvert.com/audio-converter
2413,swf,avi,"swf to avi",TIER-2,enumerated (heuristic order),,,video,video,same-category,https://cloudconvert.com/mp4-converter
2414,swf,mkv,"swf to mkv",TIER-2,enumerated (heuristic order),,,video,video,same-category,https://cloudconvert.com/mp4-converter
2415,swf,mov,"swf to mov",TIER-2,enumerated (heuristic order),,,video,video,same-category,https://cloudconvert.com/mp4-converter
2416,swf,webm,"swf to webm",TIER-2,enumerated (heuristic order),,,video,video,same-category,https://cloudconvert.com/mp4-converter
2421,tga,gif,"tga to gif",TIER-2,enumerated (heuristic order),,,image,image,same-category,https://cloudconvert.com/image-converter
2422,tga,heic,"tga to heic",TIER-2,enumerated (heuristic order),,,image,image,same-category,https://cloudconvert.com/image-converter
2423,tga,jpeg,"tga to jpeg",TIER-2,enumerated (heuristic order),,,image,image,same-category,https://cloudconvert.com/image-converter
2424,tga,svg,"tga to svg",TIER-2,enumerated (heuristic order),,,image,image,same-category,https://cloudconvert.com/image-converter
2425,tga,webp,"tga to webp",TIER-2,enumerated (heuristic order),,,image,image,same-category,https://cloudconvert.com/image-converter
2427,vob,avi,"vob to avi",TIER-2,enumerated (heuristic order),,,video,video,same-category,https://cloudconvert.com/mp4-converter
2428,vob,mkv,"vob to mkv",TIER-2,enumerated (heuristic order),,,video,video,same-category,https://cloudconvert.com/mp4-converter
2429,vob,mov,"vob to mov",TIER-2,enumerated (heuristic order),,,video,video,same-category,https://cloudconvert.com/mp4-converter
2430,vob,webm,"vob to webm",TIER-2,enumerated (heuristic order),,,video,video,same-category,https://cloudconvert.com/mp4-converter
2431,voc,aac,"voc to aac",TIER-2,enumerated (heuristic order),,,audio,audio,same-category,https://cloudconvert.com/audio-converter
2432,voc,flac,"voc to flac",TIER-2,enumerated (heuristic order),,,audio,audio,same-category,https://cloudconvert.com/audio-converter
2433,voc,m4a,"voc to m4a",TIER-2,enumerated (heuristic order),,,audio,audio,same-category,https://cloudconvert.com/audio-converter
2434,voc,wav,"voc to wav",TIER-2,enumerated (heuristic order),,,audio,audio,same-category,https://cloudconvert.com/audio-converter
2436,weba,aac,"weba to aac",TIER-2,enumerated (heuristic order),,,audio,audio,same-category,https://cloudconvert.com/audio-converter
2437,weba,flac,"weba to flac",TIER-2,enumerated (heuristic order),,,audio,audio,same-category,https://cloudconvert.com/audio-converter
2438,weba,m4a,"weba to m4a",TIER-2,enumerated (heuristic order),,,audio,audio,same-category,https://cloudconvert.com/audio-converter
2439,weba,wav,"weba to wav",TIER-2,enumerated (heuristic order),,,audio,audio,same-category,https://cloudconvert.com/audio-converter
2447,wtv,avi,"wtv to avi",TIER-2,enumerated (heuristic order),,,video,video,same-category,https://cloudconvert.com/mp4-converter
2448,wtv,mkv,"wtv to mkv",TIER-2,enumerated (heuristic order),,,video,video,same-category,https://cloudconvert.com/mp4-converter
2449,wtv,mov,"wtv to mov",TIER-2,enumerated (heuristic order),,,video,video,same-category,https://cloudconvert.com/mp4-converter
2450,wtv,webm,"wtv to webm",TIER-2,enumerated (heuristic order),,,video,video,same-category,https://cloudconvert.com/mp4-converter
2451,x3f,gif,"x3f to gif",TIER-2,enumerated (heuristic order),,,image,image,same-category,https://cloudconvert.com/image-converter
2452,x3f,heic,"x3f to heic",TIER-2,enumerated (heuristic order),,,image,image,same-category,https://cloudconvert.com/image-converter
2453,x3f,jpeg,"x3f to jpeg",TIER-2,enumerated (heuristic order),,,image,image,same-category,https://cloudconvert.com/image-converter
2454,x3f,svg,"x3f to svg",TIER-2,enumerated (heuristic order),,,image,image,same-category,https://cloudconvert.com/image-converter
2455,x3f,webp,"x3f to webp",TIER-2,enumerated (heuristic order),,,image,image,same-category,https://cloudconvert.com/image-converter
2456,xcf,gif,"xcf to gif",TIER-2,enumerated (heuristic order),,,image,image,same-category,https://cloudconvert.com/image-converter
2457,xcf,heic,"xcf to heic",TIER-2,enumerated (heuristic order),,,image,image,same-category,https://cloudconvert.com/image-converter
2458,xcf,jpeg,"xcf to jpeg",TIER-2,enumerated (heuristic order),,,image,image,same-category,https://cloudconvert.com/image-converter
2459,xcf,svg,"xcf to svg",TIER-2,enumerated (heuristic order),,,image,image,same-category,https://cloudconvert.com/image-converter
2460,xcf,webp,"xcf to webp",TIER-2,enumerated (heuristic order),,,image,image,same-category,https://cloudconvert.com/image-converter
2461,xps,gif,"xps to gif",TIER-2,enumerated (heuristic order),,,image,image,same-category,https://cloudconvert.com/image-converter
2462,xps,heic,"xps to heic",TIER-2,enumerated (heuristic order),,,image,image,same-category,https://cloudconvert.com/image-converter
2463,xps,jpeg,"xps to jpeg",TIER-2,enumerated (heuristic order),,,image,image,same-category,https://cloudconvert.com/image-converter
2464,xps,svg,"xps to svg",TIER-2,enumerated (heuristic order),,,image,image,same-category,https://cloudconvert.com/image-converter
2465,xps,webp,"xps to webp",TIER-2,enumerated (heuristic order),,,image,image,same-category,https://cloudconvert.com/image-converter
2469,3gp,flv,"3gp to flv",TIER-2,enumerated (heuristic order),,,video,video,same-category,https://cloudconvert.com/mp4-converter
2470,3gp,m4v,"3gp to m4v",TIER-2,enumerated (heuristic order),,,video,video,same-category,https://cloudconvert.com/mp4-converter
2471,3gp,mpeg,"3gp to mpeg",TIER-2,enumerated (heuristic order),,,video,video,same-category,https://cloudconvert.com/mp4-converter
2472,3gp,mpg,"3gp to mpg",TIER-2,enumerated (heuristic order),,,video,video,same-category,https://cloudconvert.com/mp4-converter
2473,3gp,ts,"3gp to ts",TIER-2,enumerated (heuristic order),,,video,video,same-category,https://cloudconvert.com/mp4-converter
2474,3gp,wmv,"3gp to wmv",TIER-2,enumerated (heuristic order),,,video,video,same-category,https://cloudconvert.com/mp4-converter
2475,aif,aiff,"aif to aiff",TIER-2,enumerated (heuristic order),,,audio,audio,same-category,https://cloudconvert.com/audio-converter
2476,aif,oga,"aif to oga",TIER-2,enumerated (heuristic order),,,audio,audio,same-category,https://cloudconvert.com/audio-converter
2478,aif,opus,"aif to opus",TIER-2,enumerated (heuristic order),,,audio,audio,same-category,https://cloudconvert.com/audio-converter
2479,aif,wma,"aif to wma",TIER-2,enumerated (heuristic order),,,audio,audio,same-category,https://cloudconvert.com/audio-converter
2480,aiff,aif,"aiff to aif",TIER-2,enumerated (heuristic order),,,audio,audio,same-category,https://cloudconvert.com/audio-converter
2481,aiff,oga,"aiff to oga",TIER-2,enumerated (heuristic order),,,audio,audio,same-category,https://cloudconvert.com/audio-converter
2483,aiff,opus,"aiff to opus",TIER-2,enumerated (heuristic order),,,audio,audio,same-category,https://cloudconvert.com/audio-converter
2484,aiff,wma,"aiff to wma",TIER-2,enumerated (heuristic order),,,audio,audio,same-category,https://cloudconvert.com/audio-converter
2485,arw,avif,"arw to avif",TIER-2,enumerated (heuristic order),,,image,image,same-category,https://cloudconvert.com/image-converter
2486,arw,bmp,"arw to bmp",TIER-2,enumerated (heuristic order),,,image,image,same-category,https://cloudconvert.com/image-converter
2487,arw,cr2,"arw to cr2",TIER-2,enumerated (heuristic order),,,image,image,same-category,https://cloudconvert.com/image-converter
2488,arw,dng,"arw to dng",TIER-2,enumerated (heuristic order),,,image,image,same-category,https://cloudconvert.com/image-converter
2489,arw,eps,"arw to eps",TIER-2,enumerated (heuristic order),,,image,image,same-category,https://cloudconvert.com/image-converter
2490,arw,heif,"arw to heif",TIER-2,enumerated (heuristic order),,,image,image,same-category,https://cloudconvert.com/image-converter
2491,arw,ico,"arw to ico",TIER-2,enumerated (heuristic order),,,image,image,same-category,https://cloudconvert.com/image-converter
2492,arw,jfif,"arw to jfif",TIER-2,enumerated (heuristic order),,,image,image,same-category,https://cloudconvert.com/image-converter
2493,arw,nef,"arw to nef",TIER-2,enumerated (heuristic order),,,image,image,same-category,https://cloudconvert.com/image-converter
2494,arw,psd,"arw to psd",TIER-2,enumerated (heuristic order),,,image,image,same-category,https://cloudconvert.com/image-converter
2495,arw,raw,"arw to raw",TIER-2,enumerated (heuristic order),,,image,image,same-category,https://cloudconvert.com/image-converter
2496,arw,tif,"arw to tif",TIER-2,enumerated (heuristic order),,,image,image,same-category,https://cloudconvert.com/image-converter
2497,arw,tiff,"arw to tiff",TIER-2,enumerated (heuristic order),,,image,image,same-category,https://cloudconvert.com/image-converter
2498,avif,arw,"avif to arw",TIER-2,enumerated (heuristic order),,,image,image,same-category,https://cloudconvert.com/image-converter
2500,avif,cr2,"avif to cr2",TIER-2,enumerated (heuristic order),,,image,image,same-category,https://cloudconvert.com/image-converter
2501,avif,dng,"avif to dng",TIER-2,enumerated (heuristic order),,,image,image,same-category,https://cloudconvert.com/image-converter
2502,avif,eps,"avif to eps",TIER-2,enumerated (heuristic order),,,image,image,same-category,https://cloudconvert.com/image-converter
2503,avif,heif,"avif to heif",TIER-2,enumerated (heuristic order),,,image,image,same-category,https://cloudconvert.com/image-converter
2505,avif,jfif,"avif to jfif",TIER-2,enumerated (heuristic order),,,image,image,same-category,https://cloudconvert.com/image-converter
2506,avif,nef,"avif to nef",TIER-2,enumerated (heuristic order),,,image,image,same-category,https://cloudconvert.com/image-converter
2507,avif,psd,"avif to psd",TIER-2,enumerated (heuristic order),,,image,image,same-category,https://cloudconvert.com/image-converter
2508,avif,raw,"avif to raw",TIER-2,enumerated (heuristic order),,,image,image,same-category,https://cloudconvert.com/image-converter
2509,avif,tif,"avif to tif",TIER-2,enumerated (heuristic order),,,image,image,same-category,https://cloudconvert.com/image-converter
2519,bmp,arw,"bmp to arw",TIER-2,enumerated (heuristic order),,,image,image,same-category,https://cloudconvert.com/image-converter
2521,bmp,cr2,"bmp to cr2",TIER-2,enumerated (heuristic order),,,image,image,same-category,https://cloudconvert.com/image-converter
2522,bmp,dng,"bmp to dng",TIER-2,enumerated (heuristic order),,,image,image,same-category,https://cloudconvert.com/image-converter
2523,bmp,eps,"bmp to eps",TIER-2,enumerated (heuristic order),,,image,image,same-category,https://cloudconvert.com/image-converter
2524,bmp,heif,"bmp to heif",TIER-2,enumerated (heuristic order),,,image,image,same-category,https://cloudconvert.com/image-converter
2526,bmp,jfif,"bmp to jfif",TIER-2,enumerated (heuristic order),,,image,image,same-category,https://cloudconvert.com/image-converter
2527,bmp,nef,"bmp to nef",TIER-2,enumerated (heuristic order),,,image,image,same-category,https://cloudconvert.com/image-converter
2528,bmp,psd,"bmp to psd",TIER-2,enumerated (heuristic order),,,image,image,same-category,https://cloudconvert.com/image-converter
2529,bmp,raw,"bmp to raw",TIER-2,enumerated (heuristic order),,,image,image,same-category,https://cloudconvert.com/image-converter
2530,bmp,tif,"bmp to tif",TIER-2,enumerated (heuristic order),,,image,image,same-category,https://cloudconvert.com/image-converter
2541,cr2,arw,"cr2 to arw",TIER-2,enumerated (heuristic order),,,image,image,same-category,https://cloudconvert.com/image-converter
2542,cr2,avif,"cr2 to avif",TIER-2,enumerated (heuristic order),,,image,image,same-category,https://cloudconvert.com/image-converter
2543,cr2,bmp,"cr2 to bmp",TIER-2,enumerated (heuristic order),,,image,image,same-category,https://cloudconvert.com/image-converter
2544,cr2,dng,"cr2 to dng",TIER-2,enumerated (heuristic order),,,image,image,same-category,https://cloudconvert.com/image-converter
2545,cr2,eps,"cr2 to eps",TIER-2,enumerated (heuristic order),,,image,image,same-category,https://cloudconvert.com/image-converter
2546,cr2,heif,"cr2 to heif",TIER-2,enumerated (heuristic order),,,image,image,same-category,https://cloudconvert.com/image-converter
2547,cr2,ico,"cr2 to ico",TIER-2,enumerated (heuristic order),,,image,image,same-category,https://cloudconvert.com/image-converter
2548,cr2,jfif,"cr2 to jfif",TIER-2,enumerated (heuristic order),,,image,image,same-category,https://cloudconvert.com/image-converter
2549,cr2,nef,"cr2 to nef",TIER-2,enumerated (heuristic order),,,image,image,same-category,https://cloudconvert.com/image-converter
2550,cr2,psd,"cr2 to psd",TIER-2,enumerated (heuristic order),,,image,image,same-category,https://cloudconvert.com/image-converter
2551,cr2,raw,"cr2 to raw",TIER-2,enumerated (heuristic order),,,image,image,same-category,https://cloudconvert.com/image-converter
2552,cr2,tif,"cr2 to tif",TIER-2,enumerated (heuristic order),,,image,image,same-category,https://cloudconvert.com/image-converter
2553,cr2,tiff,"cr2 to tiff",TIER-2,enumerated (heuristic order),,,image,image,same-category,https://cloudconvert.com/image-converter
2554,dng,arw,"dng to arw",TIER-2,enumerated (heuristic order),,,image,image,same-category,https://cloudconvert.com/image-converter
2555,dng,avif,"dng to avif",TIER-2,enumerated (heuristic order),,,image,image,same-category,https://cloudconvert.com/image-converter
2556,dng,bmp,"dng to bmp",TIER-2,enumerated (heuristic order),,,image,image,same-category,https://cloudconvert.com/image-converter
2557,dng,cr2,"dng to cr2",TIER-2,enumerated (heuristic order),,,image,image,same-category,https://cloudconvert.com/image-converter
2558,dng,eps,"dng to eps",TIER-2,enumerated (heuristic order),,,image,image,same-category,https://cloudconvert.com/image-converter
2559,dng,heif,"dng to heif",TIER-2,enumerated (heuristic order),,,image,image,same-category,https://cloudconvert.com/image-converter
2560,dng,ico,"dng to ico",TIER-2,enumerated (heuristic order),,,image,image,same-category,https://cloudconvert.com/image-converter
2561,dng,jfif,"dng to jfif",TIER-2,enumerated (heuristic order),,,image,image,same-category,https://cloudconvert.com/image-converter
2562,dng,nef,"dng to nef",TIER-2,enumerated (heuristic order),,,image,image,same-category,https://cloudconvert.com/image-converter
2563,dng,psd,"dng to psd",TIER-2,enumerated (heuristic order),,,image,image,same-category,https://cloudconvert.com/image-converter
2564,dng,raw,"dng to raw",TIER-2,enumerated (heuristic order),,,image,image,same-category,https://cloudconvert.com/image-converter
2565,dng,tif,"dng to tif",TIER-2,enumerated (heuristic order),,,image,image,same-category,https://cloudconvert.com/image-converter
2566,dng,tiff,"dng to tiff",TIER-2,enumerated (heuristic order),,,image,image,same-category,https://cloudconvert.com/image-converter
2568,eps,arw,"eps to arw",TIER-2,enumerated (heuristic order),,,image,image,same-category,https://cloudconvert.com/image-converter
2569,eps,avif,"eps to avif",TIER-2,enumerated (heuristic order),,,image,image,same-category,https://cloudconvert.com/image-converter
2570,eps,bmp,"eps to bmp",TIER-2,enumerated (heuristic order),,,image,image,same-category,https://cloudconvert.com/image-converter
2571,eps,cr2,"eps to cr2",TIER-2,enumerated (heuristic order),,,image,image,same-category,https://cloudconvert.com/image-converter
2572,eps,dng,"eps to dng",TIER-2,enumerated (heuristic order),,,image,image,same-category,https://cloudconvert.com/image-converter
2573,eps,heif,"eps to heif",TIER-2,enumerated (heuristic order),,,image,image,same-category,https://cloudconvert.com/image-converter
2574,eps,ico,"eps to ico",TIER-2,enumerated (heuristic order),,,image,image,same-category,https://cloudconvert.com/image-converter
2575,eps,jfif,"eps to jfif",TIER-2,enumerated (heuristic order),,,image,image,same-category,https://cloudconvert.com/image-converter
2576,eps,nef,"eps to nef",TIER-2,enumerated (heuristic order),,,image,image,same-category,https://cloudconvert.com/image-converter
2577,eps,psd,"eps to psd",TIER-2,enumerated (heuristic order),,,image,image,same-category,https://cloudconvert.com/image-converter
2578,eps,raw,"eps to raw",TIER-2,enumerated (heuristic order),,,image,image,same-category,https://cloudconvert.com/image-converter
2579,eps,tif,"eps to tif",TIER-2,enumerated (heuristic order),,,image,image,same-category,https://cloudconvert.com/image-converter
2580,eps,tiff,"eps to tiff",TIER-2,enumerated (heuristic order),,,image,image,same-category,https://cloudconvert.com/image-converter
2585,flv,3gp,"flv to 3gp",TIER-2,enumerated (heuristic order),,,video,video,same-category,https://cloudconvert.com/mp4-converter
2586,flv,m4v,"flv to m4v",TIER-2,enumerated (heuristic order),,,video,video,same-category,https://cloudconvert.com/mp4-converter
2587,flv,mpeg,"flv to mpeg",TIER-2,enumerated (heuristic order),,,video,video,same-category,https://cloudconvert.com/mp4-converter
2588,flv,mpg,"flv to mpg",TIER-2,enumerated (heuristic order),,,video,video,same-category,https://cloudconvert.com/mp4-converter
2589,flv,ts,"flv to ts",TIER-2,enumerated (heuristic order),,,video,video,same-category,https://cloudconvert.com/mp4-converter
2590,flv,wmv,"flv to wmv",TIER-2,enumerated (heuristic order),,,video,video,same-category,https://cloudconvert.com/mp4-converter
2591,heif,arw,"heif to arw",TIER-2,enumerated (heuristic order),,,image,image,same-category,https://cloudconvert.com/image-converter
2592,heif,avif,"heif to avif",TIER-2,enumerated (heuristic order),,,image,image,same-category,https://cloudconvert.com/image-converter
2593,heif,bmp,"heif to bmp",TIER-2,enumerated (heuristic order),,,image,image,same-category,https://cloudconvert.com/image-converter
2594,heif,cr2,"heif to cr2",TIER-2,enumerated (heuristic order),,,image,image,same-category,https://cloudconvert.com/image-converter
2595,heif,dng,"heif to dng",TIER-2,enumerated (heuristic order),,,image,image,same-category,https://cloudconvert.com/image-converter
2596,heif,eps,"heif to eps",TIER-2,enumerated (heuristic order),,,image,image,same-category,https://cloudconvert.com/image-converter
2597,heif,ico,"heif to ico",TIER-2,enumerated (heuristic order),,,image,image,same-category,https://cloudconvert.com/image-converter
2598,heif,jfif,"heif to jfif",TIER-2,enumerated (heuristic order),,,image,image,same-category,https://cloudconvert.com/image-converter
2599,heif,nef,"heif to nef",TIER-2,enumerated (heuristic order),,,image,image,same-category,https://cloudconvert.com/image-converter
2600,heif,psd,"heif to psd",TIER-2,enumerated (heuristic order),,,image,image,same-category,https://cloudconvert.com/image-converter
2601,heif,raw,"heif to raw",TIER-2,enumerated (heuristic order),,,image,image,same-category,https://cloudconvert.com/image-converter
2602,heif,tif,"heif to tif",TIER-2,enumerated (heuristic order),,,image,image,same-category,https://cloudconvert.com/image-converter
2603,heif,tiff,"heif to tiff",TIER-2,enumerated (heuristic order),,,image,image,same-category,https://cloudconvert.com/image-converter
2604,ico,arw,"ico to arw",TIER-2,enumerated (heuristic order),,,image,image,same-category,https://cloudconvert.com/image-converter
2607,ico,cr2,"ico to cr2",TIER-2,enumerated (heuristic order),,,image,image,same-category,https://cloudconvert.com/image-converter
2608,ico,dng,"ico to dng",TIER-2,enumerated (heuristic order),,,image,image,same-category,https://cloudconvert.com/image-converter
2609,ico,eps,"ico to eps",TIER-2,enumerated (heuristic order),,,image,image,same-category,https://cloudconvert.com/image-converter
2610,ico,heif,"ico to heif",TIER-2,enumerated (heuristic order),,,image,image,same-category,https://cloudconvert.com/image-converter
2611,ico,jfif,"ico to jfif",TIER-2,enumerated (heuristic order),,,image,image,same-category,https://cloudconvert.com/image-converter
2612,ico,nef,"ico to nef",TIER-2,enumerated (heuristic order),,,image,image,same-category,https://cloudconvert.com/image-converter
2613,ico,psd,"ico to psd",TIER-2,enumerated (heuristic order),,,image,image,same-category,https://cloudconvert.com/image-converter
2614,ico,raw,"ico to raw",TIER-2,enumerated (heuristic order),,,image,image,same-category,https://cloudconvert.com/image-converter
2615,ico,tif,"ico to tif",TIER-2,enumerated (heuristic order),,,image,image,same-category,https://cloudconvert.com/image-converter
2617,jfif,arw,"jfif to arw",TIER-2,enumerated (heuristic order),,,image,image,same-category,https://cloudconvert.com/image-converter
2620,jfif,cr2,"jfif to cr2",TIER-2,enumerated (heuristic order),,,image,image,same-category,https://cloudconvert.com/image-converter
2621,jfif,dng,"jfif to dng",TIER-2,enumerated (heuristic order),,,image,image,same-category,https://cloudconvert.com/image-converter
2622,jfif,eps,"jfif to eps",TIER-2,enumerated (heuristic order),,,image,image,same-category,https://cloudconvert.com/image-converter
2623,jfif,heif,"jfif to heif",TIER-2,enumerated (heuristic order),,,image,image,same-category,https://cloudconvert.com/image-converter
2625,jfif,nef,"jfif to nef",TIER-2,enumerated (heuristic order),,,image,image,same-category,https://cloudconvert.com/image-converter
2626,jfif,psd,"jfif to psd",TIER-2,enumerated (heuristic order),,,image,image,same-category,https://cloudconvert.com/image-converter
2627,jfif,raw,"jfif to raw",TIER-2,enumerated (heuristic order),,,image,image,same-category,https://cloudconvert.com/image-converter
2628,jfif,tif,"jfif to tif",TIER-2,enumerated (heuristic order),,,image,image,same-category,https://cloudconvert.com/image-converter
2631,m4v,3gp,"m4v to 3gp",TIER-2,enumerated (heuristic order),,,video,video,same-category,https://cloudconvert.com/mp4-converter
2632,m4v,flv,"m4v to flv",TIER-2,enumerated (heuristic order),,,video,video,same-category,https://cloudconvert.com/mp4-converter
2633,m4v,mpeg,"m4v to mpeg",TIER-2,enumerated (heuristic order),,,video,video,same-category,https://cloudconvert.com/mp4-converter
2634,m4v,mpg,"m4v to mpg",TIER-2,enumerated (heuristic order),,,video,video,same-category,https://cloudconvert.com/mp4-converter
2635,m4v,ts,"m4v to ts",TIER-2,enumerated (heuristic order),,,video,video,same-category,https://cloudconvert.com/mp4-converter
2636,m4v,wmv,"m4v to wmv",TIER-2,enumerated (heuristic order),,,video,video,same-category,https://cloudconvert.com/mp4-converter
2640,mpeg,3gp,"mpeg to 3gp",TIER-2,enumerated (heuristic order),,,video,video,same-category,https://cloudconvert.com/mp4-converter
2641,mpeg,flv,"mpeg to flv",TIER-2,enumerated (heuristic order),,,video,video,same-category,https://cloudconvert.com/mp4-converter
2642,mpeg,m4v,"mpeg to m4v",TIER-2,enumerated (heuristic order),,,video,video,same-category,https://cloudconvert.com/mp4-converter
2643,mpeg,mpg,"mpeg to mpg",TIER-2,enumerated (heuristic order),,,video,video,same-category,https://cloudconvert.com/mp4-converter
2644,mpeg,ts,"mpeg to ts",TIER-2,enumerated (heuristic order),,,video,video,same-category,https://cloudconvert.com/mp4-converter
2645,mpeg,wmv,"mpeg to wmv",TIER-2,enumerated (heuristic order),,,video,video,same-category,https://cloudconvert.com/mp4-converter
2646,mpg,3gp,"mpg to 3gp",TIER-2,enumerated (heuristic order),,,video,video,same-category,https://cloudconvert.com/mp4-converter
2647,mpg,flv,"mpg to flv",TIER-2,enumerated (heuristic order),,,video,video,same-category,https://cloudconvert.com/mp4-converter
2648,mpg,m4v,"mpg to m4v",TIER-2,enumerated (heuristic order),,,video,video,same-category,https://cloudconvert.com/mp4-converter
2649,mpg,mpeg,"mpg to mpeg",TIER-2,enumerated (heuristic order),,,video,video,same-category,https://cloudconvert.com/mp4-converter
2650,mpg,ts,"mpg to ts",TIER-2,enumerated (heuristic order),,,video,video,same-category,https://cloudconvert.com/mp4-converter
2651,mpg,wmv,"mpg to wmv",TIER-2,enumerated (heuristic order),,,video,video,same-category,https://cloudconvert.com/mp4-converter
2652,nef,arw,"nef to arw",TIER-2,enumerated (heuristic order),,,image,image,same-category,https://cloudconvert.com/image-converter
2653,nef,avif,"nef to avif",TIER-2,enumerated (heuristic order),,,image,image,same-category,https://cloudconvert.com/image-converter
2654,nef,bmp,"nef to bmp",TIER-2,enumerated (heuristic order),,,image,image,same-category,https://cloudconvert.com/image-converter
2655,nef,cr2,"nef to cr2",TIER-2,enumerated (heuristic order),,,image,image,same-category,https://cloudconvert.com/image-converter
2656,nef,dng,"nef to dng",TIER-2,enumerated (heuristic order),,,image,image,same-category,https://cloudconvert.com/image-converter
2657,nef,eps,"nef to eps",TIER-2,enumerated (heuristic order),,,image,image,same-category,https://cloudconvert.com/image-converter
2658,nef,heif,"nef to heif",TIER-2,enumerated (heuristic order),,,image,image,same-category,https://cloudconvert.com/image-converter
2659,nef,ico,"nef to ico",TIER-2,enumerated (heuristic order),,,image,image,same-category,https://cloudconvert.com/image-converter
2660,nef,jfif,"nef to jfif",TIER-2,enumerated (heuristic order),,,image,image,same-category,https://cloudconvert.com/image-converter
2661,nef,psd,"nef to psd",TIER-2,enumerated (heuristic order),,,image,image,same-category,https://cloudconvert.com/image-converter
2662,nef,raw,"nef to raw",TIER-2,enumerated (heuristic order),,,image,image,same-category,https://cloudconvert.com/image-converter
2663,nef,tif,"nef to tif",TIER-2,enumerated (heuristic order),,,image,image,same-category,https://cloudconvert.com/image-converter
2664,nef,tiff,"nef to tiff",TIER-2,enumerated (heuristic order),,,image,image,same-category,https://cloudconvert.com/image-converter
2673,oga,aif,"oga to aif",TIER-2,enumerated (heuristic order),,,audio,audio,same-category,https://cloudconvert.com/audio-converter
2676,oga,opus,"oga to opus",TIER-2,enumerated (heuristic order),,,audio,audio,same-category,https://cloudconvert.com/audio-converter
2677,oga,wma,"oga to wma",TIER-2,enumerated (heuristic order),,,audio,audio,same-category,https://cloudconvert.com/audio-converter
2678,ogg,aif,"ogg to aif",TIER-2,enumerated (heuristic order),,,audio,audio,same-category,https://cloudconvert.com/audio-converter
2680,ogg,oga,"ogg to oga",TIER-2,enumerated (heuristic order),,,audio,audio,same-category,https://cloudconvert.com/audio-converter
2681,ogg,opus,"ogg to opus",TIER-2,enumerated (heuristic order),,,audio,audio,same-category,https://cloudconvert.com/audio-converter
2682,ogg,wma,"ogg to wma",TIER-2,enumerated (heuristic order),,,audio,audio,same-category,https://cloudconvert.com/audio-converter
2683,opus,aif,"opus to aif",TIER-2,enumerated (heuristic order),,,audio,audio,same-category,https://cloudconvert.com/audio-converter
2684,opus,aiff,"opus to aiff",TIER-2,enumerated (heuristic order),,,audio,audio,same-category,https://cloudconvert.com/audio-converter
2685,opus,oga,"opus to oga",TIER-2,enumerated (heuristic order),,,audio,audio,same-category,https://cloudconvert.com/audio-converter
2686,opus,ogg,"opus to ogg",TIER-2,enumerated (heuristic order),,,audio,audio,same-category,https://cloudconvert.com/audio-converter
2687,opus,wma,"opus to wma",TIER-2,enumerated (heuristic order),,,audio,audio,same-category,https://cloudconvert.com/audio-converter
2691,psd,arw,"psd to arw",TIER-2,enumerated (heuristic order),,,image,image,same-category,https://cloudconvert.com/image-converter
2692,psd,avif,"psd to avif",TIER-2,enumerated (heuristic order),,,image,image,same-category,https://cloudconvert.com/image-converter
2693,psd,bmp,"psd to bmp",TIER-2,enumerated (heuristic order),,,image,image,same-category,https://cloudconvert.com/image-converter
2694,psd,cr2,"psd to cr2",TIER-2,enumerated (heuristic order),,,image,image,same-category,https://cloudconvert.com/image-converter
2695,psd,dng,"psd to dng",TIER-2,enumerated (heuristic order),,,image,image,same-category,https://cloudconvert.com/image-converter
2696,psd,eps,"psd to eps",TIER-2,enumerated (heuristic order),,,image,image,same-category,https://cloudconvert.com/image-converter
2697,psd,heif,"psd to heif",TIER-2,enumerated (heuristic order),,,image,image,same-category,https://cloudconvert.com/image-converter
2698,psd,ico,"psd to ico",TIER-2,enumerated (heuristic order),,,image,image,same-category,https://cloudconvert.com/image-converter
2699,psd,jfif,"psd to jfif",TIER-2,enumerated (heuristic order),,,image,image,same-category,https://cloudconvert.com/image-converter
2700,psd,nef,"psd to nef",TIER-2,enumerated (heuristic order),,,image,image,same-category,https://cloudconvert.com/image-converter
2701,psd,raw,"psd to raw",TIER-2,enumerated (heuristic order),,,image,image,same-category,https://cloudconvert.com/image-converter
2702,psd,tif,"psd to tif",TIER-2,enumerated (heuristic order),,,image,image,same-category,https://cloudconvert.com/image-converter
2703,psd,tiff,"psd to tiff",TIER-2,enumerated (heuristic order),,,image,image,same-category,https://cloudconvert.com/image-converter
2704,raw,arw,"raw to arw",TIER-2,enumerated (heuristic order),,,image,image,same-category,https://cloudconvert.com/image-converter
2705,raw,avif,"raw to avif",TIER-2,enumerated (heuristic order),,,image,image,same-category,https://cloudconvert.com/image-converter
2706,raw,bmp,"raw to bmp",TIER-2,enumerated (heuristic order),,,image,image,same-category,https://cloudconvert.com/image-converter
2707,raw,cr2,"raw to cr2",TIER-2,enumerated (heuristic order),,,image,image,same-category,https://cloudconvert.com/image-converter
2708,raw,dng,"raw to dng",TIER-2,enumerated (heuristic order),,,image,image,same-category,https://cloudconvert.com/image-converter
2709,raw,eps,"raw to eps",TIER-2,enumerated (heuristic order),,,image,image,same-category,https://cloudconvert.com/image-converter
2710,raw,heif,"raw to heif",TIER-2,enumerated (heuristic order),,,image,image,same-category,https://cloudconvert.com/image-converter
2711,raw,ico,"raw to ico",TIER-2,enumerated (heuristic order),,,image,image,same-category,https://cloudconvert.com/image-converter
2712,raw,jfif,"raw to jfif",TIER-2,enumerated (heuristic order),,,image,image,same-category,https://cloudconvert.com/image-converter
2713,raw,nef,"raw to nef",TIER-2,enumerated (heuristic order),,,image,image,same-category,https://cloudconvert.com/image-converter
2714,raw,psd,"raw to psd",TIER-2,enumerated (heuristic order),,,image,image,same-category,https://cloudconvert.com/image-converter
2715,raw,tif,"raw to tif",TIER-2,enumerated (heuristic order),,,image,image,same-category,https://cloudconvert.com/image-converter
2716,raw,tiff,"raw to tiff",TIER-2,enumerated (heuristic order),,,image,image,same-category,https://cloudconvert.com/image-converter
2720,tif,arw,"tif to arw",TIER-2,enumerated (heuristic order),,,image,image,same-category,https://cloudconvert.com/image-converter
2723,tif,cr2,"tif to cr2",TIER-2,enumerated (heuristic order),,,image,image,same-category,https://cloudconvert.com/image-converter
2724,tif,dng,"tif to dng",TIER-2,enumerated (heuristic order),,,image,image,same-category,https://cloudconvert.com/image-converter
2725,tif,eps,"tif to eps",TIER-2,enumerated (heuristic order),,,image,image,same-category,https://cloudconvert.com/image-converter
2726,tif,heif,"tif to heif",TIER-2,enumerated (heuristic order),,,image,image,same-category,https://cloudconvert.com/image-converter
2728,tif,jfif,"tif to jfif",TIER-2,enumerated (heuristic order),,,image,image,same-category,https://cloudconvert.com/image-converter
2729,tif,nef,"tif to nef",TIER-2,enumerated (heuristic order),,,image,image,same-category,https://cloudconvert.com/image-converter
2730,tif,psd,"tif to psd",TIER-2,enumerated (heuristic order),,,image,image,same-category,https://cloudconvert.com/image-converter
2731,tif,raw,"tif to raw",TIER-2,enumerated (heuristic order),,,image,image,same-category,https://cloudconvert.com/image-converter
2732,tif,tiff,"tif to tiff",TIER-2,enumerated (heuristic order),,,image,image,same-category,https://cloudconvert.com/image-converter
2733,tiff,arw,"tiff to arw",TIER-2,enumerated (heuristic order),,,image,image,same-category,https://cloudconvert.com/image-converter
2736,tiff,cr2,"tiff to cr2",TIER-2,enumerated (heuristic order),,,image,image,same-category,https://cloudconvert.com/image-converter
2737,tiff,dng,"tiff to dng",TIER-2,enumerated (heuristic order),,,image,image,same-category,https://cloudconvert.com/image-converter
2738,tiff,eps,"tiff to eps",TIER-2,enumerated (heuristic order),,,image,image,same-category,https://cloudconvert.com/image-converter
2739,tiff,heif,"tiff to heif",TIER-2,enumerated (heuristic order),,,image,image,same-category,https://cloudconvert.com/image-converter
2741,tiff,jfif,"tiff to jfif",TIER-2,enumerated (heuristic order),,,image,image,same-category,https://cloudconvert.com/image-converter
2742,tiff,nef,"tiff to nef",TIER-2,enumerated (heuristic order),,,image,image,same-category,https://cloudconvert.com/image-converter
2743,tiff,psd,"tiff to psd",TIER-2,enumerated (heuristic order),,,image,image,same-category,https://cloudconvert.com/image-converter
2744,tiff,raw,"tiff to raw",TIER-2,enumerated (heuristic order),,,image,image,same-category,https://cloudconvert.com/image-converter
2745,tiff,tif,"tiff to tif",TIER-2,enumerated (heuristic order),,,image,image,same-category,https://cloudconvert.com/image-converter
2746,ts,3gp,"ts to 3gp",TIER-2,enumerated (heuristic order),,,video,video,same-category,https://cloudconvert.com/mp4-converter
2747,ts,flv,"ts to flv",TIER-2,enumerated (heuristic order),,,video,video,same-category,https://cloudconvert.com/mp4-converter
2748,ts,m4v,"ts to m4v",TIER-2,enumerated (heuristic order),,,video,video,same-category,https://cloudconvert.com/mp4-converter
2749,ts,mpeg,"ts to mpeg",TIER-2,enumerated (heuristic order),,,video,video,same-category,https://cloudconvert.com/mp4-converter
2750,ts,mpg,"ts to mpg",TIER-2,enumerated (heuristic order),,,video,video,same-category,https://cloudconvert.com/mp4-converter
2751,ts,wmv,"ts to wmv",TIER-2,enumerated (heuristic order),,,video,video,same-category,https://cloudconvert.com/mp4-converter
2752,wma,aif,"wma to aif",TIER-2,enumerated (heuristic order),,,audio,audio,same-category,https://cloudconvert.com/audio-converter
2753,wma,aiff,"wma to aiff",TIER-2,enumerated (heuristic order),,,audio,audio,same-category,https://cloudconvert.com/audio-converter
2754,wma,oga,"wma to oga",TIER-2,enumerated (heuristic order),,,audio,audio,same-category,https://cloudconvert.com/audio-converter
2755,wma,ogg,"wma to ogg",TIER-2,enumerated (heuristic order),,,audio,audio,same-category,https://cloudconvert.com/audio-converter
2756,wma,opus,"wma to opus",TIER-2,enumerated (heuristic order),,,audio,audio,same-category,https://cloudconvert.com/audio-converter
2757,wmv,3gp,"wmv to 3gp",TIER-2,enumerated (heuristic order),,,video,video,same-category,https://cloudconvert.com/mp4-converter
2758,wmv,flv,"wmv to flv",TIER-2,enumerated (heuristic order),,,video,video,same-category,https://cloudconvert.com/mp4-converter
2759,wmv,m4v,"wmv to m4v",TIER-2,enumerated (heuristic order),,,video,video,same-category,https://cloudconvert.com/mp4-converter
2760,wmv,mpeg,"wmv to mpeg",TIER-2,enumerated (heuristic order),,,video,video,same-category,https://cloudconvert.com/mp4-converter
2761,wmv,mpg,"wmv to mpg",TIER-2,enumerated (heuristic order),,,video,video,same-category,https://cloudconvert.com/mp4-converter
2762,wmv,ts,"wmv to ts",TIER-2,enumerated (heuristic order),,,video,video,same-category,https://cloudconvert.com/mp4-converter
2765,3fr,ai,"3fr to ai",TIER-2,enumerated (heuristic order),,,image,vector,cross-category,https://cloudconvert.com/image-converter
2766,3fr,doc,"3fr to doc",TIER-2,enumerated (heuristic order),,,image,document,cross-category,https://cloudconvert.com/image-converter
2767,3fr,html,"3fr to html",TIER-2,enumerated (heuristic order),,,image,document,cross-category,https://cloudconvert.com/image-converter
2768,3fr,ppt,"3fr to ppt",TIER-2,enumerated (heuristic order),,,image,presentation,cross-category,https://cloudconvert.com/image-converter
2769,3fr,txt,"3fr to txt",TIER-2,enumerated (heuristic order),,,image,document,cross-category,https://cloudconvert.com/image-converter
2770,3g2,aac,"3g2 to aac",TIER-2,enumerated (heuristic order),,,video,audio,cross-category,https://cloudconvert.com/mp4-converter
2771,3g2,flac,"3g2 to flac",TIER-2,enumerated (heuristic order),,,video,audio,cross-category,https://cloudconvert.com/mp4-converter
2772,3g2,gif,"3g2 to gif",TIER-2,enumerated (heuristic order),,,video,image,cross-category,https://cloudconvert.com/mp4-converter
2773,3g2,heic,"3g2 to heic",TIER-2,enumerated (heuristic order),,,video,image,cross-category,https://cloudconvert.com/mp4-converter
2774,3g2,jpeg,"3g2 to jpeg",TIER-2,enumerated (heuristic order),,,video,image,cross-category,https://cloudconvert.com/mp4-converter
2775,3g2,m4a,"3g2 to m4a",TIER-2,enumerated (heuristic order),,,video,audio,cross-category,https://cloudconvert.com/mp4-converter
2776,3g2,svg,"3g2 to svg",TIER-2,enumerated (heuristic order),,,video,image,cross-category,https://cloudconvert.com/mp4-converter
2777,3g2,wav,"3g2 to wav",TIER-2,enumerated (heuristic order),,,video,audio,cross-category,https://cloudconvert.com/mp4-converter
2778,3g2,webp,"3g2 to webp",TIER-2,enumerated (heuristic order),,,video,image,cross-category,https://cloudconvert.com/mp4-converter
2779,3gpp,aac,"3gpp to aac",TIER-2,enumerated (heuristic order),,,video,audio,cross-category,https://cloudconvert.com/mp4-converter
2780,3gpp,flac,"3gpp to flac",TIER-2,enumerated (heuristic order),,,video,audio,cross-category,https://cloudconvert.com/mp4-converter
2781,3gpp,gif,"3gpp to gif",TIER-2,enumerated (heuristic order),,,video,image,cross-category,https://cloudconvert.com/mp4-converter
2782,3gpp,heic,"3gpp to heic",TIER-2,enumerated (heuristic order),,,video,image,cross-category,https://cloudconvert.com/mp4-converter
2783,3gpp,jpeg,"3gpp to jpeg",TIER-2,enumerated (heuristic order),,,video,image,cross-category,https://cloudconvert.com/mp4-converter
2784,3gpp,m4a,"3gpp to m4a",TIER-2,enumerated (heuristic order),,,video,audio,cross-category,https://cloudconvert.com/mp4-converter
2785,3gpp,svg,"3gpp to svg",TIER-2,enumerated (heuristic order),,,video,image,cross-category,https://cloudconvert.com/mp4-converter
2786,3gpp,wav,"3gpp to wav",TIER-2,enumerated (heuristic order),,,video,audio,cross-category,https://cloudconvert.com/mp4-converter
2787,3gpp,webp,"3gpp to webp",TIER-2,enumerated (heuristic order),,,video,image,cross-category,https://cloudconvert.com/mp4-converter
2788,aac,ac3,"aac to ac3",TIER-2,enumerated (heuristic order),,,audio,audio,same-category,https://cloudconvert.com/audio-converter
2789,aac,amr,"aac to amr",TIER-2,enumerated (heuristic order),,,audio,audio,same-category,https://cloudconvert.com/audio-converter
2790,aac,au,"aac to au",TIER-2,enumerated (heuristic order),,,audio,audio,same-category,https://cloudconvert.com/audio-converter
2791,aac,caf,"aac to caf",TIER-2,enumerated (heuristic order),,,audio,audio,same-category,https://cloudconvert.com/audio-converter
2792,aac,dss,"aac to dss",TIER-2,enumerated (heuristic order),,,audio,audio,same-category,https://cloudconvert.com/audio-converter
2793,aac,m4b,"aac to m4b",TIER-2,enumerated (heuristic order),,,audio,audio,same-category,https://cloudconvert.com/audio-converter
2794,aac,sf2,"aac to sf2",TIER-2,enumerated (heuristic order),,,audio,audio,same-category,https://cloudconvert.com/audio-converter
2795,aac,sfark,"aac to sfark",TIER-2,enumerated (heuristic order),,,audio,audio,same-category,https://cloudconvert.com/audio-converter
2796,aac,voc,"aac to voc",TIER-2,enumerated (heuristic order),,,audio,audio,same-category,https://cloudconvert.com/audio-converter
2797,aac,weba,"aac to weba",TIER-2,enumerated (heuristic order),,,audio,audio,same-category,https://cloudconvert.com/audio-converter
2805,ac3,avi,"ac3 to avi",TIER-2,enumerated (heuristic order),,,audio,video,cross-category,https://cloudconvert.com/audio-converter
2806,ac3,mkv,"ac3 to mkv",TIER-2,enumerated (heuristic order),,,audio,video,cross-category,https://cloudconvert.com/audio-converter
2807,ac3,mov,"ac3 to mov",TIER-2,enumerated (heuristic order),,,audio,video,cross-category,https://cloudconvert.com/audio-converter
2808,ac3,webm,"ac3 to webm",TIER-2,enumerated (heuristic order),,,audio,video,cross-category,https://cloudconvert.com/audio-converter
2816,amr,avi,"amr to avi",TIER-2,enumerated (heuristic order),,,audio,video,cross-category,https://cloudconvert.com/audio-converter
2817,amr,mkv,"amr to mkv",TIER-2,enumerated (heuristic order),,,audio,video,cross-category,https://cloudconvert.com/audio-converter
2818,amr,mov,"amr to mov",TIER-2,enumerated (heuristic order),,,audio,video,cross-category,https://cloudconvert.com/audio-converter
2819,amr,webm,"amr to webm",TIER-2,enumerated (heuristic order),,,audio,video,cross-category,https://cloudconvert.com/audio-converter
2820,au,avi,"au to avi",TIER-2,enumerated (heuristic order),,,audio,video,cross-category,https://cloudconvert.com/audio-converter
2821,au,mkv,"au to mkv",TIER-2,enumerated (heuristic order),,,audio,video,cross-category,https://cloudconvert.com/audio-converter
2822,au,mov,"au to mov",TIER-2,enumerated (heuristic order),,,audio,video,cross-category,https://cloudconvert.com/audio-converter
2823,au,webm,"au to webm",TIER-2,enumerated (heuristic order),,,audio,video,cross-category,https://cloudconvert.com/audio-converter
2824,avi,3g2,"avi to 3g2",TIER-2,enumerated (heuristic order),,,video,video,same-category,https://cloudconvert.com/mp4-converter
2825,avi,3gpp,"avi to 3gpp",TIER-2,enumerated (heuristic order),,,video,video,same-category,https://cloudconvert.com/mp4-converter
2826,avi,cavs,"avi to cavs",TIER-2,enumerated (heuristic order),,,video,video,same-category,https://cloudconvert.com/mp4-converter
2827,avi,dv,"avi to dv",TIER-2,enumerated (heuristic order),,,video,video,same-category,https://cloudconvert.com/mp4-converter
2828,avi,dvr,"avi to dvr",TIER-2,enumerated (heuristic order),,,video,video,same-category,https://cloudconvert.com/mp4-converter
2829,avi,m2ts,"avi to m2ts",TIER-2,enumerated (heuristic order),,,video,video,same-category,https://cloudconvert.com/mp4-converter
2830,avi,mod,"avi to mod",TIER-2,enumerated (heuristic order),,,video,video,same-category,https://cloudconvert.com/mp4-converter
2831,avi,mts,"avi to mts",TIER-2,enumerated (heuristic order),,,video,video,same-category,https://cloudconvert.com/mp4-converter
2832,avi,mxf,"avi to mxf",TIER-2,enumerated (heuristic order),,,video,video,same-category,https://cloudconvert.com/mp4-converter
2833,avi,ogv,"avi to ogv",TIER-2,enumerated (heuristic order),,,video,video,same-category,https://cloudconvert.com/mp4-converter
2834,avi,rm,"avi to rm",TIER-2,enumerated (heuristic order),,,video,video,same-category,https://cloudconvert.com/mp4-converter
2835,avi,rmvb,"avi to rmvb",TIER-2,enumerated (heuristic order),,,video,video,same-category,https://cloudconvert.com/mp4-converter
2836,avi,swf,"avi to swf",TIER-2,enumerated (heuristic order),,,video,video,same-category,https://cloudconvert.com/mp4-converter
2837,avi,vob,"avi to vob",TIER-2,enumerated (heuristic order),,,video,video,same-category,https://cloudconvert.com/mp4-converter
2838,avi,wtv,"avi to wtv",TIER-2,enumerated (heuristic order),,,video,video,same-category,https://cloudconvert.com/mp4-converter
2847,caf,avi,"caf to avi",TIER-2,enumerated (heuristic order),,,audio,video,cross-category,https://cloudconvert.com/audio-converter
2848,caf,mkv,"caf to mkv",TIER-2,enumerated (heuristic order),,,audio,video,cross-category,https://cloudconvert.com/audio-converter
2849,caf,mov,"caf to mov",TIER-2,enumerated (heuristic order),,,audio,video,cross-category,https://cloudconvert.com/audio-converter
2850,caf,webm,"caf to webm",TIER-2,enumerated (heuristic order),,,audio,video,cross-category,https://cloudconvert.com/audio-converter
2851,cavs,aac,"cavs to aac",TIER-2,enumerated (heuristic order),,,video,audio,cross-category,https://cloudconvert.com/mp4-converter
2852,cavs,flac,"cavs to flac",TIER-2,enumerated (heuristic order),,,video,audio,cross-category,https://cloudconvert.com/mp4-converter
2853,cavs,gif,"cavs to gif",TIER-2,enumerated (heuristic order),,,video,image,cross-category,https://cloudconvert.com/mp4-converter
2854,cavs,heic,"cavs to heic",TIER-2,enumerated (heuristic order),,,video,image,cross-category,https://cloudconvert.com/mp4-converter
2855,cavs,jpeg,"cavs to jpeg",TIER-2,enumerated (heuristic order),,,video,image,cross-category,https://cloudconvert.com/mp4-converter
2856,cavs,m4a,"cavs to m4a",TIER-2,enumerated (heuristic order),,,video,audio,cross-category,https://cloudconvert.com/mp4-converter
2857,cavs,svg,"cavs to svg",TIER-2,enumerated (heuristic order),,,video,image,cross-category,https://cloudconvert.com/mp4-converter
2858,cavs,wav,"cavs to wav",TIER-2,enumerated (heuristic order),,,video,audio,cross-category,https://cloudconvert.com/mp4-converter
2859,cavs,webp,"cavs to webp",TIER-2,enumerated (heuristic order),,,video,image,cross-category,https://cloudconvert.com/mp4-converter
2884,cr3,ai,"cr3 to ai",TIER-2,enumerated (heuristic order),,,image,vector,cross-category,https://cloudconvert.com/image-converter
2885,cr3,doc,"cr3 to doc",TIER-2,enumerated (heuristic order),,,image,document,cross-category,https://cloudconvert.com/image-converter
2886,cr3,html,"cr3 to html",TIER-2,enumerated (heuristic order),,,image,document,cross-category,https://cloudconvert.com/image-converter
2887,cr3,ppt,"cr3 to ppt",TIER-2,enumerated (heuristic order),,,image,presentation,cross-category,https://cloudconvert.com/image-converter
2888,cr3,txt,"cr3 to txt",TIER-2,enumerated (heuristic order),,,image,document,cross-category,https://cloudconvert.com/image-converter
2889,crw,ai,"crw to ai",TIER-2,enumerated (heuristic order),,,image,vector,cross-category,https://cloudconvert.com/image-converter
2890,crw,doc,"crw to doc",TIER-2,enumerated (heuristic order),,,image,document,cross-category,https://cloudconvert.com/image-converter
2891,crw,html,"crw to html",TIER-2,enumerated (heuristic order),,,image,document,cross-category,https://cloudconvert.com/image-converter
2892,crw,ppt,"crw to ppt",TIER-2,enumerated (heuristic order),,,image,presentation,cross-category,https://cloudconvert.com/image-converter
2893,crw,txt,"crw to txt",TIER-2,enumerated (heuristic order),,,image,document,cross-category,https://cloudconvert.com/image-converter
2896,dcr,ai,"dcr to ai",TIER-2,enumerated (heuristic order),,,image,vector,cross-category,https://cloudconvert.com/image-converter
2897,dcr,doc,"dcr to doc",TIER-2,enumerated (heuristic order),,,image,document,cross-category,https://cloudconvert.com/image-converter
2898,dcr,html,"dcr to html",TIER-2,enumerated (heuristic order),,,image,document,cross-category,https://cloudconvert.com/image-converter
2899,dcr,ppt,"dcr to ppt",TIER-2,enumerated (heuristic order),,,image,presentation,cross-category,https://cloudconvert.com/image-converter
2900,dcr,txt,"dcr to txt",TIER-2,enumerated (heuristic order),,,image,document,cross-category,https://cloudconvert.com/image-converter
2965,dss,avi,"dss to avi",TIER-2,enumerated (heuristic order),,,audio,video,cross-category,https://cloudconvert.com/audio-converter
2966,dss,mkv,"dss to mkv",TIER-2,enumerated (heuristic order),,,audio,video,cross-category,https://cloudconvert.com/audio-converter
2967,dss,mov,"dss to mov",TIER-2,enumerated (heuristic order),,,audio,video,cross-category,https://cloudconvert.com/audio-converter
2968,dss,webm,"dss to webm",TIER-2,enumerated (heuristic order),,,audio,video,cross-category,https://cloudconvert.com/audio-converter
2969,dv,aac,"dv to aac",TIER-2,enumerated (heuristic order),,,video,audio,cross-category,https://cloudconvert.com/mp4-converter
2970,dv,flac,"dv to flac",TIER-2,enumerated (heuristic order),,,video,audio,cross-category,https://cloudconvert.com/mp4-converter
2971,dv,gif,"dv to gif",TIER-2,enumerated (heuristic order),,,video,image,cross-category,https://cloudconvert.com/mp4-converter
2972,dv,heic,"dv to heic",TIER-2,enumerated (heuristic order),,,video,image,cross-category,https://cloudconvert.com/mp4-converter
2973,dv,jpeg,"dv to jpeg",TIER-2,enumerated (heuristic order),,,video,image,cross-category,https://cloudconvert.com/mp4-converter
2974,dv,m4a,"dv to m4a",TIER-2,enumerated (heuristic order),,,video,audio,cross-category,https://cloudconvert.com/mp4-converter
2975,dv,svg,"dv to svg",TIER-2,enumerated (heuristic order),,,video,image,cross-category,https://cloudconvert.com/mp4-converter
2976,dv,wav,"dv to wav",TIER-2,enumerated (heuristic order),,,video,audio,cross-category,https://cloudconvert.com/mp4-converter
2977,dv,webp,"dv to webp",TIER-2,enumerated (heuristic order),,,video,image,cross-category,https://cloudconvert.com/mp4-converter
2978,dvr,aac,"dvr to aac",TIER-2,enumerated (heuristic order),,,video,audio,cross-category,https://cloudconvert.com/mp4-converter
2979,dvr,flac,"dvr to flac",TIER-2,enumerated (heuristic order),,,video,audio,cross-category,https://cloudconvert.com/mp4-converter
2980,dvr,gif,"dvr to gif",TIER-2,enumerated (heuristic order),,,video,image,cross-category,https://cloudconvert.com/mp4-converter
2981,dvr,heic,"dvr to heic",TIER-2,enumerated (heuristic order),,,video,image,cross-category,https://cloudconvert.com/mp4-converter
2982,dvr,jpeg,"dvr to jpeg",TIER-2,enumerated (heuristic order),,,video,image,cross-category,https://cloudconvert.com/mp4-converter
2983,dvr,m4a,"dvr to m4a",TIER-2,enumerated (heuristic order),,,video,audio,cross-category,https://cloudconvert.com/mp4-converter
2984,dvr,svg,"dvr to svg",TIER-2,enumerated (heuristic order),,,video,image,cross-category,https://cloudconvert.com/mp4-converter
2985,dvr,wav,"dvr to wav",TIER-2,enumerated (heuristic order),,,video,audio,cross-category,https://cloudconvert.com/mp4-converter
2986,dvr,webp,"dvr to webp",TIER-2,enumerated (heuristic order),,,video,image,cross-category,https://cloudconvert.com/mp4-converter
3009,erf,ai,"erf to ai",TIER-2,enumerated (heuristic order),,,image,vector,cross-category,https://cloudconvert.com/image-converter
3010,erf,doc,"erf to doc",TIER-2,enumerated (heuristic order),,,image,document,cross-category,https://cloudconvert.com/image-converter
3011,erf,html,"erf to html",TIER-2,enumerated (heuristic order),,,image,document,cross-category,https://cloudconvert.com/image-converter
3012,erf,ppt,"erf to ppt",TIER-2,enumerated (heuristic order),,,image,presentation,cross-category,https://cloudconvert.com/image-converter
3013,erf,txt,"erf to txt",TIER-2,enumerated (heuristic order),,,image,document,cross-category,https://cloudconvert.com/image-converter
3022,flac,ac3,"flac to ac3",TIER-2,enumerated (heuristic order),,,audio,audio,same-category,https://cloudconvert.com/audio-converter
3023,flac,amr,"flac to amr",TIER-2,enumerated (heuristic order),,,audio,audio,same-category,https://cloudconvert.com/audio-converter
3024,flac,au,"flac to au",TIER-2,enumerated (heuristic order),,,audio,audio,same-category,https://cloudconvert.com/audio-converter
3025,flac,caf,"flac to caf",TIER-2,enumerated (heuristic order),,,audio,audio,same-category,https://cloudconvert.com/audio-converter
3026,flac,dss,"flac to dss",TIER-2,enumerated (heuristic order),,,audio,audio,same-category,https://cloudconvert.com/audio-converter
3027,flac,m4b,"flac to m4b",TIER-2,enumerated (heuristic order),,,audio,audio,same-category,https://cloudconvert.com/audio-converter
3028,flac,sf2,"flac to sf2",TIER-2,enumerated (heuristic order),,,audio,audio,same-category,https://cloudconvert.com/audio-converter
3029,flac,sfark,"flac to sfark",TIER-2,enumerated (heuristic order),,,audio,audio,same-category,https://cloudconvert.com/audio-converter
3030,flac,voc,"flac to voc",TIER-2,enumerated (heuristic order),,,audio,audio,same-category,https://cloudconvert.com/audio-converter
3031,flac,weba,"flac to weba",TIER-2,enumerated (heuristic order),,,audio,audio,same-category,https://cloudconvert.com/audio-converter
3032,gif,3fr,"gif to 3fr",TIER-2,enumerated (heuristic order),,,image,image,same-category,https://cloudconvert.com/image-converter
3033,gif,cr3,"gif to cr3",TIER-2,enumerated (heuristic order),,,image,image,same-category,https://cloudconvert.com/image-converter
3034,gif,crw,"gif to crw",TIER-2,enumerated (heuristic order),,,image,image,same-category,https://cloudconvert.com/image-converter
3035,gif,dcr,"gif to dcr",TIER-2,enumerated (heuristic order),,,image,image,same-category,https://cloudconvert.com/image-converter
3036,gif,erf,"gif to erf",TIER-2,enumerated (heuristic order),,,image,image,same-category,https://cloudconvert.com/image-converter
3037,gif,icns,"gif to icns",TIER-2,enumerated (heuristic order),,,image,image,same-category,https://cloudconvert.com/image-converter
3038,gif,mos,"gif to mos",TIER-2,enumerated (heuristic order),,,image,image,same-category,https://cloudconvert.com/image-converter
3039,gif,mrw,"gif to mrw",TIER-2,enumerated (heuristic order),,,image,image,same-category,https://cloudconvert.com/image-converter
3040,gif,odd,"gif to odd",TIER-2,enumerated (heuristic order),,,image,image,same-category,https://cloudconvert.com/image-converter
3041,gif,odg,"gif to odg",TIER-2,enumerated (heuristic order),,,image,image,same-category,https://cloudconvert.com/image-converter
3042,gif,orf,"gif to orf",TIER-2,enumerated (heuristic order),,,image,image,same-category,https://cloudconvert.com/image-converter
3043,gif,pef,"gif to pef",TIER-2,enumerated (heuristic order),,,image,image,same-category,https://cloudconvert.com/image-converter
3044,gif,ppm,"gif to ppm",TIER-2,enumerated (heuristic order),,,image,image,same-category,https://cloudconvert.com/image-converter
3045,gif,ps,"gif to ps",TIER-2,enumerated (heuristic order),,,image,image,same-category,https://cloudconvert.com/image-converter
3046,gif,psb,"gif to psb",TIER-2,enumerated (heuristic order),,,image,image,same-category,https://cloudconvert.com/image-converter
3047,gif,pub,"gif to pub",TIER-2,enumerated (heuristic order),,,image,image,same-category,https://cloudconvert.com/image-converter
3048,gif,raf,"gif to raf",TIER-2,enumerated (heuristic order),,,image,image,same-category,https://cloudconvert.com/image-converter
3049,gif,rw2,"gif to rw2",TIER-2,enumerated (heuristic order),,,image,image,same-category,https://cloudconvert.com/image-converter
3050,gif,tga,"gif to tga",TIER-2,enumerated (heuristic order),,,image,image,same-category,https://cloudconvert.com/image-converter
3051,gif,x3f,"gif to x3f",TIER-2,enumerated (heuristic order),,,image,image,same-category,https://cloudconvert.com/image-converter
3052,gif,xcf,"gif to xcf",TIER-2,enumerated (heuristic order),,,image,image,same-category,https://cloudconvert.com/image-converter
3053,gif,xps,"gif to xps",TIER-2,enumerated (heuristic order),,,image,image,same-category,https://cloudconvert.com/image-converter
3054,heic,3fr,"heic to 3fr",TIER-2,enumerated (heuristic order),,,image,image,same-category,https://cloudconvert.com/image-converter
3055,heic,cr3,"heic to cr3",TIER-2,enumerated (heuristic order),,,image,image,same-category,https://cloudconvert.com/image-converter
3056,heic,crw,"heic to crw",TIER-2,enumerated (heuristic order),,,image,image,same-category,https://cloudconvert.com/image-converter
3057,heic,dcr,"heic to dcr",TIER-2,enumerated (heuristic order),,,image,image,same-category,https://cloudconvert.com/image-converter
3058,heic,erf,"heic to erf",TIER-2,enumerated (heuristic order),,,image,image,same-category,https://cloudconvert.com/image-converter
3059,heic,icns,"heic to icns",TIER-2,enumerated (heuristic order),,,image,image,same-category,https://cloudconvert.com/image-converter
3060,heic,mos,"heic to mos",TIER-2,enumerated (heuristic order),,,image,image,same-category,https://cloudconvert.com/image-converter
3061,heic,mrw,"heic to mrw",TIER-2,enumerated (heuristic order),,,image,image,same-category,https://cloudconvert.com/image-converter
3062,heic,odd,"heic to odd",TIER-2,enumerated (heuristic order),,,image,image,same-category,https://cloudconvert.com/image-converter
3063,heic,odg,"heic to odg",TIER-2,enumerated (heuristic order),,,image,image,same-category,https://cloudconvert.com/image-converter
3064,heic,orf,"heic to orf",TIER-2,enumerated (heuristic order),,,image,image,same-category,https://cloudconvert.com/image-converter
3065,heic,pef,"heic to pef",TIER-2,enumerated (heuristic order),,,image,image,same-category,https://cloudconvert.com/image-converter
3066,heic,ppm,"heic to ppm",TIER-2,enumerated (heuristic order),,,image,image,same-category,https://cloudconvert.com/image-converter
3067,heic,ps,"heic to ps",TIER-2,enumerated (heuristic order),,,image,image,same-category,https://cloudconvert.com/image-converter
3068,heic,psb,"heic to psb",TIER-2,enumerated (heuristic order),,,image,image,same-category,https://cloudconvert.com/image-converter
3069,heic,pub,"heic to pub",TIER-2,enumerated (heuristic order),,,image,image,same-category,https://cloudconvert.com/image-converter
3070,heic,raf,"heic to raf",TIER-2,enumerated (heuristic order),,,image,image,same-category,https://cloudconvert.com/image-converter
3071,heic,rw2,"heic to rw2",TIER-2,enumerated (heuristic order),,,image,image,same-category,https://cloudconvert.com/image-converter
3072,heic,tga,"heic to tga",TIER-2,enumerated (heuristic order),,,image,image,same-category,https://cloudconvert.com/image-converter
3073,heic,x3f,"heic to x3f",TIER-2,enumerated (heuristic order),,,image,image,same-category,https://cloudconvert.com/image-converter
3074,heic,xcf,"heic to xcf",TIER-2,enumerated (heuristic order),,,image,image,same-category,https://cloudconvert.com/image-converter
3075,heic,xps,"heic to xps",TIER-2,enumerated (heuristic order),,,image,image,same-category,https://cloudconvert.com/image-converter
3112,icns,ai,"icns to ai",TIER-2,enumerated (heuristic order),,,image,vector,cross-category,https://cloudconvert.com/image-converter
3113,icns,doc,"icns to doc",TIER-2,enumerated (heuristic order),,,image,document,cross-category,https://cloudconvert.com/image-converter
3114,icns,html,"icns to html",TIER-2,enumerated (heuristic order),,,image,document,cross-category,https://cloudconvert.com/image-converter
3115,icns,ppt,"icns to ppt",TIER-2,enumerated (heuristic order),,,image,presentation,cross-category,https://cloudconvert.com/image-converter
3116,icns,txt,"icns to txt",TIER-2,enumerated (heuristic order),,,image,document,cross-category,https://cloudconvert.com/image-converter
3117,jpeg,3fr,"jpeg to 3fr",TIER-2,enumerated (heuristic order),,,image,image,same-category,https://cloudconvert.com/image-converter
3118,jpeg,cr3,"jpeg to cr3",TIER-2,enumerated (heuristic order),,,image,image,same-category,https://cloudconvert.com/image-converter
3119,jpeg,crw,"jpeg to crw",TIER-2,enumerated (heuristic order),,,image,image,same-category,https://cloudconvert.com/image-converter
3120,jpeg,dcr,"jpeg to dcr",TIER-2,enumerated (heuristic order),,,image,image,same-category,https://cloudconvert.com/image-converter
3121,jpeg,erf,"jpeg to erf",TIER-2,enumerated (heuristic order),,,image,image,same-category,https://cloudconvert.com/image-converter
3122,jpeg,icns,"jpeg to icns",TIER-2,enumerated (heuristic order),,,image,image,same-category,https://cloudconvert.com/image-converter
3123,jpeg,mos,"jpeg to mos",TIER-2,enumerated (heuristic order),,,image,image,same-category,https://cloudconvert.com/image-converter
3124,jpeg,mrw,"jpeg to mrw",TIER-2,enumerated (heuristic order),,,image,image,same-category,https://cloudconvert.com/image-converter
3125,jpeg,odd,"jpeg to odd",TIER-2,enumerated (heuristic order),,,image,image,same-category,https://cloudconvert.com/image-converter
3126,jpeg,odg,"jpeg to odg",TIER-2,enumerated (heuristic order),,,image,image,same-category,https://cloudconvert.com/image-converter
3127,jpeg,orf,"jpeg to orf",TIER-2,enumerated (heuristic order),,,image,image,same-category,https://cloudconvert.com/image-converter
3128,jpeg,pef,"jpeg to pef",TIER-2,enumerated (heuristic order),,,image,image,same-category,https://cloudconvert.com/image-converter
3129,jpeg,ppm,"jpeg to ppm",TIER-2,enumerated (heuristic order),,,image,image,same-category,https://cloudconvert.com/image-converter
3130,jpeg,ps,"jpeg to ps",TIER-2,enumerated (heuristic order),,,image,image,same-category,https://cloudconvert.com/image-converter
3131,jpeg,psb,"jpeg to psb",TIER-2,enumerated (heuristic order),,,image,image,same-category,https://cloudconvert.com/image-converter
3132,jpeg,pub,"jpeg to pub",TIER-2,enumerated (heuristic order),,,image,image,same-category,https://cloudconvert.com/image-converter
3133,jpeg,raf,"jpeg to raf",TIER-2,enumerated (heuristic order),,,image,image,same-category,https://cloudconvert.com/image-converter
3134,jpeg,rw2,"jpeg to rw2",TIER-2,enumerated (heuristic order),,,image,image,same-category,https://cloudconvert.com/image-converter
3135,jpeg,tga,"jpeg to tga",TIER-2,enumerated (heuristic order),,,image,image,same-category,https://cloudconvert.com/image-converter
3136,jpeg,x3f,"jpeg to x3f",TIER-2,enumerated (heuristic order),,,image,image,same-category,https://cloudconvert.com/image-converter
3137,jpeg,xcf,"jpeg to xcf",TIER-2,enumerated (heuristic order),,,image,image,same-category,https://cloudconvert.com/image-converter
3138,jpeg,xps,"jpeg to xps",TIER-2,enumerated (heuristic order),,,image,image,same-category,https://cloudconvert.com/image-converter
3139,jpg,3fr,"jpg to 3fr",TIER-2,enumerated (heuristic order),,,image,image,same-category,https://cloudconvert.com/image-converter
3140,jpg,cr3,"jpg to cr3",TIER-2,enumerated (heuristic order),,,image,image,same-category,https://cloudconvert.com/image-converter
3141,jpg,crw,"jpg to crw",TIER-2,enumerated (heuristic order),,,image,image,same-category,https://cloudconvert.com/image-converter
3142,jpg,dcr,"jpg to dcr",TIER-2,enumerated (heuristic order),,,image,image,same-category,https://cloudconvert.com/image-converter
3143,jpg,erf,"jpg to erf",TIER-2,enumerated (heuristic order),,,image,image,same-category,https://cloudconvert.com/image-converter
3144,jpg,icns,"jpg to icns",TIER-2,enumerated (heuristic order),,,image,image,same-category,https://cloudconvert.com/image-converter
3145,jpg,mos,"jpg to mos",TIER-2,enumerated (heuristic order),,,image,image,same-category,https://cloudconvert.com/image-converter
3146,jpg,mrw,"jpg to mrw",TIER-2,enumerated (heuristic order),,,image,image,same-category,https://cloudconvert.com/image-converter
3147,jpg,odd,"jpg to odd",TIER-2,enumerated (heuristic order),,,image,image,same-category,https://cloudconvert.com/image-converter
3148,jpg,odg,"jpg to odg",TIER-2,enumerated (heuristic order),,,image,image,same-category,https://cloudconvert.com/image-converter
3149,jpg,orf,"jpg to orf",TIER-2,enumerated (heuristic order),,,image,image,same-category,https://cloudconvert.com/image-converter
3150,jpg,pef,"jpg to pef",TIER-2,enumerated (heuristic order),,,image,image,same-category,https://cloudconvert.com/image-converter
3151,jpg,ppm,"jpg to ppm",TIER-2,enumerated (heuristic order),,,image,image,same-category,https://cloudconvert.com/image-converter
3152,jpg,ps,"jpg to ps",TIER-2,enumerated (heuristic order),,,image,image,same-category,https://cloudconvert.com/image-converter
3153,jpg,psb,"jpg to psb",TIER-2,enumerated (heuristic order),,,image,image,same-category,https://cloudconvert.com/image-converter
3154,jpg,pub,"jpg to pub",TIER-2,enumerated (heuristic order),,,image,image,same-category,https://cloudconvert.com/image-converter
3155,jpg,raf,"jpg to raf",TIER-2,enumerated (heuristic order),,,image,image,same-category,https://cloudconvert.com/image-converter
3156,jpg,rw2,"jpg to rw2",TIER-2,enumerated (heuristic order),,,image,image,same-category,https://cloudconvert.com/image-converter
3157,jpg,tga,"jpg to tga",TIER-2,enumerated (heuristic order),,,image,image,same-category,https://cloudconvert.com/image-converter
3158,jpg,x3f,"jpg to x3f",TIER-2,enumerated (heuristic order),,,image,image,same-category,https://cloudconvert.com/image-converter
3159,jpg,xcf,"jpg to xcf",TIER-2,enumerated (heuristic order),,,image,image,same-category,https://cloudconvert.com/image-converter
3160,jpg,xps,"jpg to xps",TIER-2,enumerated (heuristic order),,,image,image,same-category,https://cloudconvert.com/image-converter
3184,m2ts,aac,"m2ts to aac",TIER-2,enumerated (heuristic order),,,video,audio,cross-category,https://cloudconvert.com/mp4-converter
3185,m2ts,flac,"m2ts to flac",TIER-2,enumerated (heuristic order),,,video,audio,cross-category,https://cloudconvert.com/mp4-converter
3186,m2ts,gif,"m2ts to gif",TIER-2,enumerated (heuristic order),,,video,image,cross-category,https://cloudconvert.com/mp4-converter
3187,m2ts,heic,"m2ts to heic",TIER-2,enumerated (heuristic order),,,video,image,cross-category,https://cloudconvert.com/mp4-converter
3188,m2ts,jpeg,"m2ts to jpeg",TIER-2,enumerated (heuristic order),,,video,image,cross-category,https://cloudconvert.com/mp4-converter
3189,m2ts,m4a,"m2ts to m4a",TIER-2,enumerated (heuristic order),,,video,audio,cross-category,https://cloudconvert.com/mp4-converter
3190,m2ts,svg,"m2ts to svg",TIER-2,enumerated (heuristic order),,,video,image,cross-category,https://cloudconvert.com/mp4-converter
3191,m2ts,wav,"m2ts to wav",TIER-2,enumerated (heuristic order),,,video,audio,cross-category,https://cloudconvert.com/mp4-converter
3192,m2ts,webp,"m2ts to webp",TIER-2,enumerated (heuristic order),,,video,image,cross-category,https://cloudconvert.com/mp4-converter
3193,m4a,ac3,"m4a to ac3",TIER-2,enumerated (heuristic order),,,audio,audio,same-category,https://cloudconvert.com/audio-converter
3194,m4a,amr,"m4a to amr",TIER-2,enumerated (heuristic order),,,audio,audio,same-category,https://cloudconvert.com/audio-converter
3195,m4a,au,"m4a to au",TIER-2,enumerated (heuristic order),,,audio,audio,same-category,https://cloudconvert.com/audio-converter
3196,m4a,caf,"m4a to caf",TIER-2,enumerated (heuristic order),,,audio,audio,same-category,https://cloudconvert.com/audio-converter
3197,m4a,dss,"m4a to dss",TIER-2,enumerated (heuristic order),,,audio,audio,same-category,https://cloudconvert.com/audio-converter
3198,m4a,m4b,"m4a to m4b",TIER-2,enumerated (heuristic order),,,audio,audio,same-category,https://cloudconvert.com/audio-converter
3199,m4a,sf2,"m4a to sf2",TIER-2,enumerated (heuristic order),,,audio,audio,same-category,https://cloudconvert.com/audio-converter
3200,m4a,sfark,"m4a to sfark",TIER-2,enumerated (heuristic order),,,audio,audio,same-category,https://cloudconvert.com/audio-converter
3201,m4a,voc,"m4a to voc",TIER-2,enumerated (heuristic order),,,audio,audio,same-category,https://cloudconvert.com/audio-converter
3202,m4a,weba,"m4a to weba",TIER-2,enumerated (heuristic order),,,audio,audio,same-category,https://cloudconvert.com/audio-converter
3203,m4b,avi,"m4b to avi",TIER-2,enumerated (heuristic order),,,audio,video,cross-category,https://cloudconvert.com/audio-converter
3204,m4b,mkv,"m4b to mkv",TIER-2,enumerated (heuristic order),,,audio,video,cross-category,https://cloudconvert.com/audio-converter
3205,m4b,mov,"m4b to mov",TIER-2,enumerated (heuristic order),,,audio,video,cross-category,https://cloudconvert.com/audio-converter
3206,m4b,webm,"m4b to webm",TIER-2,enumerated (heuristic order),,,audio,video,cross-category,https://cloudconvert.com/audio-converter
3207,mkv,3g2,"mkv to 3g2",TIER-2,enumerated (heuristic order),,,video,video,same-category,https://cloudconvert.com/mp4-converter
3208,mkv,3gpp,"mkv to 3gpp",TIER-2,enumerated (heuristic order),,,video,video,same-category,https://cloudconvert.com/mp4-converter
3209,mkv,cavs,"mkv to cavs",TIER-2,enumerated (heuristic order),,,video,video,same-category,https://cloudconvert.com/mp4-converter
3210,mkv,dv,"mkv to dv",TIER-2,enumerated (heuristic order),,,video,video,same-category,https://cloudconvert.com/mp4-converter
3211,mkv,dvr,"mkv to dvr",TIER-2,enumerated (heuristic order),,,video,video,same-category,https://cloudconvert.com/mp4-converter
3212,mkv,m2ts,"mkv to m2ts",TIER-2,enumerated (heuristic order),,,video,video,same-category,https://cloudconvert.com/mp4-converter
3213,mkv,mod,"mkv to mod",TIER-2,enumerated (heuristic order),,,video,video,same-category,https://cloudconvert.com/mp4-converter
3214,mkv,mts,"mkv to mts",TIER-2,enumerated (heuristic order),,,video,video,same-category,https://cloudconvert.com/mp4-converter
3215,mkv,mxf,"mkv to mxf",TIER-2,enumerated (heuristic order),,,video,video,same-category,https://cloudconvert.com/mp4-converter
3216,mkv,ogv,"mkv to ogv",TIER-2,enumerated (heuristic order),,,video,video,same-category,https://cloudconvert.com/mp4-converter
3217,mkv,rm,"mkv to rm",TIER-2,enumerated (heuristic order),,,video,video,same-category,https://cloudconvert.com/mp4-converter
3218,mkv,rmvb,"mkv to rmvb",TIER-2,enumerated (heuristic order),,,video,video,same-category,https://cloudconvert.com/mp4-converter
3219,mkv,swf,"mkv to swf",TIER-2,enumerated (heuristic order),,,video,video,same-category,https://cloudconvert.com/mp4-converter
3220,mkv,vob,"mkv to vob",TIER-2,enumerated (heuristic order),,,video,video,same-category,https://cloudconvert.com/mp4-converter
3221,mkv,wtv,"mkv to wtv",TIER-2,enumerated (heuristic order),,,video,video,same-category,https://cloudconvert.com/mp4-converter
3236,mod,aac,"mod to aac",TIER-2,enumerated (heuristic order),,,video,audio,cross-category,https://cloudconvert.com/mp4-converter
3237,mod,flac,"mod to flac",TIER-2,enumerated (heuristic order),,,video,audio,cross-category,https://cloudconvert.com/mp4-converter
3238,mod,gif,"mod to gif",TIER-2,enumerated (heuristic order),,,video,image,cross-category,https://cloudconvert.com/mp4-converter
3239,mod,heic,"mod to heic",TIER-2,enumerated (heuristic order),,,video,image,cross-category,https://cloudconvert.com/mp4-converter
3240,mod,jpeg,"mod to jpeg",TIER-2,enumerated (heuristic order),,,video,image,cross-category,https://cloudconvert.com/mp4-converter
3241,mod,m4a,"mod to m4a",TIER-2,enumerated (heuristic order),,,video,audio,cross-category,https://cloudconvert.com/mp4-converter
3242,mod,svg,"mod to svg",TIER-2,enumerated (heuristic order),,,video,image,cross-category,https://cloudconvert.com/mp4-converter
3243,mod,wav,"mod to wav",TIER-2,enumerated (heuristic order),,,video,audio,cross-category,https://cloudconvert.com/mp4-converter
3244,mod,webp,"mod to webp",TIER-2,enumerated (heuristic order),,,video,image,cross-category,https://cloudconvert.com/mp4-converter
3245,mos,ai,"mos to ai",TIER-2,enumerated (heuristic order),,,image,vector,cross-category,https://cloudconvert.com/image-converter
3246,mos,doc,"mos to doc",TIER-2,enumerated (heuristic order),,,image,document,cross-category,https://cloudconvert.com/image-converter
3247,mos,html,"mos to html",TIER-2,enumerated (heuristic order),,,image,document,cross-category,https://cloudconvert.com/image-converter
3248,mos,ppt,"mos to ppt",TIER-2,enumerated (heuristic order),,,image,presentation,cross-category,https://cloudconvert.com/image-converter
3249,mos,txt,"mos to txt",TIER-2,enumerated (heuristic order),,,image,document,cross-category,https://cloudconvert.com/image-converter
3250,mov,3g2,"mov to 3g2",TIER-2,enumerated (heuristic order),,,video,video,same-category,https://cloudconvert.com/mp4-converter
3251,mov,3gpp,"mov to 3gpp",TIER-2,enumerated (heuristic order),,,video,video,same-category,https://cloudconvert.com/mp4-converter
3252,mov,cavs,"mov to cavs",TIER-2,enumerated (heuristic order),,,video,video,same-category,https://cloudconvert.com/mp4-converter
3253,mov,dv,"mov to dv",TIER-2,enumerated (heuristic order),,,video,video,same-category,https://cloudconvert.com/mp4-converter
3254,mov,dvr,"mov to dvr",TIER-2,enumerated (heuristic order),,,video,video,same-category,https://cloudconvert.com/mp4-converter
3255,mov,m2ts,"mov to m2ts",TIER-2,enumerated (heuristic order),,,video,video,same-category,https://cloudconvert.com/mp4-converter
3256,mov,mod,"mov to mod",TIER-2,enumerated (heuristic order),,,video,video,same-category,https://cloudconvert.com/mp4-converter
3257,mov,mts,"mov to mts",TIER-2,enumerated (heuristic order),,,video,video,same-category,https://cloudconvert.com/mp4-converter
3258,mov,mxf,"mov to mxf",TIER-2,enumerated (heuristic order),,,video,video,same-category,https://cloudconvert.com/mp4-converter
3259,mov,ogv,"mov to ogv",TIER-2,enumerated (heuristic order),,,video,video,same-category,https://cloudconvert.com/mp4-converter
3260,mov,rm,"mov to rm",TIER-2,enumerated (heuristic order),,,video,video,same-category,https://cloudconvert.com/mp4-converter
3261,mov,rmvb,"mov to rmvb",TIER-2,enumerated (heuristic order),,,video,video,same-category,https://cloudconvert.com/mp4-converter
3262,mov,swf,"mov to swf",TIER-2,enumerated (heuristic order),,,video,video,same-category,https://cloudconvert.com/mp4-converter
3263,mov,vob,"mov to vob",TIER-2,enumerated (heuristic order),,,video,video,same-category,https://cloudconvert.com/mp4-converter
3264,mov,wtv,"mov to wtv",TIER-2,enumerated (heuristic order),,,video,video,same-category,https://cloudconvert.com/mp4-converter
3265,mp3,ac3,"mp3 to ac3",TIER-2,enumerated (heuristic order),,,audio,audio,same-category,https://cloudconvert.com/audio-converter
3266,mp3,amr,"mp3 to amr",TIER-2,enumerated (heuristic order),,,audio,audio,same-category,https://cloudconvert.com/audio-converter
3267,mp3,au,"mp3 to au",TIER-2,enumerated (heuristic order),,,audio,audio,same-category,https://cloudconvert.com/audio-converter
3268,mp3,caf,"mp3 to caf",TIER-2,enumerated (heuristic order),,,audio,audio,same-category,https://cloudconvert.com/audio-converter
3269,mp3,dss,"mp3 to dss",TIER-2,enumerated (heuristic order),,,audio,audio,same-category,https://cloudconvert.com/audio-converter
3270,mp3,m4b,"mp3 to m4b",TIER-2,enumerated (heuristic order),,,audio,audio,same-category,https://cloudconvert.com/audio-converter
3271,mp3,sf2,"mp3 to sf2",TIER-2,enumerated (heuristic order),,,audio,audio,same-category,https://cloudconvert.com/audio-converter
3272,mp3,sfark,"mp3 to sfark",TIER-2,enumerated (heuristic order),,,audio,audio,same-category,https://cloudconvert.com/audio-converter
3273,mp3,voc,"mp3 to voc",TIER-2,enumerated (heuristic order),,,audio,audio,same-category,https://cloudconvert.com/audio-converter
3274,mp3,weba,"mp3 to weba",TIER-2,enumerated (heuristic order),,,audio,audio,same-category,https://cloudconvert.com/audio-converter
3275,mp4,3g2,"mp4 to 3g2",TIER-2,enumerated (heuristic order),,,video,video,same-category,https://cloudconvert.com/mp4-converter
3276,mp4,3gpp,"mp4 to 3gpp",TIER-2,enumerated (heuristic order),,,video,video,same-category,https://cloudconvert.com/mp4-converter
3277,mp4,cavs,"mp4 to cavs",TIER-2,enumerated (heuristic order),,,video,video,same-category,https://cloudconvert.com/mp4-converter
3278,mp4,dv,"mp4 to dv",TIER-2,enumerated (heuristic order),,,video,video,same-category,https://cloudconvert.com/mp4-converter
3279,mp4,dvr,"mp4 to dvr",TIER-2,enumerated (heuristic order),,,video,video,same-category,https://cloudconvert.com/mp4-converter
3280,mp4,m2ts,"mp4 to m2ts",TIER-2,enumerated (heuristic order),,,video,video,same-category,https://cloudconvert.com/mp4-converter
3281,mp4,mod,"mp4 to mod",TIER-2,enumerated (heuristic order),,,video,video,same-category,https://cloudconvert.com/mp4-converter
3282,mp4,mts,"mp4 to mts",TIER-2,enumerated (heuristic order),,,video,video,same-category,https://cloudconvert.com/mp4-converter
3283,mp4,mxf,"mp4 to mxf",TIER-2,enumerated (heuristic order),,,video,video,same-category,https://cloudconvert.com/mp4-converter
3284,mp4,ogv,"mp4 to ogv",TIER-2,enumerated (heuristic order),,,video,video,same-category,https://cloudconvert.com/mp4-converter
3285,mp4,rm,"mp4 to rm",TIER-2,enumerated (heuristic order),,,video,video,same-category,https://cloudconvert.com/mp4-converter
3286,mp4,rmvb,"mp4 to rmvb",TIER-2,enumerated (heuristic order),,,video,video,same-category,https://cloudconvert.com/mp4-converter
3287,mp4,swf,"mp4 to swf",TIER-2,enumerated (heuristic order),,,video,video,same-category,https://cloudconvert.com/mp4-converter
3288,mp4,vob,"mp4 to vob",TIER-2,enumerated (heuristic order),,,video,video,same-category,https://cloudconvert.com/mp4-converter
3289,mp4,wtv,"mp4 to wtv",TIER-2,enumerated (heuristic order),,,video,video,same-category,https://cloudconvert.com/mp4-converter
3290,mrw,ai,"mrw to ai",TIER-2,enumerated (heuristic order),,,image,vector,cross-category,https://cloudconvert.com/image-converter
3291,mrw,doc,"mrw to doc",TIER-2,enumerated (heuristic order),,,image,document,cross-category,https://cloudconvert.com/image-converter
3292,mrw,html,"mrw to html",TIER-2,enumerated (heuristic order),,,image,document,cross-category,https://cloudconvert.com/image-converter
3293,mrw,ppt,"mrw to ppt",TIER-2,enumerated (heuristic order),,,image,presentation,cross-category,https://cloudconvert.com/image-converter
3294,mrw,txt,"mrw to txt",TIER-2,enumerated (heuristic order),,,image,document,cross-category,https://cloudconvert.com/image-converter
3295,mts,aac,"mts to aac",TIER-2,enumerated (heuristic order),,,video,audio,cross-category,https://cloudconvert.com/mp4-converter
3296,mts,flac,"mts to flac",TIER-2,enumerated (heuristic order),,,video,audio,cross-category,https://cloudconvert.com/mp4-converter
3297,mts,gif,"mts to gif",TIER-2,enumerated (heuristic order),,,video,image,cross-category,https://cloudconvert.com/mp4-converter
3298,mts,heic,"mts to heic",TIER-2,enumerated (heuristic order),,,video,image,cross-category,https://cloudconvert.com/mp4-converter
3299,mts,jpeg,"mts to jpeg",TIER-2,enumerated (heuristic order),,,video,image,cross-category,https://cloudconvert.com/mp4-converter
3300,mts,m4a,"mts to m4a",TIER-2,enumerated (heuristic order),,,video,audio,cross-category,https://cloudconvert.com/mp4-converter
3301,mts,svg,"mts to svg",TIER-2,enumerated (heuristic order),,,video,image,cross-category,https://cloudconvert.com/mp4-converter
3302,mts,wav,"mts to wav",TIER-2,enumerated (heuristic order),,,video,audio,cross-category,https://cloudconvert.com/mp4-converter
3303,mts,webp,"mts to webp",TIER-2,enumerated (heuristic order),,,video,image,cross-category,https://cloudconvert.com/mp4-converter
3304,mxf,aac,"mxf to aac",TIER-2,enumerated (heuristic order),,,video,audio,cross-category,https://cloudconvert.com/mp4-converter
3305,mxf,flac,"mxf to flac",TIER-2,enumerated (heuristic order),,,video,audio,cross-category,https://cloudconvert.com/mp4-converter
3306,mxf,gif,"mxf to gif",TIER-2,enumerated (heuristic order),,,video,image,cross-category,https://cloudconvert.com/mp4-converter
3307,mxf,heic,"mxf to heic",TIER-2,enumerated (heuristic order),,,video,image,cross-category,https://cloudconvert.com/mp4-converter
3308,mxf,jpeg,"mxf to jpeg",TIER-2,enumerated (heuristic order),,,video,image,cross-category,https://cloudconvert.com/mp4-converter
3309,mxf,m4a,"mxf to m4a",TIER-2,enumerated (heuristic order),,,video,audio,cross-category,https://cloudconvert.com/mp4-converter
3310,mxf,svg,"mxf to svg",TIER-2,enumerated (heuristic order),,,video,image,cross-category,https://cloudconvert.com/mp4-converter
3311,mxf,wav,"mxf to wav",TIER-2,enumerated (heuristic order),,,video,audio,cross-category,https://cloudconvert.com/mp4-converter
3312,mxf,webp,"mxf to webp",TIER-2,enumerated (heuristic order),,,video,image,cross-category,https://cloudconvert.com/mp4-converter
3313,odd,ai,"odd to ai",TIER-2,enumerated (heuristic order),,,image,vector,cross-category,https://cloudconvert.com/image-converter
3314,odd,doc,"odd to doc",TIER-2,enumerated (heuristic order),,,image,document,cross-category,https://cloudconvert.com/image-converter
3315,odd,html,"odd to html",TIER-2,enumerated (heuristic order),,,image,document,cross-category,https://cloudconvert.com/image-converter
3316,odd,ppt,"odd to ppt",TIER-2,enumerated (heuristic order),,,image,presentation,cross-category,https://cloudconvert.com/image-converter
3317,odd,txt,"odd to txt",TIER-2,enumerated (heuristic order),,,image,document,cross-category,https://cloudconvert.com/image-converter
3318,odg,ai,"odg to ai",TIER-2,enumerated (heuristic order),,,image,vector,cross-category,https://cloudconvert.com/image-converter
3319,odg,doc,"odg to doc",TIER-2,enumerated (heuristic order),,,image,document,cross-category,https://cloudconvert.com/image-converter
3320,odg,html,"odg to html",TIER-2,enumerated (heuristic order),,,image,document,cross-category,https://cloudconvert.com/image-converter
3321,odg,ppt,"odg to ppt",TIER-2,enumerated (heuristic order),,,image,presentation,cross-category,https://cloudconvert.com/image-converter
3322,odg,txt,"odg to txt",TIER-2,enumerated (heuristic order),,,image,document,cross-category,https://cloudconvert.com/image-converter
3331,ogv,aac,"ogv to aac",TIER-2,enumerated (heuristic order),,,video,audio,cross-category,https://cloudconvert.com/mp4-converter
3332,ogv,flac,"ogv to flac",TIER-2,enumerated (heuristic order),,,video,audio,cross-category,https://cloudconvert.com/mp4-converter
3333,ogv,gif,"ogv to gif",TIER-2,enumerated (heuristic order),,,video,image,cross-category,https://cloudconvert.com/mp4-converter
3334,ogv,heic,"ogv to heic",TIER-2,enumerated (heuristic order),,,video,image,cross-category,https://cloudconvert.com/mp4-converter
3335,ogv,jpeg,"ogv to jpeg",TIER-2,enumerated (heuristic order),,,video,image,cross-category,https://cloudconvert.com/mp4-converter
3336,ogv,m4a,"ogv to m4a",TIER-2,enumerated (heuristic order),,,video,audio,cross-category,https://cloudconvert.com/mp4-converter
3337,ogv,svg,"ogv to svg",TIER-2,enumerated (heuristic order),,,video,image,cross-category,https://cloudconvert.com/mp4-converter
3338,ogv,wav,"ogv to wav",TIER-2,enumerated (heuristic order),,,video,audio,cross-category,https://cloudconvert.com/mp4-converter
3339,ogv,webp,"ogv to webp",TIER-2,enumerated (heuristic order),,,video,image,cross-category,https://cloudconvert.com/mp4-converter
3340,orf,ai,"orf to ai",TIER-2,enumerated (heuristic order),,,image,vector,cross-category,https://cloudconvert.com/image-converter
3341,orf,doc,"orf to doc",TIER-2,enumerated (heuristic order),,,image,document,cross-category,https://cloudconvert.com/image-converter
3342,orf,html,"orf to html",TIER-2,enumerated (heuristic order),,,image,document,cross-category,https://cloudconvert.com/image-converter
3343,orf,ppt,"orf to ppt",TIER-2,enumerated (heuristic order),,,image,presentation,cross-category,https://cloudconvert.com/image-converter
3344,orf,txt,"orf to txt",TIER-2,enumerated (heuristic order),,,image,document,cross-category,https://cloudconvert.com/image-converter
3353,pef,ai,"pef to ai",TIER-2,enumerated (heuristic order),,,image,vector,cross-category,https://cloudconvert.com/image-converter
3354,pef,doc,"pef to doc",TIER-2,enumerated (heuristic order),,,image,document,cross-category,https://cloudconvert.com/image-converter
3355,pef,html,"pef to html",TIER-2,enumerated (heuristic order),,,image,document,cross-category,https://cloudconvert.com/image-converter
3356,pef,ppt,"pef to ppt",TIER-2,enumerated (heuristic order),,,image,presentation,cross-category,https://cloudconvert.com/image-converter
3357,pef,txt,"pef to txt",TIER-2,enumerated (heuristic order),,,image,document,cross-category,https://cloudconvert.com/image-converter
3366,png,3fr,"png to 3fr",TIER-2,enumerated (heuristic order),,,image,image,same-category,https://cloudconvert.com/image-converter
3367,png,cr3,"png to cr3",TIER-2,enumerated (heuristic order),,,image,image,same-category,https://cloudconvert.com/image-converter
3368,png,crw,"png to crw",TIER-2,enumerated (heuristic order),,,image,image,same-category,https://cloudconvert.com/image-converter
3369,png,dcr,"png to dcr",TIER-2,enumerated (heuristic order),,,image,image,same-category,https://cloudconvert.com/image-converter
3370,png,erf,"png to erf",TIER-2,enumerated (heuristic order),,,image,image,same-category,https://cloudconvert.com/image-converter
3371,png,icns,"png to icns",TIER-2,enumerated (heuristic order),,,image,image,same-category,https://cloudconvert.com/image-converter
3372,png,mos,"png to mos",TIER-2,enumerated (heuristic order),,,image,image,same-category,https://cloudconvert.com/image-converter
3373,png,mrw,"png to mrw",TIER-2,enumerated (heuristic order),,,image,image,same-category,https://cloudconvert.com/image-converter
3374,png,odd,"png to odd",TIER-2,enumerated (heuristic order),,,image,image,same-category,https://cloudconvert.com/image-converter
3375,png,odg,"png to odg",TIER-2,enumerated (heuristic order),,,image,image,same-category,https://cloudconvert.com/image-converter
3376,png,orf,"png to orf",TIER-2,enumerated (heuristic order),,,image,image,same-category,https://cloudconvert.com/image-converter
3377,png,pef,"png to pef",TIER-2,enumerated (heuristic order),,,image,image,same-category,https://cloudconvert.com/image-converter
3378,png,ppm,"png to ppm",TIER-2,enumerated (heuristic order),,,image,image,same-category,https://cloudconvert.com/image-converter
3379,png,ps,"png to ps",TIER-2,enumerated (heuristic order),,,image,image,same-category,https://cloudconvert.com/image-converter
3380,png,psb,"png to psb",TIER-2,enumerated (heuristic order),,,image,image,same-category,https://cloudconvert.com/image-converter
3381,png,pub,"png to pub",TIER-2,enumerated (heuristic order),,,image,image,same-category,https://cloudconvert.com/image-converter
3382,png,raf,"png to raf",TIER-2,enumerated (heuristic order),,,image,image,same-category,https://cloudconvert.com/image-converter
3383,png,rw2,"png to rw2",TIER-2,enumerated (heuristic order),,,image,image,same-category,https://cloudconvert.com/image-converter
3384,png,tga,"png to tga",TIER-2,enumerated (heuristic order),,,image,image,same-category,https://cloudconvert.com/image-converter
3385,png,x3f,"png to x3f",TIER-2,enumerated (heuristic order),,,image,image,same-category,https://cloudconvert.com/image-converter
3386,png,xcf,"png to xcf",TIER-2,enumerated (heuristic order),,,image,image,same-category,https://cloudconvert.com/image-converter
3387,png,xps,"png to xps",TIER-2,enumerated (heuristic order),,,image,image,same-category,https://cloudconvert.com/image-converter
3404,ppm,ai,"ppm to ai",TIER-2,enumerated (heuristic order),,,image,vector,cross-category,https://cloudconvert.com/image-converter
3405,ppm,doc,"ppm to doc",TIER-2,enumerated (heuristic order),,,image,document,cross-category,https://cloudconvert.com/image-converter
3406,ppm,html,"ppm to html",TIER-2,enumerated (heuristic order),,,image,document,cross-category,https://cloudconvert.com/image-converter
3407,ppm,ppt,"ppm to ppt",TIER-2,enumerated (heuristic order),,,image,presentation,cross-category,https://cloudconvert.com/image-converter
3408,ppm,txt,"ppm to txt",TIER-2,enumerated (heuristic order),,,image,document,cross-category,https://cloudconvert.com/image-converter
3455,ps,ai,"ps to ai",TIER-2,enumerated (heuristic order),,,image,vector,cross-category,https://cloudconvert.com/image-converter
3456,ps,doc,"ps to doc",TIER-2,enumerated (heuristic order),,,image,document,cross-category,https://cloudconvert.com/image-converter
3457,ps,html,"ps to html",TIER-2,enumerated (heuristic order),,,image,document,cross-category,https://cloudconvert.com/image-converter
3458,ps,ppt,"ps to ppt",TIER-2,enumerated (heuristic order),,,image,presentation,cross-category,https://cloudconvert.com/image-converter
3459,ps,txt,"ps to txt",TIER-2,enumerated (heuristic order),,,image,document,cross-category,https://cloudconvert.com/image-converter
3460,psb,ai,"psb to ai",TIER-2,enumerated (heuristic order),,,image,vector,cross-category,https://cloudconvert.com/image-converter
3461,psb,doc,"psb to doc",TIER-2,enumerated (heuristic order),,,image,document,cross-category,https://cloudconvert.com/image-converter
3462,psb,html,"psb to html",TIER-2,enumerated (heuristic order),,,image,document,cross-category,https://cloudconvert.com/image-converter
3463,psb,ppt,"psb to ppt",TIER-2,enumerated (heuristic order),,,image,presentation,cross-category,https://cloudconvert.com/image-converter
3464,psb,txt,"psb to txt",TIER-2,enumerated (heuristic order),,,image,document,cross-category,https://cloudconvert.com/image-converter
3465,pub,ai,"pub to ai",TIER-2,enumerated (heuristic order),,,image,vector,cross-category,https://cloudconvert.com/image-converter
3466,pub,doc,"pub to doc",TIER-2,enumerated (heuristic order),,,image,document,cross-category,https://cloudconvert.com/image-converter
3467,pub,html,"pub to html",TIER-2,enumerated (heuristic order),,,image,document,cross-category,https://cloudconvert.com/image-converter
3468,pub,ppt,"pub to ppt",TIER-2,enumerated (heuristic order),,,image,presentation,cross-category,https://cloudconvert.com/image-converter
3469,pub,txt,"pub to txt",TIER-2,enumerated (heuristic order),,,image,document,cross-category,https://cloudconvert.com/image-converter
3470,raf,ai,"raf to ai",TIER-2,enumerated (heuristic order),,,image,vector,cross-category,https://cloudconvert.com/image-converter
3471,raf,doc,"raf to doc",TIER-2,enumerated (heuristic order),,,image,document,cross-category,https://cloudconvert.com/image-converter
3472,raf,html,"raf to html",TIER-2,enumerated (heuristic order),,,image,document,cross-category,https://cloudconvert.com/image-converter
3473,raf,ppt,"raf to ppt",TIER-2,enumerated (heuristic order),,,image,presentation,cross-category,https://cloudconvert.com/image-converter
3474,raf,txt,"raf to txt",TIER-2,enumerated (heuristic order),,,image,document,cross-category,https://cloudconvert.com/image-converter
3483,rm,aac,"rm to aac",TIER-2,enumerated (heuristic order),,,video,audio,cross-category,https://cloudconvert.com/mp4-converter
3484,rm,flac,"rm to flac",TIER-2,enumerated (heuristic order),,,video,audio,cross-category,https://cloudconvert.com/mp4-converter
3485,rm,gif,"rm to gif",TIER-2,enumerated (heuristic order),,,video,image,cross-category,https://cloudconvert.com/mp4-converter
3486,rm,heic,"rm to heic",TIER-2,enumerated (heuristic order),,,video,image,cross-category,https://cloudconvert.com/mp4-converter
3487,rm,jpeg,"rm to jpeg",TIER-2,enumerated (heuristic order),,,video,image,cross-category,https://cloudconvert.com/mp4-converter
3488,rm,m4a,"rm to m4a",TIER-2,enumerated (heuristic order),,,video,audio,cross-category,https://cloudconvert.com/mp4-converter
3489,rm,svg,"rm to svg",TIER-2,enumerated (heuristic order),,,video,image,cross-category,https://cloudconvert.com/mp4-converter
3490,rm,wav,"rm to wav",TIER-2,enumerated (heuristic order),,,video,audio,cross-category,https://cloudconvert.com/mp4-converter
3491,rm,webp,"rm to webp",TIER-2,enumerated (heuristic order),,,video,image,cross-category,https://cloudconvert.com/mp4-converter
3492,rmvb,aac,"rmvb to aac",TIER-2,enumerated (heuristic order),,,video,audio,cross-category,https://cloudconvert.com/mp4-converter
3493,rmvb,flac,"rmvb to flac",TIER-2,enumerated (heuristic order),,,video,audio,cross-category,https://cloudconvert.com/mp4-converter
3494,rmvb,gif,"rmvb to gif",TIER-2,enumerated (heuristic order),,,video,image,cross-category,https://cloudconvert.com/mp4-converter
3495,rmvb,heic,"rmvb to heic",TIER-2,enumerated (heuristic order),,,video,image,cross-category,https://cloudconvert.com/mp4-converter
3496,rmvb,jpeg,"rmvb to jpeg",TIER-2,enumerated (heuristic order),,,video,image,cross-category,https://cloudconvert.com/mp4-converter
3497,rmvb,m4a,"rmvb to m4a",TIER-2,enumerated (heuristic order),,,video,audio,cross-category,https://cloudconvert.com/mp4-converter
3498,rmvb,svg,"rmvb to svg",TIER-2,enumerated (heuristic order),,,video,image,cross-category,https://cloudconvert.com/mp4-converter
3499,rmvb,wav,"rmvb to wav",TIER-2,enumerated (heuristic order),,,video,audio,cross-category,https://cloudconvert.com/mp4-converter
3500,rmvb,webp,"rmvb to webp",TIER-2,enumerated (heuristic order),,,video,image,cross-category,https://cloudconvert.com/mp4-converter
3508,rw2,ai,"rw2 to ai",TIER-2,enumerated (heuristic order),,,image,vector,cross-category,https://cloudconvert.com/image-converter
3509,rw2,doc,"rw2 to doc",TIER-2,enumerated (heuristic order),,,image,document,cross-category,https://cloudconvert.com/image-converter
3510,rw2,html,"rw2 to html",TIER-2,enumerated (heuristic order),,,image,document,cross-category,https://cloudconvert.com/image-converter
3511,rw2,ppt,"rw2 to ppt",TIER-2,enumerated (heuristic order),,,image,presentation,cross-category,https://cloudconvert.com/image-converter
3512,rw2,txt,"rw2 to txt",TIER-2,enumerated (heuristic order),,,image,document,cross-category,https://cloudconvert.com/image-converter
3536,sf2,avi,"sf2 to avi",TIER-2,enumerated (heuristic order),,,audio,video,cross-category,https://cloudconvert.com/audio-converter
3537,sf2,mkv,"sf2 to mkv",TIER-2,enumerated (heuristic order),,,audio,video,cross-category,https://cloudconvert.com/audio-converter
3538,sf2,mov,"sf2 to mov",TIER-2,enumerated (heuristic order),,,audio,video,cross-category,https://cloudconvert.com/audio-converter
3539,sf2,webm,"sf2 to webm",TIER-2,enumerated (heuristic order),,,audio,video,cross-category,https://cloudconvert.com/audio-converter
3540,sfark,avi,"sfark to avi",TIER-2,enumerated (heuristic order),,,audio,video,cross-category,https://cloudconvert.com/audio-converter
3541,sfark,mkv,"sfark to mkv",TIER-2,enumerated (heuristic order),,,audio,video,cross-category,https://cloudconvert.com/audio-converter
3542,sfark,mov,"sfark to mov",TIER-2,enumerated (heuristic order),,,audio,video,cross-category,https://cloudconvert.com/audio-converter
3543,sfark,webm,"sfark to webm",TIER-2,enumerated (heuristic order),,,audio,video,cross-category,https://cloudconvert.com/audio-converter
3568,svg,3fr,"svg to 3fr",TIER-2,enumerated (heuristic order),,,image,image,same-category,https://cloudconvert.com/image-converter
3569,svg,cr3,"svg to cr3",TIER-2,enumerated (heuristic order),,,image,image,same-category,https://cloudconvert.com/image-converter
3570,svg,crw,"svg to crw",TIER-2,enumerated (heuristic order),,,image,image,same-category,https://cloudconvert.com/image-converter
3571,svg,dcr,"svg to dcr",TIER-2,enumerated (heuristic order),,,image,image,same-category,https://cloudconvert.com/image-converter
3572,svg,erf,"svg to erf",TIER-2,enumerated (heuristic order),,,image,image,same-category,https://cloudconvert.com/image-converter
3573,svg,icns,"svg to icns",TIER-2,enumerated (heuristic order),,,image,image,same-category,https://cloudconvert.com/image-converter
3574,svg,mos,"svg to mos",TIER-2,enumerated (heuristic order),,,image,image,same-category,https://cloudconvert.com/image-converter
3575,svg,mrw,"svg to mrw",TIER-2,enumerated (heuristic order),,,image,image,same-category,https://cloudconvert.com/image-converter
3576,svg,odd,"svg to odd",TIER-2,enumerated (heuristic order),,,image,image,same-category,https://cloudconvert.com/image-converter
3577,svg,odg,"svg to odg",TIER-2,enumerated (heuristic order),,,image,image,same-category,https://cloudconvert.com/image-converter
3578,svg,orf,"svg to orf",TIER-2,enumerated (heuristic order),,,image,image,same-category,https://cloudconvert.com/image-converter
3579,svg,pef,"svg to pef",TIER-2,enumerated (heuristic order),,,image,image,same-category,https://cloudconvert.com/image-converter
3580,svg,ppm,"svg to ppm",TIER-2,enumerated (heuristic order),,,image,image,same-category,https://cloudconvert.com/image-converter
3581,svg,ps,"svg to ps",TIER-2,enumerated (heuristic order),,,image,image,same-category,https://cloudconvert.com/image-converter
3582,svg,psb,"svg to psb",TIER-2,enumerated (heuristic order),,,image,image,same-category,https://cloudconvert.com/image-converter
3583,svg,pub,"svg to pub",TIER-2,enumerated (heuristic order),,,image,image,same-category,https://cloudconvert.com/image-converter
3584,svg,raf,"svg to raf",TIER-2,enumerated (heuristic order),,,image,image,same-category,https://cloudconvert.com/image-converter
3585,svg,rw2,"svg to rw2",TIER-2,enumerated (heuristic order),,,image,image,same-category,https://cloudconvert.com/image-converter
3586,svg,tga,"svg to tga",TIER-2,enumerated (heuristic order),,,image,image,same-category,https://cloudconvert.com/image-converter
3587,svg,x3f,"svg to x3f",TIER-2,enumerated (heuristic order),,,image,image,same-category,https://cloudconvert.com/image-converter
3588,svg,xcf,"svg to xcf",TIER-2,enumerated (heuristic order),,,image,image,same-category,https://cloudconvert.com/image-converter
3589,svg,xps,"svg to xps",TIER-2,enumerated (heuristic order),,,image,image,same-category,https://cloudconvert.com/image-converter
3598,swf,aac,"swf to aac",TIER-2,enumerated (heuristic order),,,video,audio,cross-category,https://cloudconvert.com/mp4-converter
3599,swf,flac,"swf to flac",TIER-2,enumerated (heuristic order),,,video,audio,cross-category,https://cloudconvert.com/mp4-converter
3600,swf,gif,"swf to gif",TIER-2,enumerated (heuristic order),,,video,image,cross-category,https://cloudconvert.com/mp4-converter
3601,swf,heic,"swf to heic",TIER-2,enumerated (heuristic order),,,video,image,cross-category,https://cloudconvert.com/mp4-converter
3602,swf,jpeg,"swf to jpeg",TIER-2,enumerated (heuristic order),,,video,image,cross-category,https://cloudconvert.com/mp4-converter
3603,swf,m4a,"swf to m4a",TIER-2,enumerated (heuristic order),,,video,audio,cross-category,https://cloudconvert.com/mp4-converter
3604,swf,svg,"swf to svg",TIER-2,enumerated (heuristic order),,,video,image,cross-category,https://cloudconvert.com/mp4-converter
3605,swf,wav,"swf to wav",TIER-2,enumerated (heuristic order),,,video,audio,cross-category,https://cloudconvert.com/mp4-converter
3606,swf,webp,"swf to webp",TIER-2,enumerated (heuristic order),,,video,image,cross-category,https://cloudconvert.com/mp4-converter
3622,tga,ai,"tga to ai",TIER-2,enumerated (heuristic order),,,image,vector,cross-category,https://cloudconvert.com/image-converter
3623,tga,doc,"tga to doc",TIER-2,enumerated (heuristic order),,,image,document,cross-category,https://cloudconvert.com/image-converter
3624,tga,html,"tga to html",TIER-2,enumerated (heuristic order),,,image,document,cross-category,https://cloudconvert.com/image-converter
3625,tga,ppt,"tga to ppt",TIER-2,enumerated (heuristic order),,,image,presentation,cross-category,https://cloudconvert.com/image-converter
3626,tga,txt,"tga to txt",TIER-2,enumerated (heuristic order),,,image,document,cross-category,https://cloudconvert.com/image-converter
3649,vob,aac,"vob to aac",TIER-2,enumerated (heuristic order),,,video,audio,cross-category,https://cloudconvert.com/mp4-converter
3650,vob,flac,"vob to flac",TIER-2,enumerated (heuristic order),,,video,audio,cross-category,https://cloudconvert.com/mp4-converter
3651,vob,gif,"vob to gif",TIER-2,enumerated (heuristic order),,,video,image,cross-category,https://cloudconvert.com/mp4-converter
3652,vob,heic,"vob to heic",TIER-2,enumerated (heuristic order),,,video,image,cross-category,https://cloudconvert.com/mp4-converter
3653,vob,jpeg,"vob to jpeg",TIER-2,enumerated (heuristic order),,,video,image,cross-category,https://cloudconvert.com/mp4-converter
3654,vob,m4a,"vob to m4a",TIER-2,enumerated (heuristic order),,,video,audio,cross-category,https://cloudconvert.com/mp4-converter
3655,vob,svg,"vob to svg",TIER-2,enumerated (heuristic order),,,video,image,cross-category,https://cloudconvert.com/mp4-converter
3656,vob,wav,"vob to wav",TIER-2,enumerated (heuristic order),,,video,audio,cross-category,https://cloudconvert.com/mp4-converter
3657,vob,webp,"vob to webp",TIER-2,enumerated (heuristic order),,,video,image,cross-category,https://cloudconvert.com/mp4-converter
3658,voc,avi,"voc to avi",TIER-2,enumerated (heuristic order),,,audio,video,cross-category,https://cloudconvert.com/audio-converter
3659,voc,mkv,"voc to mkv",TIER-2,enumerated (heuristic order),,,audio,video,cross-category,https://cloudconvert.com/audio-converter
3660,voc,mov,"voc to mov",TIER-2,enumerated (heuristic order),,,audio,video,cross-category,https://cloudconvert.com/audio-converter
3661,voc,webm,"voc to webm",TIER-2,enumerated (heuristic order),,,audio,video,cross-category,https://cloudconvert.com/audio-converter
3670,wav,ac3,"wav to ac3",TIER-2,enumerated (heuristic order),,,audio,audio,same-category,https://cloudconvert.com/audio-converter
3671,wav,amr,"wav to amr",TIER-2,enumerated (heuristic order),,,audio,audio,same-category,https://cloudconvert.com/audio-converter
3672,wav,au,"wav to au",TIER-2,enumerated (heuristic order),,,audio,audio,same-category,https://cloudconvert.com/audio-converter
3673,wav,caf,"wav to caf",TIER-2,enumerated (heuristic order),,,audio,audio,same-category,https://cloudconvert.com/audio-converter
3674,wav,dss,"wav to dss",TIER-2,enumerated (heuristic order),,,audio,audio,same-category,https://cloudconvert.com/audio-converter
3675,wav,m4b,"wav to m4b",TIER-2,enumerated (heuristic order),,,audio,audio,same-category,https://cloudconvert.com/audio-converter
3676,wav,sf2,"wav to sf2",TIER-2,enumerated (heuristic order),,,audio,audio,same-category,https://cloudconvert.com/audio-converter
3677,wav,sfark,"wav to sfark",TIER-2,enumerated (heuristic order),,,audio,audio,same-category,https://cloudconvert.com/audio-converter
3678,wav,voc,"wav to voc",TIER-2,enumerated (heuristic order),,,audio,audio,same-category,https://cloudconvert.com/audio-converter
3679,wav,weba,"wav to weba",TIER-2,enumerated (heuristic order),,,audio,audio,same-category,https://cloudconvert.com/audio-converter
3680,weba,avi,"weba to avi",TIER-2,enumerated (heuristic order),,,audio,video,cross-category,https://cloudconvert.com/audio-converter
3681,weba,mkv,"weba to mkv",TIER-2,enumerated (heuristic order),,,audio,video,cross-category,https://cloudconvert.com/audio-converter
3682,weba,mov,"weba to mov",TIER-2,enumerated (heuristic order),,,audio,video,cross-category,https://cloudconvert.com/audio-converter
3683,weba,webm,"weba to webm",TIER-2,enumerated (heuristic order),,,audio,video,cross-category,https://cloudconvert.com/audio-converter
3684,webm,3g2,"webm to 3g2",TIER-2,enumerated (heuristic order),,,video,video,same-category,https://cloudconvert.com/mp4-converter
3685,webm,3gpp,"webm to 3gpp",TIER-2,enumerated (heuristic order),,,video,video,same-category,https://cloudconvert.com/mp4-converter
3686,webm,cavs,"webm to cavs",TIER-2,enumerated (heuristic order),,,video,video,same-category,https://cloudconvert.com/mp4-converter
3687,webm,dv,"webm to dv",TIER-2,enumerated (heuristic order),,,video,video,same-category,https://cloudconvert.com/mp4-converter
3688,webm,dvr,"webm to dvr",TIER-2,enumerated (heuristic order),,,video,video,same-category,https://cloudconvert.com/mp4-converter
3689,webm,m2ts,"webm to m2ts",TIER-2,enumerated (heuristic order),,,video,video,same-category,https://cloudconvert.com/mp4-converter
3690,webm,mod,"webm to mod",TIER-2,enumerated (heuristic order),,,video,video,same-category,https://cloudconvert.com/mp4-converter
3691,webm,mts,"webm to mts",TIER-2,enumerated (heuristic order),,,video,video,same-category,https://cloudconvert.com/mp4-converter
3692,webm,mxf,"webm to mxf",TIER-2,enumerated (heuristic order),,,video,video,same-category,https://cloudconvert.com/mp4-converter
3693,webm,ogv,"webm to ogv",TIER-2,enumerated (heuristic order),,,video,video,same-category,https://cloudconvert.com/mp4-converter
3694,webm,rm,"webm to rm",TIER-2,enumerated (heuristic order),,,video,video,same-category,https://cloudconvert.com/mp4-converter
3695,webm,rmvb,"webm to rmvb",TIER-2,enumerated (heuristic order),,,video,video,same-category,https://cloudconvert.com/mp4-converter
3696,webm,swf,"webm to swf",TIER-2,enumerated (heuristic order),,,video,video,same-category,https://cloudconvert.com/mp4-converter
3697,webm,vob,"webm to vob",TIER-2,enumerated (heuristic order),,,video,video,same-category,https://cloudconvert.com/mp4-converter
3698,webm,wtv,"webm to wtv",TIER-2,enumerated (heuristic order),,,video,video,same-category,https://cloudconvert.com/mp4-converter
3699,webp,3fr,"webp to 3fr",TIER-2,enumerated (heuristic order),,,image,image,same-category,https://cloudconvert.com/image-converter
3700,webp,cr3,"webp to cr3",TIER-2,enumerated (heuristic order),,,image,image,same-category,https://cloudconvert.com/image-converter
3701,webp,crw,"webp to crw",TIER-2,enumerated (heuristic order),,,image,image,same-category,https://cloudconvert.com/image-converter
3702,webp,dcr,"webp to dcr",TIER-2,enumerated (heuristic order),,,image,image,same-category,https://cloudconvert.com/image-converter
3703,webp,erf,"webp to erf",TIER-2,enumerated (heuristic order),,,image,image,same-category,https://cloudconvert.com/image-converter
3704,webp,icns,"webp to icns",TIER-2,enumerated (heuristic order),,,image,image,same-category,https://cloudconvert.com/image-converter
3705,webp,mos,"webp to mos",TIER-2,enumerated (heuristic order),,,image,image,same-category,https://cloudconvert.com/image-converter
3706,webp,mrw,"webp to mrw",TIER-2,enumerated (heuristic order),,,image,image,same-category,https://cloudconvert.com/image-converter
3707,webp,odd,"webp to odd",TIER-2,enumerated (heuristic order),,,image,image,same-category,https://cloudconvert.com/image-converter
3708,webp,odg,"webp to odg",TIER-2,enumerated (heuristic order),,,image,image,same-category,https://cloudconvert.com/image-converter
3709,webp,orf,"webp to orf",TIER-2,enumerated (heuristic order),,,image,image,same-category,https://cloudconvert.com/image-converter
3710,webp,pef,"webp to pef",TIER-2,enumerated (heuristic order),,,image,image,same-category,https://cloudconvert.com/image-converter
3711,webp,ppm,"webp to ppm",TIER-2,enumerated (heuristic order),,,image,image,same-category,https://cloudconvert.com/image-converter
3712,webp,ps,"webp to ps",TIER-2,enumerated (heuristic order),,,image,image,same-category,https://cloudconvert.com/image-converter
3713,webp,psb,"webp to psb",TIER-2,enumerated (heuristic order),,,image,image,same-category,https://cloudconvert.com/image-converter
3714,webp,pub,"webp to pub",TIER-2,enumerated (heuristic order),,,image,image,same-category,https://cloudconvert.com/image-converter
3715,webp,raf,"webp to raf",TIER-2,enumerated (heuristic order),,,image,image,same-category,https://cloudconvert.com/image-converter
3716,webp,rw2,"webp to rw2",TIER-2,enumerated (heuristic order),,,image,image,same-category,https://cloudconvert.com/image-converter
3717,webp,tga,"webp to tga",TIER-2,enumerated (heuristic order),,,image,image,same-category,https://cloudconvert.com/image-converter
3718,webp,x3f,"webp to x3f",TIER-2,enumerated (heuristic order),,,image,image,same-category,https://cloudconvert.com/image-converter
3719,webp,xcf,"webp to xcf",TIER-2,enumerated (heuristic order),,,image,image,same-category,https://cloudconvert.com/image-converter
3720,webp,xps,"webp to xps",TIER-2,enumerated (heuristic order),,,image,image,same-category,https://cloudconvert.com/image-converter
3743,wtv,aac,"wtv to aac",TIER-2,enumerated (heuristic order),,,video,audio,cross-category,https://cloudconvert.com/mp4-converter
3744,wtv,flac,"wtv to flac",TIER-2,enumerated (heuristic order),,,video,audio,cross-category,https://cloudconvert.com/mp4-converter
3745,wtv,gif,"wtv to gif",TIER-2,enumerated (heuristic order),,,video,image,cross-category,https://cloudconvert.com/mp4-converter
3746,wtv,heic,"wtv to heic",TIER-2,enumerated (heuristic order),,,video,image,cross-category,https://cloudconvert.com/mp4-converter
3747,wtv,jpeg,"wtv to jpeg",TIER-2,enumerated (heuristic order),,,video,image,cross-category,https://cloudconvert.com/mp4-converter
3748,wtv,m4a,"wtv to m4a",TIER-2,enumerated (heuristic order),,,video,audio,cross-category,https://cloudconvert.com/mp4-converter
3749,wtv,svg,"wtv to svg",TIER-2,enumerated (heuristic order),,,video,image,cross-category,https://cloudconvert.com/mp4-converter
3750,wtv,wav,"wtv to wav",TIER-2,enumerated (heuristic order),,,video,audio,cross-category,https://cloudconvert.com/mp4-converter
3751,wtv,webp,"wtv to webp",TIER-2,enumerated (heuristic order),,,video,image,cross-category,https://cloudconvert.com/mp4-converter
3752,x3f,ai,"x3f to ai",TIER-2,enumerated (heuristic order),,,image,vector,cross-category,https://cloudconvert.com/image-converter
3753,x3f,doc,"x3f to doc",TIER-2,enumerated (heuristic order),,,image,document,cross-category,https://cloudconvert.com/image-converter
3754,x3f,html,"x3f to html",TIER-2,enumerated (heuristic order),,,image,document,cross-category,https://cloudconvert.com/image-converter
3755,x3f,ppt,"x3f to ppt",TIER-2,enumerated (heuristic order),,,image,presentation,cross-category,https://cloudconvert.com/image-converter
3756,x3f,txt,"x3f to txt",TIER-2,enumerated (heuristic order),,,image,document,cross-category,https://cloudconvert.com/image-converter
3757,xcf,ai,"xcf to ai",TIER-2,enumerated (heuristic order),,,image,vector,cross-category,https://cloudconvert.com/image-converter
3758,xcf,doc,"xcf to doc",TIER-2,enumerated (heuristic order),,,image,document,cross-category,https://cloudconvert.com/image-converter
3759,xcf,html,"xcf to html",TIER-2,enumerated (heuristic order),,,image,document,cross-category,https://cloudconvert.com/image-converter
3760,xcf,ppt,"xcf to ppt",TIER-2,enumerated (heuristic order),,,image,presentation,cross-category,https://cloudconvert.com/image-converter
3761,xcf,txt,"xcf to txt",TIER-2,enumerated (heuristic order),,,image,document,cross-category,https://cloudconvert.com/image-converter
3766,xps,ai,"xps to ai",TIER-2,enumerated (heuristic order),,,image,vector,cross-category,https://cloudconvert.com/image-converter
3767,xps,doc,"xps to doc",TIER-2,enumerated (heuristic order),,,image,document,cross-category,https://cloudconvert.com/image-converter
3768,xps,html,"xps to html",TIER-2,enumerated (heuristic order),,,image,document,cross-category,https://cloudconvert.com/image-converter
3769,xps,ppt,"xps to ppt",TIER-2,enumerated (heuristic order),,,image,presentation,cross-category,https://cloudconvert.com/image-converter
3770,xps,txt,"xps to txt",TIER-2,enumerated (heuristic order),,,image,document,cross-category,https://cloudconvert.com/image-converter
3778,3gp,aif,"3gp to aif",TIER-2,enumerated (heuristic order),,,video,audio,cross-category,https://cloudconvert.com/mp4-converter
3779,3gp,aiff,"3gp to aiff",TIER-2,enumerated (heuristic order),,,video,audio,cross-category,https://cloudconvert.com/mp4-converter
3780,3gp,arw,"3gp to arw",TIER-2,enumerated (heuristic order),,,video,image,cross-category,https://cloudconvert.com/mp4-converter
3781,3gp,avif,"3gp to avif",TIER-2,enumerated (heuristic order),,,video,image,cross-category,https://cloudconvert.com/mp4-converter
3782,3gp,bmp,"3gp to bmp",TIER-2,enumerated (heuristic order),,,video,image,cross-category,https://cloudconvert.com/mp4-converter
3783,3gp,cr2,"3gp to cr2",TIER-2,enumerated (heuristic order),,,video,image,cross-category,https://cloudconvert.com/mp4-converter
3784,3gp,dng,"3gp to dng",TIER-2,enumerated (heuristic order),,,video,image,cross-category,https://cloudconvert.com/mp4-converter
3785,3gp,eps,"3gp to eps",TIER-2,enumerated (heuristic order),,,video,image,cross-category,https://cloudconvert.com/mp4-converter
3786,3gp,heif,"3gp to heif",TIER-2,enumerated (heuristic order),,,video,image,cross-category,https://cloudconvert.com/mp4-converter
3787,3gp,ico,"3gp to ico",TIER-2,enumerated (heuristic order),,,video,image,cross-category,https://cloudconvert.com/mp4-converter
3788,3gp,jfif,"3gp to jfif",TIER-2,enumerated (heuristic order),,,video,image,cross-category,https://cloudconvert.com/mp4-converter
3789,3gp,nef,"3gp to nef",TIER-2,enumerated (heuristic order),,,video,image,cross-category,https://cloudconvert.com/mp4-converter
3790,3gp,oga,"3gp to oga",TIER-2,enumerated (heuristic order),,,video,audio,cross-category,https://cloudconvert.com/mp4-converter
3791,3gp,ogg,"3gp to ogg",TIER-2,enumerated (heuristic order),,,video,audio,cross-category,https://cloudconvert.com/mp4-converter
3792,3gp,opus,"3gp to opus",TIER-2,enumerated (heuristic order),,,video,audio,cross-category,https://cloudconvert.com/mp4-converter
3793,3gp,psd,"3gp to psd",TIER-2,enumerated (heuristic order),,,video,image,cross-category,https://cloudconvert.com/mp4-converter
3794,3gp,raw,"3gp to raw",TIER-2,enumerated (heuristic order),,,video,image,cross-category,https://cloudconvert.com/mp4-converter
3795,3gp,tif,"3gp to tif",TIER-2,enumerated (heuristic order),,,video,image,cross-category,https://cloudconvert.com/mp4-converter
3796,3gp,tiff,"3gp to tiff",TIER-2,enumerated (heuristic order),,,video,image,cross-category,https://cloudconvert.com/mp4-converter
3797,3gp,wma,"3gp to wma",TIER-2,enumerated (heuristic order),,,video,audio,cross-category,https://cloudconvert.com/mp4-converter
3798,aif,3gp,"aif to 3gp",TIER-2,enumerated (heuristic order),,,audio,video,cross-category,https://cloudconvert.com/audio-converter
3799,aif,flv,"aif to flv",TIER-2,enumerated (heuristic order),,,audio,video,cross-category,https://cloudconvert.com/audio-converter
3800,aif,m4v,"aif to m4v",TIER-2,enumerated (heuristic order),,,audio,video,cross-category,https://cloudconvert.com/audio-converter
3801,aif,mpeg,"aif to mpeg",TIER-2,enumerated (heuristic order),,,audio,video,cross-category,https://cloudconvert.com/audio-converter
3802,aif,mpg,"aif to mpg",TIER-2,enumerated (heuristic order),,,audio,video,cross-category,https://cloudconvert.com/audio-converter
3803,aif,ts,"aif to ts",TIER-2,enumerated (heuristic order),,,audio,video,cross-category,https://cloudconvert.com/audio-converter
3804,aif,wmv,"aif to wmv",TIER-2,enumerated (heuristic order),,,audio,video,cross-category,https://cloudconvert.com/audio-converter
3805,aiff,3gp,"aiff to 3gp",TIER-2,enumerated (heuristic order),,,audio,video,cross-category,https://cloudconvert.com/audio-converter
3806,aiff,flv,"aiff to flv",TIER-2,enumerated (heuristic order),,,audio,video,cross-category,https://cloudconvert.com/audio-converter
3807,aiff,m4v,"aiff to m4v",TIER-2,enumerated (heuristic order),,,audio,video,cross-category,https://cloudconvert.com/audio-converter
3808,aiff,mpeg,"aiff to mpeg",TIER-2,enumerated (heuristic order),,,audio,video,cross-category,https://cloudconvert.com/audio-converter
3809,aiff,mpg,"aiff to mpg",TIER-2,enumerated (heuristic order),,,audio,video,cross-category,https://cloudconvert.com/audio-converter
3810,aiff,ts,"aiff to ts",TIER-2,enumerated (heuristic order),,,audio,video,cross-category,https://cloudconvert.com/audio-converter
3811,aiff,wmv,"aiff to wmv",TIER-2,enumerated (heuristic order),,,audio,video,cross-category,https://cloudconvert.com/audio-converter
3812,arw,cdr,"arw to cdr",TIER-2,enumerated (heuristic order),,,image,vector,cross-category,https://cloudconvert.com/image-converter
3813,arw,dxf,"arw to dxf",TIER-2,enumerated (heuristic order),,,image,vector,cross-category,https://cloudconvert.com/image-converter
3814,arw,key,"arw to key",TIER-2,enumerated (heuristic order),,,image,presentation,cross-category,https://cloudconvert.com/image-converter
3815,arw,md,"arw to md",TIER-2,enumerated (heuristic order),,,image,document,cross-category,https://cloudconvert.com/image-converter
3816,arw,odp,"arw to odp",TIER-2,enumerated (heuristic order),,,image,presentation,cross-category,https://cloudconvert.com/image-converter
3817,arw,odt,"arw to odt",TIER-2,enumerated (heuristic order),,,image,document,cross-category,https://cloudconvert.com/image-converter
3818,arw,pages,"arw to pages",TIER-2,enumerated (heuristic order),,,image,document,cross-category,https://cloudconvert.com/image-converter
3819,arw,rtf,"arw to rtf",TIER-2,enumerated (heuristic order),,,image,document,cross-category,https://cloudconvert.com/image-converter
3820,avif,cdr,"avif to cdr",TIER-2,enumerated (heuristic order),,,image,vector,cross-category,https://cloudconvert.com/image-converter
3821,avif,dxf,"avif to dxf",TIER-2,enumerated (heuristic order),,,image,vector,cross-category,https://cloudconvert.com/image-converter
3822,avif,key,"avif to key",TIER-2,enumerated (heuristic order),,,image,presentation,cross-category,https://cloudconvert.com/image-converter
3823,avif,md,"avif to md",TIER-2,enumerated (heuristic order),,,image,document,cross-category,https://cloudconvert.com/image-converter
3824,avif,odp,"avif to odp",TIER-2,enumerated (heuristic order),,,image,presentation,cross-category,https://cloudconvert.com/image-converter
3825,avif,odt,"avif to odt",TIER-2,enumerated (heuristic order),,,image,document,cross-category,https://cloudconvert.com/image-converter
3826,avif,pages,"avif to pages",TIER-2,enumerated (heuristic order),,,image,document,cross-category,https://cloudconvert.com/image-converter
3827,avif,rtf,"avif to rtf",TIER-2,enumerated (heuristic order),,,image,document,cross-category,https://cloudconvert.com/image-converter
3864,bmp,cdr,"bmp to cdr",TIER-2,enumerated (heuristic order),,,image,vector,cross-category,https://cloudconvert.com/image-converter
3865,bmp,dxf,"bmp to dxf",TIER-2,enumerated (heuristic order),,,image,vector,cross-category,https://cloudconvert.com/image-converter
3866,bmp,key,"bmp to key",TIER-2,enumerated (heuristic order),,,image,presentation,cross-category,https://cloudconvert.com/image-converter
3867,bmp,md,"bmp to md",TIER-2,enumerated (heuristic order),,,image,document,cross-category,https://cloudconvert.com/image-converter
3868,bmp,odp,"bmp to odp",TIER-2,enumerated (heuristic order),,,image,presentation,cross-category,https://cloudconvert.com/image-converter
3869,bmp,odt,"bmp to odt",TIER-2,enumerated (heuristic order),,,image,document,cross-category,https://cloudconvert.com/image-converter
3870,bmp,pages,"bmp to pages",TIER-2,enumerated (heuristic order),,,image,document,cross-category,https://cloudconvert.com/image-converter
3871,bmp,rtf,"bmp to rtf",TIER-2,enumerated (heuristic order),,,image,document,cross-category,https://cloudconvert.com/image-converter
3926,cr2,cdr,"cr2 to cdr",TIER-2,enumerated (heuristic order),,,image,vector,cross-category,https://cloudconvert.com/image-converter
3927,cr2,dxf,"cr2 to dxf",TIER-2,enumerated (heuristic order),,,image,vector,cross-category,https://cloudconvert.com/image-converter
3928,cr2,key,"cr2 to key",TIER-2,enumerated (heuristic order),,,image,presentation,cross-category,https://cloudconvert.com/image-converter
3929,cr2,md,"cr2 to md",TIER-2,enumerated (heuristic order),,,image,document,cross-category,https://cloudconvert.com/image-converter
3930,cr2,odp,"cr2 to odp",TIER-2,enumerated (heuristic order),,,image,presentation,cross-category,https://cloudconvert.com/image-converter
3931,cr2,odt,"cr2 to odt",TIER-2,enumerated (heuristic order),,,image,document,cross-category,https://cloudconvert.com/image-converter
3932,cr2,pages,"cr2 to pages",TIER-2,enumerated (heuristic order),,,image,document,cross-category,https://cloudconvert.com/image-converter
3933,cr2,rtf,"cr2 to rtf",TIER-2,enumerated (heuristic order),,,image,document,cross-category,https://cloudconvert.com/image-converter
3934,dng,cdr,"dng to cdr",TIER-2,enumerated (heuristic order),,,image,vector,cross-category,https://cloudconvert.com/image-converter
3935,dng,dxf,"dng to dxf",TIER-2,enumerated (heuristic order),,,image,vector,cross-category,https://cloudconvert.com/image-converter
3936,dng,key,"dng to key",TIER-2,enumerated (heuristic order),,,image,presentation,cross-category,https://cloudconvert.com/image-converter
3937,dng,md,"dng to md",TIER-2,enumerated (heuristic order),,,image,document,cross-category,https://cloudconvert.com/image-converter
3938,dng,odp,"dng to odp",TIER-2,enumerated (heuristic order),,,image,presentation,cross-category,https://cloudconvert.com/image-converter
3939,dng,odt,"dng to odt",TIER-2,enumerated (heuristic order),,,image,document,cross-category,https://cloudconvert.com/image-converter
3940,dng,pages,"dng to pages",TIER-2,enumerated (heuristic order),,,image,document,cross-category,https://cloudconvert.com/image-converter
3941,dng,rtf,"dng to rtf",TIER-2,enumerated (heuristic order),,,image,document,cross-category,https://cloudconvert.com/image-converter
3960,eps,cdr,"eps to cdr",TIER-2,enumerated (heuristic order),,,image,vector,cross-category,https://cloudconvert.com/image-converter
3961,eps,dxf,"eps to dxf",TIER-2,enumerated (heuristic order),,,image,vector,cross-category,https://cloudconvert.com/image-converter
3962,eps,key,"eps to key",TIER-2,enumerated (heuristic order),,,image,presentation,cross-category,https://cloudconvert.com/image-converter
3963,eps,md,"eps to md",TIER-2,enumerated (heuristic order),,,image,document,cross-category,https://cloudconvert.com/image-converter
3964,eps,odp,"eps to odp",TIER-2,enumerated (heuristic order),,,image,presentation,cross-category,https://cloudconvert.com/image-converter
3965,eps,odt,"eps to odt",TIER-2,enumerated (heuristic order),,,image,document,cross-category,https://cloudconvert.com/image-converter
3966,eps,pages,"eps to pages",TIER-2,enumerated (heuristic order),,,image,document,cross-category,https://cloudconvert.com/image-converter
3967,eps,rtf,"eps to rtf",TIER-2,enumerated (heuristic order),,,image,document,cross-category,https://cloudconvert.com/image-converter
3986,flv,aif,"flv to aif",TIER-2,enumerated (heuristic order),,,video,audio,cross-category,https://cloudconvert.com/mp4-converter
3987,flv,aiff,"flv to aiff",TIER-2,enumerated (heuristic order),,,video,audio,cross-category,https://cloudconvert.com/mp4-converter
3988,flv,arw,"flv to arw",TIER-2,enumerated (heuristic order),,,video,image,cross-category,https://cloudconvert.com/mp4-converter
3989,flv,avif,"flv to avif",TIER-2,enumerated (heuristic order),,,video,image,cross-category,https://cloudconvert.com/mp4-converter
3990,flv,bmp,"flv to bmp",TIER-2,enumerated (heuristic order),,,video,image,cross-category,https://cloudconvert.com/mp4-converter
3991,flv,cr2,"flv to cr2",TIER-2,enumerated (heuristic order),,,video,image,cross-category,https://cloudconvert.com/mp4-converter
3992,flv,dng,"flv to dng",TIER-2,enumerated (heuristic order),,,video,image,cross-category,https://cloudconvert.com/mp4-converter
3993,flv,eps,"flv to eps",TIER-2,enumerated (heuristic order),,,video,image,cross-category,https://cloudconvert.com/mp4-converter
3994,flv,heif,"flv to heif",TIER-2,enumerated (heuristic order),,,video,image,cross-category,https://cloudconvert.com/mp4-converter
3995,flv,ico,"flv to ico",TIER-2,enumerated (heuristic order),,,video,image,cross-category,https://cloudconvert.com/mp4-converter
3996,flv,jfif,"flv to jfif",TIER-2,enumerated (heuristic order),,,video,image,cross-category,https://cloudconvert.com/mp4-converter
3997,flv,nef,"flv to nef",TIER-2,enumerated (heuristic order),,,video,image,cross-category,https://cloudconvert.com/mp4-converter
3998,flv,oga,"flv to oga",TIER-2,enumerated (heuristic order),,,video,audio,cross-category,https://cloudconvert.com/mp4-converter
3999,flv,ogg,"flv to ogg",TIER-2,enumerated (heuristic order),,,video,audio,cross-category,https://cloudconvert.com/mp4-converter
4000,flv,opus,"flv to opus",TIER-2,enumerated (heuristic order),,,video,audio,cross-category,https://cloudconvert.com/mp4-converter
4001,flv,psd,"flv to psd",TIER-2,enumerated (heuristic order),,,video,image,cross-category,https://cloudconvert.com/mp4-converter
4002,flv,raw,"flv to raw",TIER-2,enumerated (heuristic order),,,video,image,cross-category,https://cloudconvert.com/mp4-converter
4003,flv,tif,"flv to tif",TIER-2,enumerated (heuristic order),,,video,image,cross-category,https://cloudconvert.com/mp4-converter
4004,flv,tiff,"flv to tiff",TIER-2,enumerated (heuristic order),,,video,image,cross-category,https://cloudconvert.com/mp4-converter
4005,flv,wma,"flv to wma",TIER-2,enumerated (heuristic order),,,video,audio,cross-category,https://cloudconvert.com/mp4-converter
4006,heif,cdr,"heif to cdr",TIER-2,enumerated (heuristic order),,,image,vector,cross-category,https://cloudconvert.com/image-converter
4007,heif,dxf,"heif to dxf",TIER-2,enumerated (heuristic order),,,image,vector,cross-category,https://cloudconvert.com/image-converter
4008,heif,key,"heif to key",TIER-2,enumerated (heuristic order),,,image,presentation,cross-category,https://cloudconvert.com/image-converter
4009,heif,md,"heif to md",TIER-2,enumerated (heuristic order),,,image,document,cross-category,https://cloudconvert.com/image-converter
4010,heif,odp,"heif to odp",TIER-2,enumerated (heuristic order),,,image,presentation,cross-category,https://cloudconvert.com/image-converter
4011,heif,odt,"heif to odt",TIER-2,enumerated (heuristic order),,,image,document,cross-category,https://cloudconvert.com/image-converter
4012,heif,pages,"heif to pages",TIER-2,enumerated (heuristic order),,,image,document,cross-category,https://cloudconvert.com/image-converter
4013,heif,rtf,"heif to rtf",TIER-2,enumerated (heuristic order),,,image,document,cross-category,https://cloudconvert.com/image-converter
4014,ico,cdr,"ico to cdr",TIER-2,enumerated (heuristic order),,,image,vector,cross-category,https://cloudconvert.com/image-converter
4015,ico,dxf,"ico to dxf",TIER-2,enumerated (heuristic order),,,image,vector,cross-category,https://cloudconvert.com/image-converter
4016,ico,key,"ico to key",TIER-2,enumerated (heuristic order),,,image,presentation,cross-category,https://cloudconvert.com/image-converter
4017,ico,md,"ico to md",TIER-2,enumerated (heuristic order),,,image,document,cross-category,https://cloudconvert.com/image-converter
4018,ico,odp,"ico to odp",TIER-2,enumerated (heuristic order),,,image,presentation,cross-category,https://cloudconvert.com/image-converter
4019,ico,odt,"ico to odt",TIER-2,enumerated (heuristic order),,,image,document,cross-category,https://cloudconvert.com/image-converter
4020,ico,pages,"ico to pages",TIER-2,enumerated (heuristic order),,,image,document,cross-category,https://cloudconvert.com/image-converter
4021,ico,rtf,"ico to rtf",TIER-2,enumerated (heuristic order),,,image,document,cross-category,https://cloudconvert.com/image-converter
4022,jfif,cdr,"jfif to cdr",TIER-2,enumerated (heuristic order),,,image,vector,cross-category,https://cloudconvert.com/image-converter
4023,jfif,dxf,"jfif to dxf",TIER-2,enumerated (heuristic order),,,image,vector,cross-category,https://cloudconvert.com/image-converter
4024,jfif,key,"jfif to key",TIER-2,enumerated (heuristic order),,,image,presentation,cross-category,https://cloudconvert.com/image-converter
4025,jfif,md,"jfif to md",TIER-2,enumerated (heuristic order),,,image,document,cross-category,https://cloudconvert.com/image-converter
4026,jfif,odp,"jfif to odp",TIER-2,enumerated (heuristic order),,,image,presentation,cross-category,https://cloudconvert.com/image-converter
4027,jfif,odt,"jfif to odt",TIER-2,enumerated (heuristic order),,,image,document,cross-category,https://cloudconvert.com/image-converter
4028,jfif,pages,"jfif to pages",TIER-2,enumerated (heuristic order),,,image,document,cross-category,https://cloudconvert.com/image-converter
4029,jfif,rtf,"jfif to rtf",TIER-2,enumerated (heuristic order),,,image,document,cross-category,https://cloudconvert.com/image-converter
4048,m4v,aif,"m4v to aif",TIER-2,enumerated (heuristic order),,,video,audio,cross-category,https://cloudconvert.com/mp4-converter
4049,m4v,aiff,"m4v to aiff",TIER-2,enumerated (heuristic order),,,video,audio,cross-category,https://cloudconvert.com/mp4-converter
4050,m4v,arw,"m4v to arw",TIER-2,enumerated (heuristic order),,,video,image,cross-category,https://cloudconvert.com/mp4-converter
4051,m4v,avif,"m4v to avif",TIER-2,enumerated (heuristic order),,,video,image,cross-category,https://cloudconvert.com/mp4-converter
4052,m4v,bmp,"m4v to bmp",TIER-2,enumerated (heuristic order),,,video,image,cross-category,https://cloudconvert.com/mp4-converter
4053,m4v,cr2,"m4v to cr2",TIER-2,enumerated (heuristic order),,,video,image,cross-category,https://cloudconvert.com/mp4-converter
4054,m4v,dng,"m4v to dng",TIER-2,enumerated (heuristic order),,,video,image,cross-category,https://cloudconvert.com/mp4-converter
4055,m4v,eps,"m4v to eps",TIER-2,enumerated (heuristic order),,,video,image,cross-category,https://cloudconvert.com/mp4-converter
4056,m4v,heif,"m4v to heif",TIER-2,enumerated (heuristic order),,,video,image,cross-category,https://cloudconvert.com/mp4-converter
4057,m4v,ico,"m4v to ico",TIER-2,enumerated (heuristic order),,,video,image,cross-category,https://cloudconvert.com/mp4-converter
4058,m4v,jfif,"m4v to jfif",TIER-2,enumerated (heuristic order),,,video,image,cross-category,https://cloudconvert.com/mp4-converter
4059,m4v,nef,"m4v to nef",TIER-2,enumerated (heuristic order),,,video,image,cross-category,https://cloudconvert.com/mp4-converter
4060,m4v,oga,"m4v to oga",TIER-2,enumerated (heuristic order),,,video,audio,cross-category,https://cloudconvert.com/mp4-converter
4061,m4v,ogg,"m4v to ogg",TIER-2,enumerated (heuristic order),,,video,audio,cross-category,https://cloudconvert.com/mp4-converter
4062,m4v,opus,"m4v to opus",TIER-2,enumerated (heuristic order),,,video,audio,cross-category,https://cloudconvert.com/mp4-converter
4063,m4v,psd,"m4v to psd",TIER-2,enumerated (heuristic order),,,video,image,cross-category,https://cloudconvert.com/mp4-converter
4064,m4v,raw,"m4v to raw",TIER-2,enumerated (heuristic order),,,video,image,cross-category,https://cloudconvert.com/mp4-converter
4065,m4v,tif,"m4v to tif",TIER-2,enumerated (heuristic order),,,video,image,cross-category,https://cloudconvert.com/mp4-converter
4066,m4v,tiff,"m4v to tiff",TIER-2,enumerated (heuristic order),,,video,image,cross-category,https://cloudconvert.com/mp4-converter
4067,m4v,wma,"m4v to wma",TIER-2,enumerated (heuristic order),,,video,audio,cross-category,https://cloudconvert.com/mp4-converter
4089,mpeg,aif,"mpeg to aif",TIER-2,enumerated (heuristic order),,,video,audio,cross-category,https://cloudconvert.com/mp4-converter
4090,mpeg,aiff,"mpeg to aiff",TIER-2,enumerated (heuristic order),,,video,audio,cross-category,https://cloudconvert.com/mp4-converter
4091,mpeg,arw,"mpeg to arw",TIER-2,enumerated (heuristic order),,,video,image,cross-category,https://cloudconvert.com/mp4-converter
4092,mpeg,avif,"mpeg to avif",TIER-2,enumerated (heuristic order),,,video,image,cross-category,https://cloudconvert.com/mp4-converter
4093,mpeg,bmp,"mpeg to bmp",TIER-2,enumerated (heuristic order),,,video,image,cross-category,https://cloudconvert.com/mp4-converter
4094,mpeg,cr2,"mpeg to cr2",TIER-2,enumerated (heuristic order),,,video,image,cross-category,https://cloudconvert.com/mp4-converter
4095,mpeg,dng,"mpeg to dng",TIER-2,enumerated (heuristic order),,,video,image,cross-category,https://cloudconvert.com/mp4-converter
4096,mpeg,eps,"mpeg to eps",TIER-2,enumerated (heuristic order),,,video,image,cross-category,https://cloudconvert.com/mp4-converter
4097,mpeg,heif,"mpeg to heif",TIER-2,enumerated (heuristic order),,,video,image,cross-category,https://cloudconvert.com/mp4-converter
4098,mpeg,ico,"mpeg to ico",TIER-2,enumerated (heuristic order),,,video,image,cross-category,https://cloudconvert.com/mp4-converter
4099,mpeg,jfif,"mpeg to jfif",TIER-2,enumerated (heuristic order),,,video,image,cross-category,https://cloudconvert.com/mp4-converter
4100,mpeg,nef,"mpeg to nef",TIER-2,enumerated (heuristic order),,,video,image,cross-category,https://cloudconvert.com/mp4-converter
4101,mpeg,oga,"mpeg to oga",TIER-2,enumerated (heuristic order),,,video,audio,cross-category,https://cloudconvert.com/mp4-converter
4102,mpeg,ogg,"mpeg to ogg",TIER-2,enumerated (heuristic order),,,video,audio,cross-category,https://cloudconvert.com/mp4-converter
4103,mpeg,opus,"mpeg to opus",TIER-2,enumerated (heuristic order),,,video,audio,cross-category,https://cloudconvert.com/mp4-converter
4104,mpeg,psd,"mpeg to psd",TIER-2,enumerated (heuristic order),,,video,image,cross-category,https://cloudconvert.com/mp4-converter
4105,mpeg,raw,"mpeg to raw",TIER-2,enumerated (heuristic order),,,video,image,cross-category,https://cloudconvert.com/mp4-converter
4106,mpeg,tif,"mpeg to tif",TIER-2,enumerated (heuristic order),,,video,image,cross-category,https://cloudconvert.com/mp4-converter
4107,mpeg,tiff,"mpeg to tiff",TIER-2,enumerated (heuristic order),,,video,image,cross-category,https://cloudconvert.com/mp4-converter
4108,mpeg,wma,"mpeg to wma",TIER-2,enumerated (heuristic order),,,video,audio,cross-category,https://cloudconvert.com/mp4-converter
4109,mpg,aif,"mpg to aif",TIER-2,enumerated (heuristic order),,,video,audio,cross-category,https://cloudconvert.com/mp4-converter
4110,mpg,aiff,"mpg to aiff",TIER-2,enumerated (heuristic order),,,video,audio,cross-category,https://cloudconvert.com/mp4-converter
4111,mpg,arw,"mpg to arw",TIER-2,enumerated (heuristic order),,,video,image,cross-category,https://cloudconvert.com/mp4-converter
4112,mpg,avif,"mpg to avif",TIER-2,enumerated (heuristic order),,,video,image,cross-category,https://cloudconvert.com/mp4-converter
4113,mpg,bmp,"mpg to bmp",TIER-2,enumerated (heuristic order),,,video,image,cross-category,https://cloudconvert.com/mp4-converter
4114,mpg,cr2,"mpg to cr2",TIER-2,enumerated (heuristic order),,,video,image,cross-category,https://cloudconvert.com/mp4-converter
4115,mpg,dng,"mpg to dng",TIER-2,enumerated (heuristic order),,,video,image,cross-category,https://cloudconvert.com/mp4-converter
4116,mpg,eps,"mpg to eps",TIER-2,enumerated (heuristic order),,,video,image,cross-category,https://cloudconvert.com/mp4-converter
4117,mpg,heif,"mpg to heif",TIER-2,enumerated (heuristic order),,,video,image,cross-category,https://cloudconvert.com/mp4-converter
4118,mpg,ico,"mpg to ico",TIER-2,enumerated (heuristic order),,,video,image,cross-category,https://cloudconvert.com/mp4-converter
4119,mpg,jfif,"mpg to jfif",TIER-2,enumerated (heuristic order),,,video,image,cross-category,https://cloudconvert.com/mp4-converter
4120,mpg,nef,"mpg to nef",TIER-2,enumerated (heuristic order),,,video,image,cross-category,https://cloudconvert.com/mp4-converter
4121,mpg,oga,"mpg to oga",TIER-2,enumerated (heuristic order),,,video,audio,cross-category,https://cloudconvert.com/mp4-converter
4122,mpg,ogg,"mpg to ogg",TIER-2,enumerated (heuristic order),,,video,audio,cross-category,https://cloudconvert.com/mp4-converter
4123,mpg,opus,"mpg to opus",TIER-2,enumerated (heuristic order),,,video,audio,cross-category,https://cloudconvert.com/mp4-converter
4124,mpg,psd,"mpg to psd",TIER-2,enumerated (heuristic order),,,video,image,cross-category,https://cloudconvert.com/mp4-converter
4125,mpg,raw,"mpg to raw",TIER-2,enumerated (heuristic order),,,video,image,cross-category,https://cloudconvert.com/mp4-converter
4126,mpg,tif,"mpg to tif",TIER-2,enumerated (heuristic order),,,video,image,cross-category,https://cloudconvert.com/mp4-converter
4127,mpg,tiff,"mpg to tiff",TIER-2,enumerated (heuristic order),,,video,image,cross-category,https://cloudconvert.com/mp4-converter
4128,mpg,wma,"mpg to wma",TIER-2,enumerated (heuristic order),,,video,audio,cross-category,https://cloudconvert.com/mp4-converter
4129,nef,cdr,"nef to cdr",TIER-2,enumerated (heuristic order),,,image,vector,cross-category,https://cloudconvert.com/image-converter
4130,nef,dxf,"nef to dxf",TIER-2,enumerated (heuristic order),,,image,vector,cross-category,https://cloudconvert.com/image-converter
4131,nef,key,"nef to key",TIER-2,enumerated (heuristic order),,,image,presentation,cross-category,https://cloudconvert.com/image-converter
4132,nef,md,"nef to md",TIER-2,enumerated (heuristic order),,,image,document,cross-category,https://cloudconvert.com/image-converter
4133,nef,odp,"nef to odp",TIER-2,enumerated (heuristic order),,,image,presentation,cross-category,https://cloudconvert.com/image-converter
4134,nef,odt,"nef to odt",TIER-2,enumerated (heuristic order),,,image,document,cross-category,https://cloudconvert.com/image-converter
4135,nef,pages,"nef to pages",TIER-2,enumerated (heuristic order),,,image,document,cross-category,https://cloudconvert.com/image-converter
4136,nef,rtf,"nef to rtf",TIER-2,enumerated (heuristic order),,,image,document,cross-category,https://cloudconvert.com/image-converter
4212,oga,3gp,"oga to 3gp",TIER-2,enumerated (heuristic order),,,audio,video,cross-category,https://cloudconvert.com/audio-converter
4213,oga,flv,"oga to flv",TIER-2,enumerated (heuristic order),,,audio,video,cross-category,https://cloudconvert.com/audio-converter
4214,oga,m4v,"oga to m4v",TIER-2,enumerated (heuristic order),,,audio,video,cross-category,https://cloudconvert.com/audio-converter
4215,oga,mpeg,"oga to mpeg",TIER-2,enumerated (heuristic order),,,audio,video,cross-category,https://cloudconvert.com/audio-converter
4216,oga,mpg,"oga to mpg",TIER-2,enumerated (heuristic order),,,audio,video,cross-category,https://cloudconvert.com/audio-converter
4217,oga,ts,"oga to ts",TIER-2,enumerated (heuristic order),,,audio,video,cross-category,https://cloudconvert.com/audio-converter
4218,oga,wmv,"oga to wmv",TIER-2,enumerated (heuristic order),,,audio,video,cross-category,https://cloudconvert.com/audio-converter
4219,ogg,3gp,"ogg to 3gp",TIER-2,enumerated (heuristic order),,,audio,video,cross-category,https://cloudconvert.com/audio-converter
4220,ogg,flv,"ogg to flv",TIER-2,enumerated (heuristic order),,,audio,video,cross-category,https://cloudconvert.com/audio-converter
4221,ogg,m4v,"ogg to m4v",TIER-2,enumerated (heuristic order),,,audio,video,cross-category,https://cloudconvert.com/audio-converter
4222,ogg,mpeg,"ogg to mpeg",TIER-2,enumerated (heuristic order),,,audio,video,cross-category,https://cloudconvert.com/audio-converter
4223,ogg,mpg,"ogg to mpg",TIER-2,enumerated (heuristic order),,,audio,video,cross-category,https://cloudconvert.com/audio-converter
4224,ogg,ts,"ogg to ts",TIER-2,enumerated (heuristic order),,,audio,video,cross-category,https://cloudconvert.com/audio-converter
4225,ogg,wmv,"ogg to wmv",TIER-2,enumerated (heuristic order),,,audio,video,cross-category,https://cloudconvert.com/audio-converter
4226,opus,3gp,"opus to 3gp",TIER-2,enumerated (heuristic order),,,audio,video,cross-category,https://cloudconvert.com/audio-converter
4227,opus,flv,"opus to flv",TIER-2,enumerated (heuristic order),,,audio,video,cross-category,https://cloudconvert.com/audio-converter
4228,opus,m4v,"opus to m4v",TIER-2,enumerated (heuristic order),,,audio,video,cross-category,https://cloudconvert.com/audio-converter
4229,opus,mpeg,"opus to mpeg",TIER-2,enumerated (heuristic order),,,audio,video,cross-category,https://cloudconvert.com/audio-converter
4230,opus,mpg,"opus to mpg",TIER-2,enumerated (heuristic order),,,audio,video,cross-category,https://cloudconvert.com/audio-converter
4231,opus,ts,"opus to ts",TIER-2,enumerated (heuristic order),,,audio,video,cross-category,https://cloudconvert.com/audio-converter
4232,opus,wmv,"opus to wmv",TIER-2,enumerated (heuristic order),,,audio,video,cross-category,https://cloudconvert.com/audio-converter
4254,psd,cdr,"psd to cdr",TIER-2,enumerated (heuristic order),,,image,vector,cross-category,https://cloudconvert.com/image-converter
4255,psd,dxf,"psd to dxf",TIER-2,enumerated (heuristic order),,,image,vector,cross-category,https://cloudconvert.com/image-converter
4256,psd,key,"psd to key",TIER-2,enumerated (heuristic order),,,image,presentation,cross-category,https://cloudconvert.com/image-converter
4257,psd,md,"psd to md",TIER-2,enumerated (heuristic order),,,image,document,cross-category,https://cloudconvert.com/image-converter
4258,psd,odp,"psd to odp",TIER-2,enumerated (heuristic order),,,image,presentation,cross-category,https://cloudconvert.com/image-converter
4259,psd,odt,"psd to odt",TIER-2,enumerated (heuristic order),,,image,document,cross-category,https://cloudconvert.com/image-converter
4260,psd,pages,"psd to pages",TIER-2,enumerated (heuristic order),,,image,document,cross-category,https://cloudconvert.com/image-converter
4261,psd,rtf,"psd to rtf",TIER-2,enumerated (heuristic order),,,image,document,cross-category,https://cloudconvert.com/image-converter
4262,raw,cdr,"raw to cdr",TIER-2,enumerated (heuristic order),,,image,vector,cross-category,https://cloudconvert.com/image-converter
4263,raw,dxf,"raw to dxf",TIER-2,enumerated (heuristic order),,,image,vector,cross-category,https://cloudconvert.com/image-converter
4264,raw,key,"raw to key",TIER-2,enumerated (heuristic order),,,image,presentation,cross-category,https://cloudconvert.com/image-converter
4265,raw,md,"raw to md",TIER-2,enumerated (heuristic order),,,image,document,cross-category,https://cloudconvert.com/image-converter
4266,raw,odp,"raw to odp",TIER-2,enumerated (heuristic order),,,image,presentation,cross-category,https://cloudconvert.com/image-converter
4267,raw,odt,"raw to odt",TIER-2,enumerated (heuristic order),,,image,document,cross-category,https://cloudconvert.com/image-converter
4268,raw,pages,"raw to pages",TIER-2,enumerated (heuristic order),,,image,document,cross-category,https://cloudconvert.com/image-converter
4269,raw,rtf,"raw to rtf",TIER-2,enumerated (heuristic order),,,image,document,cross-category,https://cloudconvert.com/image-converter
4291,tif,cdr,"tif to cdr",TIER-2,enumerated (heuristic order),,,image,vector,cross-category,https://cloudconvert.com/image-converter
4292,tif,dxf,"tif to dxf",TIER-2,enumerated (heuristic order),,,image,vector,cross-category,https://cloudconvert.com/image-converter
4293,tif,key,"tif to key",TIER-2,enumerated (heuristic order),,,image,presentation,cross-category,https://cloudconvert.com/image-converter
4294,tif,md,"tif to md",TIER-2,enumerated (heuristic order),,,image,document,cross-category,https://cloudconvert.com/image-converter
4295,tif,odp,"tif to odp",TIER-2,enumerated (heuristic order),,,image,presentation,cross-category,https://cloudconvert.com/image-converter
4296,tif,odt,"tif to odt",TIER-2,enumerated (heuristic order),,,image,document,cross-category,https://cloudconvert.com/image-converter
4297,tif,pages,"tif to pages",TIER-2,enumerated (heuristic order),,,image,document,cross-category,https://cloudconvert.com/image-converter
4298,tif,rtf,"tif to rtf",TIER-2,enumerated (heuristic order),,,image,document,cross-category,https://cloudconvert.com/image-converter
4299,tiff,cdr,"tiff to cdr",TIER-2,enumerated (heuristic order),,,image,vector,cross-category,https://cloudconvert.com/image-converter
4300,tiff,dxf,"tiff to dxf",TIER-2,enumerated (heuristic order),,,image,vector,cross-category,https://cloudconvert.com/image-converter
4301,tiff,key,"tiff to key",TIER-2,enumerated (heuristic order),,,image,presentation,cross-category,https://cloudconvert.com/image-converter
4302,tiff,md,"tiff to md",TIER-2,enumerated (heuristic order),,,image,document,cross-category,https://cloudconvert.com/image-converter
4303,tiff,odp,"tiff to odp",TIER-2,enumerated (heuristic order),,,image,presentation,cross-category,https://cloudconvert.com/image-converter
4304,tiff,odt,"tiff to odt",TIER-2,enumerated (heuristic order),,,image,document,cross-category,https://cloudconvert.com/image-converter
4305,tiff,pages,"tiff to pages",TIER-2,enumerated (heuristic order),,,image,document,cross-category,https://cloudconvert.com/image-converter
4306,tiff,rtf,"tiff to rtf",TIER-2,enumerated (heuristic order),,,image,document,cross-category,https://cloudconvert.com/image-converter
4307,ts,aif,"ts to aif",TIER-2,enumerated (heuristic order),,,video,audio,cross-category,https://cloudconvert.com/mp4-converter
4308,ts,aiff,"ts to aiff",TIER-2,enumerated (heuristic order),,,video,audio,cross-category,https://cloudconvert.com/mp4-converter
4309,ts,arw,"ts to arw",TIER-2,enumerated (heuristic order),,,video,image,cross-category,https://cloudconvert.com/mp4-converter
4310,ts,avif,"ts to avif",TIER-2,enumerated (heuristic order),,,video,image,cross-category,https://cloudconvert.com/mp4-converter
4311,ts,bmp,"ts to bmp",TIER-2,enumerated (heuristic order),,,video,image,cross-category,https://cloudconvert.com/mp4-converter
4312,ts,cr2,"ts to cr2",TIER-2,enumerated (heuristic order),,,video,image,cross-category,https://cloudconvert.com/mp4-converter
4313,ts,dng,"ts to dng",TIER-2,enumerated (heuristic order),,,video,image,cross-category,https://cloudconvert.com/mp4-converter
4314,ts,eps,"ts to eps",TIER-2,enumerated (heuristic order),,,video,image,cross-category,https://cloudconvert.com/mp4-converter
4315,ts,heif,"ts to heif",TIER-2,enumerated (heuristic order),,,video,image,cross-category,https://cloudconvert.com/mp4-converter
4316,ts,ico,"ts to ico",TIER-2,enumerated (heuristic order),,,video,image,cross-category,https://cloudconvert.com/mp4-converter
4317,ts,jfif,"ts to jfif",TIER-2,enumerated (heuristic order),,,video,image,cross-category,https://cloudconvert.com/mp4-converter
4318,ts,nef,"ts to nef",TIER-2,enumerated (heuristic order),,,video,image,cross-category,https://cloudconvert.com/mp4-converter
4319,ts,oga,"ts to oga",TIER-2,enumerated (heuristic order),,,video,audio,cross-category,https://cloudconvert.com/mp4-converter
4320,ts,ogg,"ts to ogg",TIER-2,enumerated (heuristic order),,,video,audio,cross-category,https://cloudconvert.com/mp4-converter
4321,ts,opus,"ts to opus",TIER-2,enumerated (heuristic order),,,video,audio,cross-category,https://cloudconvert.com/mp4-converter
4322,ts,psd,"ts to psd",TIER-2,enumerated (heuristic order),,,video,image,cross-category,https://cloudconvert.com/mp4-converter
4323,ts,raw,"ts to raw",TIER-2,enumerated (heuristic order),,,video,image,cross-category,https://cloudconvert.com/mp4-converter
4324,ts,tif,"ts to tif",TIER-2,enumerated (heuristic order),,,video,image,cross-category,https://cloudconvert.com/mp4-converter
4325,ts,tiff,"ts to tiff",TIER-2,enumerated (heuristic order),,,video,image,cross-category,https://cloudconvert.com/mp4-converter
4326,ts,wma,"ts to wma",TIER-2,enumerated (heuristic order),,,video,audio,cross-category,https://cloudconvert.com/mp4-converter
4327,wma,3gp,"wma to 3gp",TIER-2,enumerated (heuristic order),,,audio,video,cross-category,https://cloudconvert.com/audio-converter
4328,wma,flv,"wma to flv",TIER-2,enumerated (heuristic order),,,audio,video,cross-category,https://cloudconvert.com/audio-converter
4329,wma,m4v,"wma to m4v",TIER-2,enumerated (heuristic order),,,audio,video,cross-category,https://cloudconvert.com/audio-converter
4330,wma,mpeg,"wma to mpeg",TIER-2,enumerated (heuristic order),,,audio,video,cross-category,https://cloudconvert.com/audio-converter
4331,wma,mpg,"wma to mpg",TIER-2,enumerated (heuristic order),,,audio,video,cross-category,https://cloudconvert.com/audio-converter
4332,wma,ts,"wma to ts",TIER-2,enumerated (heuristic order),,,audio,video,cross-category,https://cloudconvert.com/audio-converter
4333,wma,wmv,"wma to wmv",TIER-2,enumerated (heuristic order),,,audio,video,cross-category,https://cloudconvert.com/audio-converter
4334,wmv,aif,"wmv to aif",TIER-2,enumerated (heuristic order),,,video,audio,cross-category,https://cloudconvert.com/mp4-converter
4335,wmv,aiff,"wmv to aiff",TIER-2,enumerated (heuristic order),,,video,audio,cross-category,https://cloudconvert.com/mp4-converter
4336,wmv,arw,"wmv to arw",TIER-2,enumerated (heuristic order),,,video,image,cross-category,https://cloudconvert.com/mp4-converter
4337,wmv,avif,"wmv to avif",TIER-2,enumerated (heuristic order),,,video,image,cross-category,https://cloudconvert.com/mp4-converter
4338,wmv,bmp,"wmv to bmp",TIER-2,enumerated (heuristic order),,,video,image,cross-category,https://cloudconvert.com/mp4-converter
4339,wmv,cr2,"wmv to cr2",TIER-2,enumerated (heuristic order),,,video,image,cross-category,https://cloudconvert.com/mp4-converter
4340,wmv,dng,"wmv to dng",TIER-2,enumerated (heuristic order),,,video,image,cross-category,https://cloudconvert.com/mp4-converter
4341,wmv,eps,"wmv to eps",TIER-2,enumerated (heuristic order),,,video,image,cross-category,https://cloudconvert.com/mp4-converter
4342,wmv,heif,"wmv to heif",TIER-2,enumerated (heuristic order),,,video,image,cross-category,https://cloudconvert.com/mp4-converter
4343,wmv,ico,"wmv to ico",TIER-2,enumerated (heuristic order),,,video,image,cross-category,https://cloudconvert.com/mp4-converter
4344,wmv,jfif,"wmv to jfif",TIER-2,enumerated (heuristic order),,,video,image,cross-category,https://cloudconvert.com/mp4-converter
4345,wmv,nef,"wmv to nef",TIER-2,enumerated (heuristic order),,,video,image,cross-category,https://cloudconvert.com/mp4-converter
4346,wmv,oga,"wmv to oga",TIER-2,enumerated (heuristic order),,,video,audio,cross-category,https://cloudconvert.com/mp4-converter
4347,wmv,ogg,"wmv to ogg",TIER-2,enumerated (heuristic order),,,video,audio,cross-category,https://cloudconvert.com/mp4-converter
4348,wmv,opus,"wmv to opus",TIER-2,enumerated (heuristic order),,,video,audio,cross-category,https://cloudconvert.com/mp4-converter
4349,wmv,psd,"wmv to psd",TIER-2,enumerated (heuristic order),,,video,image,cross-category,https://cloudconvert.com/mp4-converter
4350,wmv,raw,"wmv to raw",TIER-2,enumerated (heuristic order),,,video,image,cross-category,https://cloudconvert.com/mp4-converter
4351,wmv,tif,"wmv to tif",TIER-2,enumerated (heuristic order),,,video,image,cross-category,https://cloudconvert.com/mp4-converter
4352,wmv,tiff,"wmv to tiff",TIER-2,enumerated (heuristic order),,,video,image,cross-category,https://cloudconvert.com/mp4-converter
4353,wmv,wma,"wmv to wma",TIER-2,enumerated (heuristic order),,,video,audio,cross-category,https://cloudconvert.com/mp4-converter
4372,aac,3g2,"aac to 3g2",TIER-2,enumerated (heuristic order),,,audio,video,cross-category,https://cloudconvert.com/audio-converter
4373,aac,3gpp,"aac to 3gpp",TIER-2,enumerated (heuristic order),,,audio,video,cross-category,https://cloudconvert.com/audio-converter
4374,aac,cavs,"aac to cavs",TIER-2,enumerated (heuristic order),,,audio,video,cross-category,https://cloudconvert.com/audio-converter
4375,aac,dv,"aac to dv",TIER-2,enumerated (heuristic order),,,audio,video,cross-category,https://cloudconvert.com/audio-converter
4376,aac,dvr,"aac to dvr",TIER-2,enumerated (heuristic order),,,audio,video,cross-category,https://cloudconvert.com/audio-converter
4377,aac,m2ts,"aac to m2ts",TIER-2,enumerated (heuristic order),,,audio,video,cross-category,https://cloudconvert.com/audio-converter
4378,aac,mod,"aac to mod",TIER-2,enumerated (heuristic order),,,audio,video,cross-category,https://cloudconvert.com/audio-converter
4379,aac,mts,"aac to mts",TIER-2,enumerated (heuristic order),,,audio,video,cross-category,https://cloudconvert.com/audio-converter
4380,aac,mxf,"aac to mxf",TIER-2,enumerated (heuristic order),,,audio,video,cross-category,https://cloudconvert.com/audio-converter
4381,aac,ogv,"aac to ogv",TIER-2,enumerated (heuristic order),,,audio,video,cross-category,https://cloudconvert.com/audio-converter
4382,aac,rm,"aac to rm",TIER-2,enumerated (heuristic order),,,audio,video,cross-category,https://cloudconvert.com/audio-converter
4383,aac,rmvb,"aac to rmvb",TIER-2,enumerated (heuristic order),,,audio,video,cross-category,https://cloudconvert.com/audio-converter
4384,aac,swf,"aac to swf",TIER-2,enumerated (heuristic order),,,audio,video,cross-category,https://cloudconvert.com/audio-converter
4385,aac,vob,"aac to vob",TIER-2,enumerated (heuristic order),,,audio,video,cross-category,https://cloudconvert.com/audio-converter
4386,aac,wtv,"aac to wtv",TIER-2,enumerated (heuristic order),,,audio,video,cross-category,https://cloudconvert.com/audio-converter
4423,avi,3fr,"avi to 3fr",TIER-2,enumerated (heuristic order),,,video,image,cross-category,https://cloudconvert.com/mp4-converter
4424,avi,ac3,"avi to ac3",TIER-2,enumerated (heuristic order),,,video,audio,cross-category,https://cloudconvert.com/mp4-converter
4425,avi,amr,"avi to amr",TIER-2,enumerated (heuristic order),,,video,audio,cross-category,https://cloudconvert.com/mp4-converter
4426,avi,au,"avi to au",TIER-2,enumerated (heuristic order),,,video,audio,cross-category,https://cloudconvert.com/mp4-converter
4427,avi,caf,"avi to caf",TIER-2,enumerated (heuristic order),,,video,audio,cross-category,https://cloudconvert.com/mp4-converter
4428,avi,cr3,"avi to cr3",TIER-2,enumerated (heuristic order),,,video,image,cross-category,https://cloudconvert.com/mp4-converter
4429,avi,crw,"avi to crw",TIER-2,enumerated (heuristic order),,,video,image,cross-category,https://cloudconvert.com/mp4-converter
4430,avi,dcr,"avi to dcr",TIER-2,enumerated (heuristic order),,,video,image,cross-category,https://cloudconvert.com/mp4-converter
4431,avi,dss,"avi to dss",TIER-2,enumerated (heuristic order),,,video,audio,cross-category,https://cloudconvert.com/mp4-converter
4432,avi,erf,"avi to erf",TIER-2,enumerated (heuristic order),,,video,image,cross-category,https://cloudconvert.com/mp4-converter
4433,avi,icns,"avi to icns",TIER-2,enumerated (heuristic order),,,video,image,cross-category,https://cloudconvert.com/mp4-converter
4434,avi,m4b,"avi to m4b",TIER-2,enumerated (heuristic order),,,video,audio,cross-category,https://cloudconvert.com/mp4-converter
4435,avi,mos,"avi to mos",TIER-2,enumerated (heuristic order),,,video,image,cross-category,https://cloudconvert.com/mp4-converter
4436,avi,mrw,"avi to mrw",TIER-2,enumerated (heuristic order),,,video,image,cross-category,https://cloudconvert.com/mp4-converter
4437,avi,odd,"avi to odd",TIER-2,enumerated (heuristic order),,,video,image,cross-category,https://cloudconvert.com/mp4-converter
4438,avi,odg,"avi to odg",TIER-2,enumerated (heuristic order),,,video,image,cross-category,https://cloudconvert.com/mp4-converter
4439,avi,orf,"avi to orf",TIER-2,enumerated (heuristic order),,,video,image,cross-category,https://cloudconvert.com/mp4-converter
4440,avi,pef,"avi to pef",TIER-2,enumerated (heuristic order),,,video,image,cross-category,https://cloudconvert.com/mp4-converter
4441,avi,ppm,"avi to ppm",TIER-2,enumerated (heuristic order),,,video,image,cross-category,https://cloudconvert.com/mp4-converter
4442,avi,ps,"avi to ps",TIER-2,enumerated (heuristic order),,,video,image,cross-category,https://cloudconvert.com/mp4-converter
4443,avi,psb,"avi to psb",TIER-2,enumerated (heuristic order),,,video,image,cross-category,https://cloudconvert.com/mp4-converter
4444,avi,pub,"avi to pub",TIER-2,enumerated (heuristic order),,,video,image,cross-category,https://cloudconvert.com/mp4-converter
4445,avi,raf,"avi to raf",TIER-2,enumerated (heuristic order),,,video,image,cross-category,https://cloudconvert.com/mp4-converter
4446,avi,rw2,"avi to rw2",TIER-2,enumerated (heuristic order),,,video,image,cross-category,https://cloudconvert.com/mp4-converter
4447,avi,sf2,"avi to sf2",TIER-2,enumerated (heuristic order),,,video,audio,cross-category,https://cloudconvert.com/mp4-converter
4448,avi,sfark,"avi to sfark",TIER-2,enumerated (heuristic order),,,video,audio,cross-category,https://cloudconvert.com/mp4-converter
4449,avi,tga,"avi to tga",TIER-2,enumerated (heuristic order),,,video,image,cross-category,https://cloudconvert.com/mp4-converter
4450,avi,voc,"avi to voc",TIER-2,enumerated (heuristic order),,,video,audio,cross-category,https://cloudconvert.com/mp4-converter
4451,avi,weba,"avi to weba",TIER-2,enumerated (heuristic order),,,video,audio,cross-category,https://cloudconvert.com/mp4-converter
4452,avi,x3f,"avi to x3f",TIER-2,enumerated (heuristic order),,,video,image,cross-category,https://cloudconvert.com/mp4-converter
4453,avi,xcf,"avi to xcf",TIER-2,enumerated (heuristic order),,,video,image,cross-category,https://cloudconvert.com/mp4-converter
4454,avi,xps,"avi to xps",TIER-2,enumerated (heuristic order),,,video,image,cross-category,https://cloudconvert.com/mp4-converter
4613,flac,3g2,"flac to 3g2",TIER-2,enumerated (heuristic order),,,audio,video,cross-category,https://cloudconvert.com/audio-converter
4614,flac,3gpp,"flac to 3gpp",TIER-2,enumerated (heuristic order),,,audio,video,cross-category,https://cloudconvert.com/audio-converter
4615,flac,cavs,"flac to cavs",TIER-2,enumerated (heuristic order),,,audio,video,cross-category,https://cloudconvert.com/audio-converter
4616,flac,dv,"flac to dv",TIER-2,enumerated (heuristic order),,,audio,video,cross-category,https://cloudconvert.com/audio-converter
4617,flac,dvr,"flac to dvr",TIER-2,enumerated (heuristic order),,,audio,video,cross-category,https://cloudconvert.com/audio-converter
4618,flac,m2ts,"flac to m2ts",TIER-2,enumerated (heuristic order),,,audio,video,cross-category,https://cloudconvert.com/audio-converter
4619,flac,mod,"flac to mod",TIER-2,enumerated (heuristic order),,,audio,video,cross-category,https://cloudconvert.com/audio-converter
4620,flac,mts,"flac to mts",TIER-2,enumerated (heuristic order),,,audio,video,cross-category,https://cloudconvert.com/audio-converter
4621,flac,mxf,"flac to mxf",TIER-2,enumerated (heuristic order),,,audio,video,cross-category,https://cloudconvert.com/audio-converter
4622,flac,ogv,"flac to ogv",TIER-2,enumerated (heuristic order),,,audio,video,cross-category,https://cloudconvert.com/audio-converter
4623,flac,rm,"flac to rm",TIER-2,enumerated (heuristic order),,,audio,video,cross-category,https://cloudconvert.com/audio-converter
4624,flac,rmvb,"flac to rmvb",TIER-2,enumerated (heuristic order),,,audio,video,cross-category,https://cloudconvert.com/audio-converter
4625,flac,swf,"flac to swf",TIER-2,enumerated (heuristic order),,,audio,video,cross-category,https://cloudconvert.com/audio-converter
4626,flac,vob,"flac to vob",TIER-2,enumerated (heuristic order),,,audio,video,cross-category,https://cloudconvert.com/audio-converter
4627,flac,wtv,"flac to wtv",TIER-2,enumerated (heuristic order),,,audio,video,cross-category,https://cloudconvert.com/audio-converter
4628,gif,abw,"gif to abw",TIER-2,enumerated (heuristic order),,,image,document,cross-category,https://cloudconvert.com/image-converter
4629,gif,cgm,"gif to cgm",TIER-2,enumerated (heuristic order),,,image,vector,cross-category,https://cloudconvert.com/image-converter
4630,gif,djvu,"gif to djvu",TIER-2,enumerated (heuristic order),,,image,document,cross-category,https://cloudconvert.com/image-converter
4631,gif,docm,"gif to docm",TIER-2,enumerated (heuristic order),,,image,document,cross-category,https://cloudconvert.com/image-converter
4632,gif,dot,"gif to dot",TIER-2,enumerated (heuristic order),,,image,document,cross-category,https://cloudconvert.com/image-converter
4633,gif,dotx,"gif to dotx",TIER-2,enumerated (heuristic order),,,image,document,cross-category,https://cloudconvert.com/image-converter
4634,gif,dps,"gif to dps",TIER-2,enumerated (heuristic order),,,image,presentation,cross-category,https://cloudconvert.com/image-converter
4635,gif,emf,"gif to emf",TIER-2,enumerated (heuristic order),,,image,vector,cross-category,https://cloudconvert.com/image-converter
4636,gif,hwp,"gif to hwp",TIER-2,enumerated (heuristic order),,,image,document,cross-category,https://cloudconvert.com/image-converter
4637,gif,hwpx,"gif to hwpx",TIER-2,enumerated (heuristic order),,,image,document,cross-category,https://cloudconvert.com/image-converter
4638,gif,lwp,"gif to lwp",TIER-2,enumerated (heuristic order),,,image,document,cross-category,https://cloudconvert.com/image-converter
4639,gif,pot,"gif to pot",TIER-2,enumerated (heuristic order),,,image,presentation,cross-category,https://cloudconvert.com/image-converter
4640,gif,potx,"gif to potx",TIER-2,enumerated (heuristic order),,,image,presentation,cross-category,https://cloudconvert.com/image-converter
4641,gif,pps,"gif to pps",TIER-2,enumerated (heuristic order),,,image,presentation,cross-category,https://cloudconvert.com/image-converter
4642,gif,ppsx,"gif to ppsx",TIER-2,enumerated (heuristic order),,,image,presentation,cross-category,https://cloudconvert.com/image-converter
4643,gif,pptm,"gif to pptm",TIER-2,enumerated (heuristic order),,,image,presentation,cross-category,https://cloudconvert.com/image-converter
4644,gif,rst,"gif to rst",TIER-2,enumerated (heuristic order),,,image,document,cross-category,https://cloudconvert.com/image-converter
4645,gif,sda,"gif to sda",TIER-2,enumerated (heuristic order),,,image,presentation,cross-category,https://cloudconvert.com/image-converter
4646,gif,sdw,"gif to sdw",TIER-2,enumerated (heuristic order),,,image,document,cross-category,https://cloudconvert.com/image-converter
4647,gif,sk,"gif to sk",TIER-2,enumerated (heuristic order),,,image,vector,cross-category,https://cloudconvert.com/image-converter
4648,gif,sk1,"gif to sk1",TIER-2,enumerated (heuristic order),,,image,vector,cross-category,https://cloudconvert.com/image-converter
4649,gif,svgz,"gif to svgz",TIER-2,enumerated (heuristic order),,,image,vector,cross-category,https://cloudconvert.com/image-converter
4650,gif,tex,"gif to tex",TIER-2,enumerated (heuristic order),,,image,document,cross-category,https://cloudconvert.com/image-converter
4651,gif,vsd,"gif to vsd",TIER-2,enumerated (heuristic order),,,image,vector,cross-category,https://cloudconvert.com/image-converter
4652,gif,wmf,"gif to wmf",TIER-2,enumerated (heuristic order),,,image,vector,cross-category,https://cloudconvert.com/image-converter
4653,gif,wpd,"gif to wpd",TIER-2,enumerated (heuristic order),,,image,document,cross-category,https://cloudconvert.com/image-converter
4654,gif,wps,"gif to wps",TIER-2,enumerated (heuristic order),,,image,document,cross-category,https://cloudconvert.com/image-converter
4655,gif,zabw,"gif to zabw",TIER-2,enumerated (heuristic order),,,image,document,cross-category,https://cloudconvert.com/image-converter
4656,heic,abw,"heic to abw",TIER-2,enumerated (heuristic order),,,image,document,cross-category,https://cloudconvert.com/image-converter
4657,heic,cgm,"heic to cgm",TIER-2,enumerated (heuristic order),,,image,vector,cross-category,https://cloudconvert.com/image-converter
4658,heic,djvu,"heic to djvu",TIER-2,enumerated (heuristic order),,,image,document,cross-category,https://cloudconvert.com/image-converter
4659,heic,docm,"heic to docm",TIER-2,enumerated (heuristic order),,,image,document,cross-category,https://cloudconvert.com/image-converter
4660,heic,dot,"heic to dot",TIER-2,enumerated (heuristic order),,,image,document,cross-category,https://cloudconvert.com/image-converter
4661,heic,dotx,"heic to dotx",TIER-2,enumerated (heuristic order),,,image,document,cross-category,https://cloudconvert.com/image-converter
4662,heic,dps,"heic to dps",TIER-2,enumerated (heuristic order),,,image,presentation,cross-category,https://cloudconvert.com/image-converter
4663,heic,emf,"heic to emf",TIER-2,enumerated (heuristic order),,,image,vector,cross-category,https://cloudconvert.com/image-converter
4664,heic,hwp,"heic to hwp",TIER-2,enumerated (heuristic order),,,image,document,cross-category,https://cloudconvert.com/image-converter
4665,heic,hwpx,"heic to hwpx",TIER-2,enumerated (heuristic order),,,image,document,cross-category,https://cloudconvert.com/image-converter
4666,heic,lwp,"heic to lwp",TIER-2,enumerated (heuristic order),,,image,document,cross-category,https://cloudconvert.com/image-converter
4667,heic,pot,"heic to pot",TIER-2,enumerated (heuristic order),,,image,presentation,cross-category,https://cloudconvert.com/image-converter
4668,heic,potx,"heic to potx",TIER-2,enumerated (heuristic order),,,image,presentation,cross-category,https://cloudconvert.com/image-converter
4669,heic,pps,"heic to pps",TIER-2,enumerated (heuristic order),,,image,presentation,cross-category,https://cloudconvert.com/image-converter
4670,heic,ppsx,"heic to ppsx",TIER-2,enumerated (heuristic order),,,image,presentation,cross-category,https://cloudconvert.com/image-converter
4671,heic,pptm,"heic to pptm",TIER-2,enumerated (heuristic order),,,image,presentation,cross-category,https://cloudconvert.com/image-converter
4672,heic,rst,"heic to rst",TIER-2,enumerated (heuristic order),,,image,document,cross-category,https://cloudconvert.com/image-converter
4673,heic,sda,"heic to sda",TIER-2,enumerated (heuristic order),,,image,presentation,cross-category,https://cloudconvert.com/image-converter
4674,heic,sdw,"heic to sdw",TIER-2,enumerated (heuristic order),,,image,document,cross-category,https://cloudconvert.com/image-converter
4675,heic,sk,"heic to sk",TIER-2,enumerated (heuristic order),,,image,vector,cross-category,https://cloudconvert.com/image-converter
4676,heic,sk1,"heic to sk1",TIER-2,enumerated (heuristic order),,,image,vector,cross-category,https://cloudconvert.com/image-converter
4677,heic,svgz,"heic to svgz",TIER-2,enumerated (heuristic order),,,image,vector,cross-category,https://cloudconvert.com/image-converter
4678,heic,tex,"heic to tex",TIER-2,enumerated (heuristic order),,,image,document,cross-category,https://cloudconvert.com/image-converter
4679,heic,vsd,"heic to vsd",TIER-2,enumerated (heuristic order),,,image,vector,cross-category,https://cloudconvert.com/image-converter
4680,heic,wmf,"heic to wmf",TIER-2,enumerated (heuristic order),,,image,vector,cross-category,https://cloudconvert.com/image-converter
4681,heic,wpd,"heic to wpd",TIER-2,enumerated (heuristic order),,,image,document,cross-category,https://cloudconvert.com/image-converter
4682,heic,wps,"heic to wps",TIER-2,enumerated (heuristic order),,,image,document,cross-category,https://cloudconvert.com/image-converter
4683,heic,zabw,"heic to zabw",TIER-2,enumerated (heuristic order),,,image,document,cross-category,https://cloudconvert.com/image-converter
4727,jpeg,abw,"jpeg to abw",TIER-2,enumerated (heuristic order),,,image,document,cross-category,https://cloudconvert.com/image-converter
4728,jpeg,cgm,"jpeg to cgm",TIER-2,enumerated (heuristic order),,,image,vector,cross-category,https://cloudconvert.com/image-converter
4729,jpeg,djvu,"jpeg to djvu",TIER-2,enumerated (heuristic order),,,image,document,cross-category,https://cloudconvert.com/image-converter
4730,jpeg,docm,"jpeg to docm",TIER-2,enumerated (heuristic order),,,image,document,cross-category,https://cloudconvert.com/image-converter
4731,jpeg,dot,"jpeg to dot",TIER-2,enumerated (heuristic order),,,image,document,cross-category,https://cloudconvert.com/image-converter
4732,jpeg,dotx,"jpeg to dotx",TIER-2,enumerated (heuristic order),,,image,document,cross-category,https://cloudconvert.com/image-converter
4733,jpeg,dps,"jpeg to dps",TIER-2,enumerated (heuristic order),,,image,presentation,cross-category,https://cloudconvert.com/image-converter
4734,jpeg,emf,"jpeg to emf",TIER-2,enumerated (heuristic order),,,image,vector,cross-category,https://cloudconvert.com/image-converter
4735,jpeg,hwp,"jpeg to hwp",TIER-2,enumerated (heuristic order),,,image,document,cross-category,https://cloudconvert.com/image-converter
4736,jpeg,hwpx,"jpeg to hwpx",TIER-2,enumerated (heuristic order),,,image,document,cross-category,https://cloudconvert.com/image-converter
4737,jpeg,lwp,"jpeg to lwp",TIER-2,enumerated (heuristic order),,,image,document,cross-category,https://cloudconvert.com/image-converter
4738,jpeg,pot,"jpeg to pot",TIER-2,enumerated (heuristic order),,,image,presentation,cross-category,https://cloudconvert.com/image-converter
4739,jpeg,potx,"jpeg to potx",TIER-2,enumerated (heuristic order),,,image,presentation,cross-category,https://cloudconvert.com/image-converter
4740,jpeg,pps,"jpeg to pps",TIER-2,enumerated (heuristic order),,,image,presentation,cross-category,https://cloudconvert.com/image-converter
4741,jpeg,ppsx,"jpeg to ppsx",TIER-2,enumerated (heuristic order),,,image,presentation,cross-category,https://cloudconvert.com/image-converter
4742,jpeg,pptm,"jpeg to pptm",TIER-2,enumerated (heuristic order),,,image,presentation,cross-category,https://cloudconvert.com/image-converter
4743,jpeg,rst,"jpeg to rst",TIER-2,enumerated (heuristic order),,,image,document,cross-category,https://cloudconvert.com/image-converter
4744,jpeg,sda,"jpeg to sda",TIER-2,enumerated (heuristic order),,,image,presentation,cross-category,https://cloudconvert.com/image-converter
4745,jpeg,sdw,"jpeg to sdw",TIER-2,enumerated (heuristic order),,,image,document,cross-category,https://cloudconvert.com/image-converter
4746,jpeg,sk,"jpeg to sk",TIER-2,enumerated (heuristic order),,,image,vector,cross-category,https://cloudconvert.com/image-converter
4747,jpeg,sk1,"jpeg to sk1",TIER-2,enumerated (heuristic order),,,image,vector,cross-category,https://cloudconvert.com/image-converter
4748,jpeg,svgz,"jpeg to svgz",TIER-2,enumerated (heuristic order),,,image,vector,cross-category,https://cloudconvert.com/image-converter
4749,jpeg,tex,"jpeg to tex",TIER-2,enumerated (heuristic order),,,image,document,cross-category,https://cloudconvert.com/image-converter
4750,jpeg,vsd,"jpeg to vsd",TIER-2,enumerated (heuristic order),,,image,vector,cross-category,https://cloudconvert.com/image-converter
4751,jpeg,wmf,"jpeg to wmf",TIER-2,enumerated (heuristic order),,,image,vector,cross-category,https://cloudconvert.com/image-converter
4752,jpeg,wpd,"jpeg to wpd",TIER-2,enumerated (heuristic order),,,image,document,cross-category,https://cloudconvert.com/image-converter
4753,jpeg,wps,"jpeg to wps",TIER-2,enumerated (heuristic order),,,image,document,cross-category,https://cloudconvert.com/image-converter
4754,jpeg,zabw,"jpeg to zabw",TIER-2,enumerated (heuristic order),,,image,document,cross-category,https://cloudconvert.com/image-converter
4755,jpg,abw,"jpg to abw",TIER-2,enumerated (heuristic order),,,image,document,cross-category,https://cloudconvert.com/image-converter
4756,jpg,cgm,"jpg to cgm",TIER-2,enumerated (heuristic order),,,image,vector,cross-category,https://cloudconvert.com/image-converter
4757,jpg,djvu,"jpg to djvu",TIER-2,enumerated (heuristic order),,,image,document,cross-category,https://cloudconvert.com/image-converter
4758,jpg,docm,"jpg to docm",TIER-2,enumerated (heuristic order),,,image,document,cross-category,https://cloudconvert.com/image-converter
4759,jpg,dot,"jpg to dot",TIER-2,enumerated (heuristic order),,,image,document,cross-category,https://cloudconvert.com/image-converter
4760,jpg,dotx,"jpg to dotx",TIER-2,enumerated (heuristic order),,,image,document,cross-category,https://cloudconvert.com/image-converter
4761,jpg,dps,"jpg to dps",TIER-2,enumerated (heuristic order),,,image,presentation,cross-category,https://cloudconvert.com/image-converter
4762,jpg,emf,"jpg to emf",TIER-2,enumerated (heuristic order),,,image,vector,cross-category,https://cloudconvert.com/image-converter
4763,jpg,hwp,"jpg to hwp",TIER-2,enumerated (heuristic order),,,image,document,cross-category,https://cloudconvert.com/image-converter
4764,jpg,hwpx,"jpg to hwpx",TIER-2,enumerated (heuristic order),,,image,document,cross-category,https://cloudconvert.com/image-converter
4765,jpg,lwp,"jpg to lwp",TIER-2,enumerated (heuristic order),,,image,document,cross-category,https://cloudconvert.com/image-converter
4766,jpg,pot,"jpg to pot",TIER-2,enumerated (heuristic order),,,image,presentation,cross-category,https://cloudconvert.com/image-converter
4767,jpg,potx,"jpg to potx",TIER-2,enumerated (heuristic order),,,image,presentation,cross-category,https://cloudconvert.com/image-converter
4768,jpg,pps,"jpg to pps",TIER-2,enumerated (heuristic order),,,image,presentation,cross-category,https://cloudconvert.com/image-converter
4769,jpg,ppsx,"jpg to ppsx",TIER-2,enumerated (heuristic order),,,image,presentation,cross-category,https://cloudconvert.com/image-converter
4770,jpg,pptm,"jpg to pptm",TIER-2,enumerated (heuristic order),,,image,presentation,cross-category,https://cloudconvert.com/image-converter
4771,jpg,rst,"jpg to rst",TIER-2,enumerated (heuristic order),,,image,document,cross-category,https://cloudconvert.com/image-converter
4772,jpg,sda,"jpg to sda",TIER-2,enumerated (heuristic order),,,image,presentation,cross-category,https://cloudconvert.com/image-converter
4773,jpg,sdw,"jpg to sdw",TIER-2,enumerated (heuristic order),,,image,document,cross-category,https://cloudconvert.com/image-converter
4774,jpg,sk,"jpg to sk",TIER-2,enumerated (heuristic order),,,image,vector,cross-category,https://cloudconvert.com/image-converter
4775,jpg,sk1,"jpg to sk1",TIER-2,enumerated (heuristic order),,,image,vector,cross-category,https://cloudconvert.com/image-converter
4776,jpg,svgz,"jpg to svgz",TIER-2,enumerated (heuristic order),,,image,vector,cross-category,https://cloudconvert.com/image-converter
4777,jpg,tex,"jpg to tex",TIER-2,enumerated (heuristic order),,,image,document,cross-category,https://cloudconvert.com/image-converter
4778,jpg,vsd,"jpg to vsd",TIER-2,enumerated (heuristic order),,,image,vector,cross-category,https://cloudconvert.com/image-converter
4779,jpg,wmf,"jpg to wmf",TIER-2,enumerated (heuristic order),,,image,vector,cross-category,https://cloudconvert.com/image-converter
4780,jpg,wpd,"jpg to wpd",TIER-2,enumerated (heuristic order),,,image,document,cross-category,https://cloudconvert.com/image-converter
4781,jpg,wps,"jpg to wps",TIER-2,enumerated (heuristic order),,,image,document,cross-category,https://cloudconvert.com/image-converter
4782,jpg,zabw,"jpg to zabw",TIER-2,enumerated (heuristic order),,,image,document,cross-category,https://cloudconvert.com/image-converter
4783,m4a,3g2,"m4a to 3g2",TIER-2,enumerated (heuristic order),,,audio,video,cross-category,https://cloudconvert.com/audio-converter
4784,m4a,3gpp,"m4a to 3gpp",TIER-2,enumerated (heuristic order),,,audio,video,cross-category,https://cloudconvert.com/audio-converter
4785,m4a,cavs,"m4a to cavs",TIER-2,enumerated (heuristic order),,,audio,video,cross-category,https://cloudconvert.com/audio-converter
4786,m4a,dv,"m4a to dv",TIER-2,enumerated (heuristic order),,,audio,video,cross-category,https://cloudconvert.com/audio-converter
4787,m4a,dvr,"m4a to dvr",TIER-2,enumerated (heuristic order),,,audio,video,cross-category,https://cloudconvert.com/audio-converter
4788,m4a,m2ts,"m4a to m2ts",TIER-2,enumerated (heuristic order),,,audio,video,cross-category,https://cloudconvert.com/audio-converter
4789,m4a,mod,"m4a to mod",TIER-2,enumerated (heuristic order),,,audio,video,cross-category,https://cloudconvert.com/audio-converter
4790,m4a,mts,"m4a to mts",TIER-2,enumerated (heuristic order),,,audio,video,cross-category,https://cloudconvert.com/audio-converter
4791,m4a,mxf,"m4a to mxf",TIER-2,enumerated (heuristic order),,,audio,video,cross-category,https://cloudconvert.com/audio-converter
4792,m4a,ogv,"m4a to ogv",TIER-2,enumerated (heuristic order),,,audio,video,cross-category,https://cloudconvert.com/audio-converter
4793,m4a,rm,"m4a to rm",TIER-2,enumerated (heuristic order),,,audio,video,cross-category,https://cloudconvert.com/audio-converter
4794,m4a,rmvb,"m4a to rmvb",TIER-2,enumerated (heuristic order),,,audio,video,cross-category,https://cloudconvert.com/audio-converter
4795,m4a,swf,"m4a to swf",TIER-2,enumerated (heuristic order),,,audio,video,cross-category,https://cloudconvert.com/audio-converter
4796,m4a,vob,"m4a to vob",TIER-2,enumerated (heuristic order),,,audio,video,cross-category,https://cloudconvert.com/audio-converter
4797,m4a,wtv,"m4a to wtv",TIER-2,enumerated (heuristic order),,,audio,video,cross-category,https://cloudconvert.com/audio-converter
4798,mkv,3fr,"mkv to 3fr",TIER-2,enumerated (heuristic order),,,video,image,cross-category,https://cloudconvert.com/mp4-converter
4799,mkv,ac3,"mkv to ac3",TIER-2,enumerated (heuristic order),,,video,audio,cross-category,https://cloudconvert.com/mp4-converter
4800,mkv,amr,"mkv to amr",TIER-2,enumerated (heuristic order),,,video,audio,cross-category,https://cloudconvert.com/mp4-converter
4801,mkv,au,"mkv to au",TIER-2,enumerated (heuristic order),,,video,audio,cross-category,https://cloudconvert.com/mp4-converter
4802,mkv,caf,"mkv to caf",TIER-2,enumerated (heuristic order),,,video,audio,cross-category,https://cloudconvert.com/mp4-converter
4803,mkv,cr3,"mkv to cr3",TIER-2,enumerated (heuristic order),,,video,image,cross-category,https://cloudconvert.com/mp4-converter
4804,mkv,crw,"mkv to crw",TIER-2,enumerated (heuristic order),,,video,image,cross-category,https://cloudconvert.com/mp4-converter
4805,mkv,dcr,"mkv to dcr",TIER-2,enumerated (heuristic order),,,video,image,cross-category,https://cloudconvert.com/mp4-converter
4806,mkv,dss,"mkv to dss",TIER-2,enumerated (heuristic order),,,video,audio,cross-category,https://cloudconvert.com/mp4-converter
4807,mkv,erf,"mkv to erf",TIER-2,enumerated (heuristic order),,,video,image,cross-category,https://cloudconvert.com/mp4-converter
4808,mkv,icns,"mkv to icns",TIER-2,enumerated (heuristic order),,,video,image,cross-category,https://cloudconvert.com/mp4-converter
4809,mkv,m4b,"mkv to m4b",TIER-2,enumerated (heuristic order),,,video,audio,cross-category,https://cloudconvert.com/mp4-converter
4810,mkv,mos,"mkv to mos",TIER-2,enumerated (heuristic order),,,video,image,cross-category,https://cloudconvert.com/mp4-converter
4811,mkv,mrw,"mkv to mrw",TIER-2,enumerated (heuristic order),,,video,image,cross-category,https://cloudconvert.com/mp4-converter
4812,mkv,odd,"mkv to odd",TIER-2,enumerated (heuristic order),,,video,image,cross-category,https://cloudconvert.com/mp4-converter
4813,mkv,odg,"mkv to odg",TIER-2,enumerated (heuristic order),,,video,image,cross-category,https://cloudconvert.com/mp4-converter
4814,mkv,orf,"mkv to orf",TIER-2,enumerated (heuristic order),,,video,image,cross-category,https://cloudconvert.com/mp4-converter
4815,mkv,pef,"mkv to pef",TIER-2,enumerated (heuristic order),,,video,image,cross-category,https://cloudconvert.com/mp4-converter
4816,mkv,ppm,"mkv to ppm",TIER-2,enumerated (heuristic order),,,video,image,cross-category,https://cloudconvert.com/mp4-converter
4817,mkv,ps,"mkv to ps",TIER-2,enumerated (heuristic order),,,video,image,cross-category,https://cloudconvert.com/mp4-converter
4818,mkv,psb,"mkv to psb",TIER-2,enumerated (heuristic order),,,video,image,cross-category,https://cloudconvert.com/mp4-converter
4819,mkv,pub,"mkv to pub",TIER-2,enumerated (heuristic order),,,video,image,cross-category,https://cloudconvert.com/mp4-converter
4820,mkv,raf,"mkv to raf",TIER-2,enumerated (heuristic order),,,video,image,cross-category,https://cloudconvert.com/mp4-converter
4821,mkv,rw2,"mkv to rw2",TIER-2,enumerated (heuristic order),,,video,image,cross-category,https://cloudconvert.com/mp4-converter
4822,mkv,sf2,"mkv to sf2",TIER-2,enumerated (heuristic order),,,video,audio,cross-category,https://cloudconvert.com/mp4-converter
4823,mkv,sfark,"mkv to sfark",TIER-2,enumerated (heuristic order),,,video,audio,cross-category,https://cloudconvert.com/mp4-converter
4824,mkv,tga,"mkv to tga",TIER-2,enumerated (heuristic order),,,video,image,cross-category,https://cloudconvert.com/mp4-converter
4825,mkv,voc,"mkv to voc",TIER-2,enumerated (heuristic order),,,video,audio,cross-category,https://cloudconvert.com/mp4-converter
4826,mkv,weba,"mkv to weba",TIER-2,enumerated (heuristic order),,,video,audio,cross-category,https://cloudconvert.com/mp4-converter
4827,mkv,x3f,"mkv to x3f",TIER-2,enumerated (heuristic order),,,video,image,cross-category,https://cloudconvert.com/mp4-converter
4828,mkv,xcf,"mkv to xcf",TIER-2,enumerated (heuristic order),,,video,image,cross-category,https://cloudconvert.com/mp4-converter
4829,mkv,xps,"mkv to xps",TIER-2,enumerated (heuristic order),,,video,image,cross-category,https://cloudconvert.com/mp4-converter
4866,mov,3fr,"mov to 3fr",TIER-2,enumerated (heuristic order),,,video,image,cross-category,https://cloudconvert.com/mp4-converter
4867,mov,ac3,"mov to ac3",TIER-2,enumerated (heuristic order),,,video,audio,cross-category,https://cloudconvert.com/mp4-converter
4868,mov,amr,"mov to amr",TIER-2,enumerated (heuristic order),,,video,audio,cross-category,https://cloudconvert.com/mp4-converter
4869,mov,au,"mov to au",TIER-2,enumerated (heuristic order),,,video,audio,cross-category,https://cloudconvert.com/mp4-converter
4870,mov,caf,"mov to caf",TIER-2,enumerated (heuristic order),,,video,audio,cross-category,https://cloudconvert.com/mp4-converter
4871,mov,cr3,"mov to cr3",TIER-2,enumerated (heuristic order),,,video,image,cross-category,https://cloudconvert.com/mp4-converter
4872,mov,crw,"mov to crw",TIER-2,enumerated (heuristic order),,,video,image,cross-category,https://cloudconvert.com/mp4-converter
4873,mov,dcr,"mov to dcr",TIER-2,enumerated (heuristic order),,,video,image,cross-category,https://cloudconvert.com/mp4-converter
4874,mov,dss,"mov to dss",TIER-2,enumerated (heuristic order),,,video,audio,cross-category,https://cloudconvert.com/mp4-converter
4875,mov,erf,"mov to erf",TIER-2,enumerated (heuristic order),,,video,image,cross-category,https://cloudconvert.com/mp4-converter
4876,mov,icns,"mov to icns",TIER-2,enumerated (heuristic order),,,video,image,cross-category,https://cloudconvert.com/mp4-converter
4877,mov,m4b,"mov to m4b",TIER-2,enumerated (heuristic order),,,video,audio,cross-category,https://cloudconvert.com/mp4-converter
4878,mov,mos,"mov to mos",TIER-2,enumerated (heuristic order),,,video,image,cross-category,https://cloudconvert.com/mp4-converter
4879,mov,mrw,"mov to mrw",TIER-2,enumerated (heuristic order),,,video,image,cross-category,https://cloudconvert.com/mp4-converter
4880,mov,odd,"mov to odd",TIER-2,enumerated (heuristic order),,,video,image,cross-category,https://cloudconvert.com/mp4-converter
4881,mov,odg,"mov to odg",TIER-2,enumerated (heuristic order),,,video,image,cross-category,https://cloudconvert.com/mp4-converter
4882,mov,orf,"mov to orf",TIER-2,enumerated (heuristic order),,,video,image,cross-category,https://cloudconvert.com/mp4-converter
4883,mov,pef,"mov to pef",TIER-2,enumerated (heuristic order),,,video,image,cross-category,https://cloudconvert.com/mp4-converter
4884,mov,ppm,"mov to ppm",TIER-2,enumerated (heuristic order),,,video,image,cross-category,https://cloudconvert.com/mp4-converter
4885,mov,ps,"mov to ps",TIER-2,enumerated (heuristic order),,,video,image,cross-category,https://cloudconvert.com/mp4-converter
4886,mov,psb,"mov to psb",TIER-2,enumerated (heuristic order),,,video,image,cross-category,https://cloudconvert.com/mp4-converter
4887,mov,pub,"mov to pub",TIER-2,enumerated (heuristic order),,,video,image,cross-category,https://cloudconvert.com/mp4-converter
4888,mov,raf,"mov to raf",TIER-2,enumerated (heuristic order),,,video,image,cross-category,https://cloudconvert.com/mp4-converter
4889,mov,rw2,"mov to rw2",TIER-2,enumerated (heuristic order),,,video,image,cross-category,https://cloudconvert.com/mp4-converter
4890,mov,sf2,"mov to sf2",TIER-2,enumerated (heuristic order),,,video,audio,cross-category,https://cloudconvert.com/mp4-converter
4891,mov,sfark,"mov to sfark",TIER-2,enumerated (heuristic order),,,video,audio,cross-category,https://cloudconvert.com/mp4-converter
4892,mov,tga,"mov to tga",TIER-2,enumerated (heuristic order),,,video,image,cross-category,https://cloudconvert.com/mp4-converter
4893,mov,voc,"mov to voc",TIER-2,enumerated (heuristic order),,,video,audio,cross-category,https://cloudconvert.com/mp4-converter
4894,mov,weba,"mov to weba",TIER-2,enumerated (heuristic order),,,video,audio,cross-category,https://cloudconvert.com/mp4-converter
4895,mov,x3f,"mov to x3f",TIER-2,enumerated (heuristic order),,,video,image,cross-category,https://cloudconvert.com/mp4-converter
4896,mov,xcf,"mov to xcf",TIER-2,enumerated (heuristic order),,,video,image,cross-category,https://cloudconvert.com/mp4-converter
4897,mov,xps,"mov to xps",TIER-2,enumerated (heuristic order),,,video,image,cross-category,https://cloudconvert.com/mp4-converter
4898,mp3,3g2,"mp3 to 3g2",TIER-2,enumerated (heuristic order),,,audio,video,cross-category,https://cloudconvert.com/audio-converter
4899,mp3,3gpp,"mp3 to 3gpp",TIER-2,enumerated (heuristic order),,,audio,video,cross-category,https://cloudconvert.com/audio-converter
4900,mp3,cavs,"mp3 to cavs",TIER-2,enumerated (heuristic order),,,audio,video,cross-category,https://cloudconvert.com/audio-converter
4901,mp3,dv,"mp3 to dv",TIER-2,enumerated (heuristic order),,,audio,video,cross-category,https://cloudconvert.com/audio-converter
4902,mp3,dvr,"mp3 to dvr",TIER-2,enumerated (heuristic order),,,audio,video,cross-category,https://cloudconvert.com/audio-converter
4903,mp3,m2ts,"mp3 to m2ts",TIER-2,enumerated (heuristic order),,,audio,video,cross-category,https://cloudconvert.com/audio-converter
4904,mp3,mod,"mp3 to mod",TIER-2,enumerated (heuristic order),,,audio,video,cross-category,https://cloudconvert.com/audio-converter
4905,mp3,mts,"mp3 to mts",TIER-2,enumerated (heuristic order),,,audio,video,cross-category,https://cloudconvert.com/audio-converter
4906,mp3,mxf,"mp3 to mxf",TIER-2,enumerated (heuristic order),,,audio,video,cross-category,https://cloudconvert.com/audio-converter
4907,mp3,ogv,"mp3 to ogv",TIER-2,enumerated (heuristic order),,,audio,video,cross-category,https://cloudconvert.com/audio-converter
4908,mp3,rm,"mp3 to rm",TIER-2,enumerated (heuristic order),,,audio,video,cross-category,https://cloudconvert.com/audio-converter
4909,mp3,rmvb,"mp3 to rmvb",TIER-2,enumerated (heuristic order),,,audio,video,cross-category,https://cloudconvert.com/audio-converter
4910,mp3,swf,"mp3 to swf",TIER-2,enumerated (heuristic order),,,audio,video,cross-category,https://cloudconvert.com/audio-converter
4911,mp3,vob,"mp3 to vob",TIER-2,enumerated (heuristic order),,,audio,video,cross-category,https://cloudconvert.com/audio-converter
4912,mp3,wtv,"mp3 to wtv",TIER-2,enumerated (heuristic order),,,audio,video,cross-category,https://cloudconvert.com/audio-converter
4913,mp4,3fr,"mp4 to 3fr",TIER-2,enumerated (heuristic order),,,video,image,cross-category,https://cloudconvert.com/mp4-converter
4914,mp4,ac3,"mp4 to ac3",TIER-2,enumerated (heuristic order),,,video,audio,cross-category,https://cloudconvert.com/mp4-converter
4915,mp4,amr,"mp4 to amr",TIER-2,enumerated (heuristic order),,,video,audio,cross-category,https://cloudconvert.com/mp4-converter
4916,mp4,au,"mp4 to au",TIER-2,enumerated (heuristic order),,,video,audio,cross-category,https://cloudconvert.com/mp4-converter
4917,mp4,caf,"mp4 to caf",TIER-2,enumerated (heuristic order),,,video,audio,cross-category,https://cloudconvert.com/mp4-converter
4918,mp4,cr3,"mp4 to cr3",TIER-2,enumerated (heuristic order),,,video,image,cross-category,https://cloudconvert.com/mp4-converter
4919,mp4,crw,"mp4 to crw",TIER-2,enumerated (heuristic order),,,video,image,cross-category,https://cloudconvert.com/mp4-converter
4920,mp4,dcr,"mp4 to dcr",TIER-2,enumerated (heuristic order),,,video,image,cross-category,https://cloudconvert.com/mp4-converter
4921,mp4,dss,"mp4 to dss",TIER-2,enumerated (heuristic order),,,video,audio,cross-category,https://cloudconvert.com/mp4-converter
4922,mp4,erf,"mp4 to erf",TIER-2,enumerated (heuristic order),,,video,image,cross-category,https://cloudconvert.com/mp4-converter
4923,mp4,icns,"mp4 to icns",TIER-2,enumerated (heuristic order),,,video,image,cross-category,https://cloudconvert.com/mp4-converter
4924,mp4,m4b,"mp4 to m4b",TIER-2,enumerated (heuristic order),,,video,audio,cross-category,https://cloudconvert.com/mp4-converter
4925,mp4,mos,"mp4 to mos",TIER-2,enumerated (heuristic order),,,video,image,cross-category,https://cloudconvert.com/mp4-converter
4926,mp4,mrw,"mp4 to mrw",TIER-2,enumerated (heuristic order),,,video,image,cross-category,https://cloudconvert.com/mp4-converter
4927,mp4,odd,"mp4 to odd",TIER-2,enumerated (heuristic order),,,video,image,cross-category,https://cloudconvert.com/mp4-converter
4928,mp4,odg,"mp4 to odg",TIER-2,enumerated (heuristic order),,,video,image,cross-category,https://cloudconvert.com/mp4-converter
4929,mp4,orf,"mp4 to orf",TIER-2,enumerated (heuristic order),,,video,image,cross-category,https://cloudconvert.com/mp4-converter
4930,mp4,pef,"mp4 to pef",TIER-2,enumerated (heuristic order),,,video,image,cross-category,https://cloudconvert.com/mp4-converter
4931,mp4,ppm,"mp4 to ppm",TIER-2,enumerated (heuristic order),,,video,image,cross-category,https://cloudconvert.com/mp4-converter
4932,mp4,ps,"mp4 to ps",TIER-2,enumerated (heuristic order),,,video,image,cross-category,https://cloudconvert.com/mp4-converter
4933,mp4,psb,"mp4 to psb",TIER-2,enumerated (heuristic order),,,video,image,cross-category,https://cloudconvert.com/mp4-converter
4934,mp4,pub,"mp4 to pub",TIER-2,enumerated (heuristic order),,,video,image,cross-category,https://cloudconvert.com/mp4-converter
4935,mp4,raf,"mp4 to raf",TIER-2,enumerated (heuristic order),,,video,image,cross-category,https://cloudconvert.com/mp4-converter
4936,mp4,rw2,"mp4 to rw2",TIER-2,enumerated (heuristic order),,,video,image,cross-category,https://cloudconvert.com/mp4-converter
4937,mp4,sf2,"mp4 to sf2",TIER-2,enumerated (heuristic order),,,video,audio,cross-category,https://cloudconvert.com/mp4-converter
4938,mp4,sfark,"mp4 to sfark",TIER-2,enumerated (heuristic order),,,video,audio,cross-category,https://cloudconvert.com/mp4-converter
4939,mp4,tga,"mp4 to tga",TIER-2,enumerated (heuristic order),,,video,image,cross-category,https://cloudconvert.com/mp4-converter
4940,mp4,voc,"mp4 to voc",TIER-2,enumerated (heuristic order),,,video,audio,cross-category,https://cloudconvert.com/mp4-converter
4941,mp4,weba,"mp4 to weba",TIER-2,enumerated (heuristic order),,,video,audio,cross-category,https://cloudconvert.com/mp4-converter
4942,mp4,x3f,"mp4 to x3f",TIER-2,enumerated (heuristic order),,,video,image,cross-category,https://cloudconvert.com/mp4-converter
4943,mp4,xcf,"mp4 to xcf",TIER-2,enumerated (heuristic order),,,video,image,cross-category,https://cloudconvert.com/mp4-converter
4944,mp4,xps,"mp4 to xps",TIER-2,enumerated (heuristic order),,,video,image,cross-category,https://cloudconvert.com/mp4-converter
4945,png,abw,"png to abw",TIER-2,enumerated (heuristic order),,,image,document,cross-category,https://cloudconvert.com/image-converter
4946,png,cgm,"png to cgm",TIER-2,enumerated (heuristic order),,,image,vector,cross-category,https://cloudconvert.com/image-converter
4947,png,djvu,"png to djvu",TIER-2,enumerated (heuristic order),,,image,document,cross-category,https://cloudconvert.com/image-converter
4948,png,docm,"png to docm",TIER-2,enumerated (heuristic order),,,image,document,cross-category,https://cloudconvert.com/image-converter
4949,png,dot,"png to dot",TIER-2,enumerated (heuristic order),,,image,document,cross-category,https://cloudconvert.com/image-converter
4950,png,dotx,"png to dotx",TIER-2,enumerated (heuristic order),,,image,document,cross-category,https://cloudconvert.com/image-converter
4951,png,dps,"png to dps",TIER-2,enumerated (heuristic order),,,image,presentation,cross-category,https://cloudconvert.com/image-converter
4952,png,emf,"png to emf",TIER-2,enumerated (heuristic order),,,image,vector,cross-category,https://cloudconvert.com/image-converter
4953,png,hwp,"png to hwp",TIER-2,enumerated (heuristic order),,,image,document,cross-category,https://cloudconvert.com/image-converter
4954,png,hwpx,"png to hwpx",TIER-2,enumerated (heuristic order),,,image,document,cross-category,https://cloudconvert.com/image-converter
4955,png,lwp,"png to lwp",TIER-2,enumerated (heuristic order),,,image,document,cross-category,https://cloudconvert.com/image-converter
4956,png,pot,"png to pot",TIER-2,enumerated (heuristic order),,,image,presentation,cross-category,https://cloudconvert.com/image-converter
4957,png,potx,"png to potx",TIER-2,enumerated (heuristic order),,,image,presentation,cross-category,https://cloudconvert.com/image-converter
4958,png,pps,"png to pps",TIER-2,enumerated (heuristic order),,,image,presentation,cross-category,https://cloudconvert.com/image-converter
4959,png,ppsx,"png to ppsx",TIER-2,enumerated (heuristic order),,,image,presentation,cross-category,https://cloudconvert.com/image-converter
4960,png,pptm,"png to pptm",TIER-2,enumerated (heuristic order),,,image,presentation,cross-category,https://cloudconvert.com/image-converter
4961,png,rst,"png to rst",TIER-2,enumerated (heuristic order),,,image,document,cross-category,https://cloudconvert.com/image-converter
4962,png,sda,"png to sda",TIER-2,enumerated (heuristic order),,,image,presentation,cross-category,https://cloudconvert.com/image-converter
4963,png,sdw,"png to sdw",TIER-2,enumerated (heuristic order),,,image,document,cross-category,https://cloudconvert.com/image-converter
4964,png,sk,"png to sk",TIER-2,enumerated (heuristic order),,,image,vector,cross-category,https://cloudconvert.com/image-converter
4965,png,sk1,"png to sk1",TIER-2,enumerated (heuristic order),,,image,vector,cross-category,https://cloudconvert.com/image-converter
4966,png,svgz,"png to svgz",TIER-2,enumerated (heuristic order),,,image,vector,cross-category,https://cloudconvert.com/image-converter
4967,png,tex,"png to tex",TIER-2,enumerated (heuristic order),,,image,document,cross-category,https://cloudconvert.com/image-converter
4968,png,vsd,"png to vsd",TIER-2,enumerated (heuristic order),,,image,vector,cross-category,https://cloudconvert.com/image-converter
4969,png,wmf,"png to wmf",TIER-2,enumerated (heuristic order),,,image,vector,cross-category,https://cloudconvert.com/image-converter
4970,png,wpd,"png to wpd",TIER-2,enumerated (heuristic order),,,image,document,cross-category,https://cloudconvert.com/image-converter
4971,png,wps,"png to wps",TIER-2,enumerated (heuristic order),,,image,document,cross-category,https://cloudconvert.com/image-converter
4972,png,zabw,"png to zabw",TIER-2,enumerated (heuristic order),,,image,document,cross-category,https://cloudconvert.com/image-converter
5045,svg,abw,"svg to abw",TIER-2,enumerated (heuristic order),,,image,document,cross-category,https://cloudconvert.com/image-converter
5046,svg,cgm,"svg to cgm",TIER-2,enumerated (heuristic order),,,image,vector,cross-category,https://cloudconvert.com/image-converter
5047,svg,djvu,"svg to djvu",TIER-2,enumerated (heuristic order),,,image,document,cross-category,https://cloudconvert.com/image-converter
5048,svg,docm,"svg to docm",TIER-2,enumerated (heuristic order),,,image,document,cross-category,https://cloudconvert.com/image-converter
5049,svg,dot,"svg to dot",TIER-2,enumerated (heuristic order),,,image,document,cross-category,https://cloudconvert.com/image-converter
5050,svg,dotx,"svg to dotx",TIER-2,enumerated (heuristic order),,,image,document,cross-category,https://cloudconvert.com/image-converter
5051,svg,dps,"svg to dps",TIER-2,enumerated (heuristic order),,,image,presentation,cross-category,https://cloudconvert.com/image-converter
5052,svg,emf,"svg to emf",TIER-2,enumerated (heuristic order),,,image,vector,cross-category,https://cloudconvert.com/image-converter
5053,svg,hwp,"svg to hwp",TIER-2,enumerated (heuristic order),,,image,document,cross-category,https://cloudconvert.com/image-converter
5054,svg,hwpx,"svg to hwpx",TIER-2,enumerated (heuristic order),,,image,document,cross-category,https://cloudconvert.com/image-converter
5055,svg,lwp,"svg to lwp",TIER-2,enumerated (heuristic order),,,image,document,cross-category,https://cloudconvert.com/image-converter
5056,svg,pot,"svg to pot",TIER-2,enumerated (heuristic order),,,image,presentation,cross-category,https://cloudconvert.com/image-converter
5057,svg,potx,"svg to potx",TIER-2,enumerated (heuristic order),,,image,presentation,cross-category,https://cloudconvert.com/image-converter
5058,svg,pps,"svg to pps",TIER-2,enumerated (heuristic order),,,image,presentation,cross-category,https://cloudconvert.com/image-converter
5059,svg,ppsx,"svg to ppsx",TIER-2,enumerated (heuristic order),,,image,presentation,cross-category,https://cloudconvert.com/image-converter
5060,svg,pptm,"svg to pptm",TIER-2,enumerated (heuristic order),,,image,presentation,cross-category,https://cloudconvert.com/image-converter
5061,svg,rst,"svg to rst",TIER-2,enumerated (heuristic order),,,image,document,cross-category,https://cloudconvert.com/image-converter
5062,svg,sda,"svg to sda",TIER-2,enumerated (heuristic order),,,image,presentation,cross-category,https://cloudconvert.com/image-converter
5063,svg,sdw,"svg to sdw",TIER-2,enumerated (heuristic order),,,image,document,cross-category,https://cloudconvert.com/image-converter
5064,svg,sk,"svg to sk",TIER-2,enumerated (heuristic order),,,image,vector,cross-category,https://cloudconvert.com/image-converter
5065,svg,sk1,"svg to sk1",TIER-2,enumerated (heuristic order),,,image,vector,cross-category,https://cloudconvert.com/image-converter
5066,svg,svgz,"svg to svgz",TIER-2,enumerated (heuristic order),,,image,vector,cross-category,https://cloudconvert.com/image-converter
5067,svg,tex,"svg to tex",TIER-2,enumerated (heuristic order),,,image,document,cross-category,https://cloudconvert.com/image-converter
5068,svg,vsd,"svg to vsd",TIER-2,enumerated (heuristic order),,,image,vector,cross-category,https://cloudconvert.com/image-converter
5069,svg,wmf,"svg to wmf",TIER-2,enumerated (heuristic order),,,image,vector,cross-category,https://cloudconvert.com/image-converter
5070,svg,wpd,"svg to wpd",TIER-2,enumerated (heuristic order),,,image,document,cross-category,https://cloudconvert.com/image-converter
5071,svg,wps,"svg to wps",TIER-2,enumerated (heuristic order),,,image,document,cross-category,https://cloudconvert.com/image-converter
5072,svg,zabw,"svg to zabw",TIER-2,enumerated (heuristic order),,,image,document,cross-category,https://cloudconvert.com/image-converter
5116,wav,3g2,"wav to 3g2",TIER-2,enumerated (heuristic order),,,audio,video,cross-category,https://cloudconvert.com/audio-converter
5117,wav,3gpp,"wav to 3gpp",TIER-2,enumerated (heuristic order),,,audio,video,cross-category,https://cloudconvert.com/audio-converter
5118,wav,cavs,"wav to cavs",TIER-2,enumerated (heuristic order),,,audio,video,cross-category,https://cloudconvert.com/audio-converter
5119,wav,dv,"wav to dv",TIER-2,enumerated (heuristic order),,,audio,video,cross-category,https://cloudconvert.com/audio-converter
5120,wav,dvr,"wav to dvr",TIER-2,enumerated (heuristic order),,,audio,video,cross-category,https://cloudconvert.com/audio-converter
5121,wav,m2ts,"wav to m2ts",TIER-2,enumerated (heuristic order),,,audio,video,cross-category,https://cloudconvert.com/audio-converter
5122,wav,mod,"wav to mod",TIER-2,enumerated (heuristic order),,,audio,video,cross-category,https://cloudconvert.com/audio-converter
5123,wav,mts,"wav to mts",TIER-2,enumerated (heuristic order),,,audio,video,cross-category,https://cloudconvert.com/audio-converter
5124,wav,mxf,"wav to mxf",TIER-2,enumerated (heuristic order),,,audio,video,cross-category,https://cloudconvert.com/audio-converter
5125,wav,ogv,"wav to ogv",TIER-2,enumerated (heuristic order),,,audio,video,cross-category,https://cloudconvert.com/audio-converter
5126,wav,rm,"wav to rm",TIER-2,enumerated (heuristic order),,,audio,video,cross-category,https://cloudconvert.com/audio-converter
5127,wav,rmvb,"wav to rmvb",TIER-2,enumerated (heuristic order),,,audio,video,cross-category,https://cloudconvert.com/audio-converter
5128,wav,swf,"wav to swf",TIER-2,enumerated (heuristic order),,,audio,video,cross-category,https://cloudconvert.com/audio-converter
5129,wav,vob,"wav to vob",TIER-2,enumerated (heuristic order),,,audio,video,cross-category,https://cloudconvert.com/audio-converter
5130,wav,wtv,"wav to wtv",TIER-2,enumerated (heuristic order),,,audio,video,cross-category,https://cloudconvert.com/audio-converter
5131,webm,3fr,"webm to 3fr",TIER-2,enumerated (heuristic order),,,video,image,cross-category,https://cloudconvert.com/mp4-converter
5132,webm,ac3,"webm to ac3",TIER-2,enumerated (heuristic order),,,video,audio,cross-category,https://cloudconvert.com/mp4-converter
5133,webm,amr,"webm to amr",TIER-2,enumerated (heuristic order),,,video,audio,cross-category,https://cloudconvert.com/mp4-converter
5134,webm,au,"webm to au",TIER-2,enumerated (heuristic order),,,video,audio,cross-category,https://cloudconvert.com/mp4-converter
5135,webm,caf,"webm to caf",TIER-2,enumerated (heuristic order),,,video,audio,cross-category,https://cloudconvert.com/mp4-converter
5136,webm,cr3,"webm to cr3",TIER-2,enumerated (heuristic order),,,video,image,cross-category,https://cloudconvert.com/mp4-converter
5137,webm,crw,"webm to crw",TIER-2,enumerated (heuristic order),,,video,image,cross-category,https://cloudconvert.com/mp4-converter
5138,webm,dcr,"webm to dcr",TIER-2,enumerated (heuristic order),,,video,image,cross-category,https://cloudconvert.com/mp4-converter
5139,webm,dss,"webm to dss",TIER-2,enumerated (heuristic order),,,video,audio,cross-category,https://cloudconvert.com/mp4-converter
5140,webm,erf,"webm to erf",TIER-2,enumerated (heuristic order),,,video,image,cross-category,https://cloudconvert.com/mp4-converter
5141,webm,icns,"webm to icns",TIER-2,enumerated (heuristic order),,,video,image,cross-category,https://cloudconvert.com/mp4-converter
5142,webm,m4b,"webm to m4b",TIER-2,enumerated (heuristic order),,,video,audio,cross-category,https://cloudconvert.com/mp4-converter
5143,webm,mos,"webm to mos",TIER-2,enumerated (heuristic order),,,video,image,cross-category,https://cloudconvert.com/mp4-converter
5144,webm,mrw,"webm to mrw",TIER-2,enumerated (heuristic order),,,video,image,cross-category,https://cloudconvert.com/mp4-converter
5145,webm,odd,"webm to odd",TIER-2,enumerated (heuristic order),,,video,image,cross-category,https://cloudconvert.com/mp4-converter
5146,webm,odg,"webm to odg",TIER-2,enumerated (heuristic order),,,video,image,cross-category,https://cloudconvert.com/mp4-converter
5147,webm,orf,"webm to orf",TIER-2,enumerated (heuristic order),,,video,image,cross-category,https://cloudconvert.com/mp4-converter
5148,webm,pef,"webm to pef",TIER-2,enumerated (heuristic order),,,video,image,cross-category,https://cloudconvert.com/mp4-converter
5149,webm,ppm,"webm to ppm",TIER-2,enumerated (heuristic order),,,video,image,cross-category,https://cloudconvert.com/mp4-converter
5150,webm,ps,"webm to ps",TIER-2,enumerated (heuristic order),,,video,image,cross-category,https://cloudconvert.com/mp4-converter
5151,webm,psb,"webm to psb",TIER-2,enumerated (heuristic order),,,video,image,cross-category,https://cloudconvert.com/mp4-converter
5152,webm,pub,"webm to pub",TIER-2,enumerated (heuristic order),,,video,image,cross-category,https://cloudconvert.com/mp4-converter
5153,webm,raf,"webm to raf",TIER-2,enumerated (heuristic order),,,video,image,cross-category,https://cloudconvert.com/mp4-converter
5154,webm,rw2,"webm to rw2",TIER-2,enumerated (heuristic order),,,video,image,cross-category,https://cloudconvert.com/mp4-converter
5155,webm,sf2,"webm to sf2",TIER-2,enumerated (heuristic order),,,video,audio,cross-category,https://cloudconvert.com/mp4-converter
5156,webm,sfark,"webm to sfark",TIER-2,enumerated (heuristic order),,,video,audio,cross-category,https://cloudconvert.com/mp4-converter
5157,webm,tga,"webm to tga",TIER-2,enumerated (heuristic order),,,video,image,cross-category,https://cloudconvert.com/mp4-converter
5158,webm,voc,"webm to voc",TIER-2,enumerated (heuristic order),,,video,audio,cross-category,https://cloudconvert.com/mp4-converter
5159,webm,weba,"webm to weba",TIER-2,enumerated (heuristic order),,,video,audio,cross-category,https://cloudconvert.com/mp4-converter
5160,webm,x3f,"webm to x3f",TIER-2,enumerated (heuristic order),,,video,image,cross-category,https://cloudconvert.com/mp4-converter
5161,webm,xcf,"webm to xcf",TIER-2,enumerated (heuristic order),,,video,image,cross-category,https://cloudconvert.com/mp4-converter
5162,webm,xps,"webm to xps",TIER-2,enumerated (heuristic order),,,video,image,cross-category,https://cloudconvert.com/mp4-converter
5163,webp,abw,"webp to abw",TIER-2,enumerated (heuristic order),,,image,document,cross-category,https://cloudconvert.com/image-converter
5164,webp,cgm,"webp to cgm",TIER-2,enumerated (heuristic order),,,image,vector,cross-category,https://cloudconvert.com/image-converter
5165,webp,djvu,"webp to djvu",TIER-2,enumerated (heuristic order),,,image,document,cross-category,https://cloudconvert.com/image-converter
5166,webp,docm,"webp to docm",TIER-2,enumerated (heuristic order),,,image,document,cross-category,https://cloudconvert.com/image-converter
5167,webp,dot,"webp to dot",TIER-2,enumerated (heuristic order),,,image,document,cross-category,https://cloudconvert.com/image-converter
5168,webp,dotx,"webp to dotx",TIER-2,enumerated (heuristic order),,,image,document,cross-category,https://cloudconvert.com/image-converter
5169,webp,dps,"webp to dps",TIER-2,enumerated (heuristic order),,,image,presentation,cross-category,https://cloudconvert.com/image-converter
5170,webp,emf,"webp to emf",TIER-2,enumerated (heuristic order),,,image,vector,cross-category,https://cloudconvert.com/image-converter
5171,webp,hwp,"webp to hwp",TIER-2,enumerated (heuristic order),,,image,document,cross-category,https://cloudconvert.com/image-converter
5172,webp,hwpx,"webp to hwpx",TIER-2,enumerated (heuristic order),,,image,document,cross-category,https://cloudconvert.com/image-converter
5173,webp,lwp,"webp to lwp",TIER-2,enumerated (heuristic order),,,image,document,cross-category,https://cloudconvert.com/image-converter
5174,webp,pot,"webp to pot",TIER-2,enumerated (heuristic order),,,image,presentation,cross-category,https://cloudconvert.com/image-converter
5175,webp,potx,"webp to potx",TIER-2,enumerated (heuristic order),,,image,presentation,cross-category,https://cloudconvert.com/image-converter
5176,webp,pps,"webp to pps",TIER-2,enumerated (heuristic order),,,image,presentation,cross-category,https://cloudconvert.com/image-converter
5177,webp,ppsx,"webp to ppsx",TIER-2,enumerated (heuristic order),,,image,presentation,cross-category,https://cloudconvert.com/image-converter
5178,webp,pptm,"webp to pptm",TIER-2,enumerated (heuristic order),,,image,presentation,cross-category,https://cloudconvert.com/image-converter
5179,webp,rst,"webp to rst",TIER-2,enumerated (heuristic order),,,image,document,cross-category,https://cloudconvert.com/image-converter
5180,webp,sda,"webp to sda",TIER-2,enumerated (heuristic order),,,image,presentation,cross-category,https://cloudconvert.com/image-converter
5181,webp,sdw,"webp to sdw",TIER-2,enumerated (heuristic order),,,image,document,cross-category,https://cloudconvert.com/image-converter
5182,webp,sk,"webp to sk",TIER-2,enumerated (heuristic order),,,image,vector,cross-category,https://cloudconvert.com/image-converter
5183,webp,sk1,"webp to sk1",TIER-2,enumerated (heuristic order),,,image,vector,cross-category,https://cloudconvert.com/image-converter
5184,webp,svgz,"webp to svgz",TIER-2,enumerated (heuristic order),,,image,vector,cross-category,https://cloudconvert.com/image-converter
5185,webp,tex,"webp to tex",TIER-2,enumerated (heuristic order),,,image,document,cross-category,https://cloudconvert.com/image-converter
5186,webp,vsd,"webp to vsd",TIER-2,enumerated (heuristic order),,,image,vector,cross-category,https://cloudconvert.com/image-converter
5187,webp,wmf,"webp to wmf",TIER-2,enumerated (heuristic order),,,image,vector,cross-category,https://cloudconvert.com/image-converter
5188,webp,wpd,"webp to wpd",TIER-2,enumerated (heuristic order),,,image,document,cross-category,https://cloudconvert.com/image-converter
5189,webp,wps,"webp to wps",TIER-2,enumerated (heuristic order),,,image,document,cross-category,https://cloudconvert.com/image-converter
5190,webp,zabw,"webp to zabw",TIER-2,enumerated (heuristic order),,,image,document,cross-category,https://cloudconvert.com/image-converter
5263,3fr,arw,"3fr to arw",TIER-2,enumerated (heuristic order),,,image,image,same-category,https://cloudconvert.com/image-converter
5264,3fr,avif,"3fr to avif",TIER-2,enumerated (heuristic order),,,image,image,same-category,https://cloudconvert.com/image-converter
5265,3fr,bmp,"3fr to bmp",TIER-2,enumerated (heuristic order),,,image,image,same-category,https://cloudconvert.com/image-converter
5266,3fr,cr2,"3fr to cr2",TIER-2,enumerated (heuristic order),,,image,image,same-category,https://cloudconvert.com/image-converter
5267,3fr,dng,"3fr to dng",TIER-2,enumerated (heuristic order),,,image,image,same-category,https://cloudconvert.com/image-converter
5268,3fr,eps,"3fr to eps",TIER-2,enumerated (heuristic order),,,image,image,same-category,https://cloudconvert.com/image-converter
5269,3fr,heif,"3fr to heif",TIER-2,enumerated (heuristic order),,,image,image,same-category,https://cloudconvert.com/image-converter
5270,3fr,ico,"3fr to ico",TIER-2,enumerated (heuristic order),,,image,image,same-category,https://cloudconvert.com/image-converter
5271,3fr,jfif,"3fr to jfif",TIER-2,enumerated (heuristic order),,,image,image,same-category,https://cloudconvert.com/image-converter
5272,3fr,nef,"3fr to nef",TIER-2,enumerated (heuristic order),,,image,image,same-category,https://cloudconvert.com/image-converter
5273,3fr,psd,"3fr to psd",TIER-2,enumerated (heuristic order),,,image,image,same-category,https://cloudconvert.com/image-converter
5274,3fr,raw,"3fr to raw",TIER-2,enumerated (heuristic order),,,image,image,same-category,https://cloudconvert.com/image-converter
5275,3fr,tif,"3fr to tif",TIER-2,enumerated (heuristic order),,,image,image,same-category,https://cloudconvert.com/image-converter
5276,3fr,tiff,"3fr to tiff",TIER-2,enumerated (heuristic order),,,image,image,same-category,https://cloudconvert.com/image-converter
5277,3g2,3gp,"3g2 to 3gp",TIER-2,enumerated (heuristic order),,,video,video,same-category,https://cloudconvert.com/mp4-converter
5278,3g2,flv,"3g2 to flv",TIER-2,enumerated (heuristic order),,,video,video,same-category,https://cloudconvert.com/mp4-converter
5279,3g2,m4v,"3g2 to m4v",TIER-2,enumerated (heuristic order),,,video,video,same-category,https://cloudconvert.com/mp4-converter
5280,3g2,mpeg,"3g2 to mpeg",TIER-2,enumerated (heuristic order),,,video,video,same-category,https://cloudconvert.com/mp4-converter
5281,3g2,mpg,"3g2 to mpg",TIER-2,enumerated (heuristic order),,,video,video,same-category,https://cloudconvert.com/mp4-converter
5282,3g2,ts,"3g2 to ts",TIER-2,enumerated (heuristic order),,,video,video,same-category,https://cloudconvert.com/mp4-converter
5283,3g2,wmv,"3g2 to wmv",TIER-2,enumerated (heuristic order),,,video,video,same-category,https://cloudconvert.com/mp4-converter
5284,3gpp,3gp,"3gpp to 3gp",TIER-2,enumerated (heuristic order),,,video,video,same-category,https://cloudconvert.com/mp4-converter
5285,3gpp,flv,"3gpp to flv",TIER-2,enumerated (heuristic order),,,video,video,same-category,https://cloudconvert.com/mp4-converter
5286,3gpp,m4v,"3gpp to m4v",TIER-2,enumerated (heuristic order),,,video,video,same-category,https://cloudconvert.com/mp4-converter
5287,3gpp,mpeg,"3gpp to mpeg",TIER-2,enumerated (heuristic order),,,video,video,same-category,https://cloudconvert.com/mp4-converter
5288,3gpp,mpg,"3gpp to mpg",TIER-2,enumerated (heuristic order),,,video,video,same-category,https://cloudconvert.com/mp4-converter
5289,3gpp,ts,"3gpp to ts",TIER-2,enumerated (heuristic order),,,video,video,same-category,https://cloudconvert.com/mp4-converter
5290,3gpp,wmv,"3gpp to wmv",TIER-2,enumerated (heuristic order),,,video,video,same-category,https://cloudconvert.com/mp4-converter
5295,ac3,aif,"ac3 to aif",TIER-2,enumerated (heuristic order),,,audio,audio,same-category,https://cloudconvert.com/audio-converter
5296,ac3,aiff,"ac3 to aiff",TIER-2,enumerated (heuristic order),,,audio,audio,same-category,https://cloudconvert.com/audio-converter
5297,ac3,oga,"ac3 to oga",TIER-2,enumerated (heuristic order),,,audio,audio,same-category,https://cloudconvert.com/audio-converter
5298,ac3,ogg,"ac3 to ogg",TIER-2,enumerated (heuristic order),,,audio,audio,same-category,https://cloudconvert.com/audio-converter
5299,ac3,opus,"ac3 to opus",TIER-2,enumerated (heuristic order),,,audio,audio,same-category,https://cloudconvert.com/audio-converter
5300,ac3,wma,"ac3 to wma",TIER-2,enumerated (heuristic order),,,audio,audio,same-category,https://cloudconvert.com/audio-converter
5301,amr,aif,"amr to aif",TIER-2,enumerated (heuristic order),,,audio,audio,same-category,https://cloudconvert.com/audio-converter
5302,amr,aiff,"amr to aiff",TIER-2,enumerated (heuristic order),,,audio,audio,same-category,https://cloudconvert.com/audio-converter
5303,amr,oga,"amr to oga",TIER-2,enumerated (heuristic order),,,audio,audio,same-category,https://cloudconvert.com/audio-converter
5304,amr,ogg,"amr to ogg",TIER-2,enumerated (heuristic order),,,audio,audio,same-category,https://cloudconvert.com/audio-converter
5305,amr,opus,"amr to opus",TIER-2,enumerated (heuristic order),,,audio,audio,same-category,https://cloudconvert.com/audio-converter
5306,amr,wma,"amr to wma",TIER-2,enumerated (heuristic order),,,audio,audio,same-category,https://cloudconvert.com/audio-converter
5307,au,aif,"au to aif",TIER-2,enumerated (heuristic order),,,audio,audio,same-category,https://cloudconvert.com/audio-converter
5308,au,aiff,"au to aiff",TIER-2,enumerated (heuristic order),,,audio,audio,same-category,https://cloudconvert.com/audio-converter
5309,au,oga,"au to oga",TIER-2,enumerated (heuristic order),,,audio,audio,same-category,https://cloudconvert.com/audio-converter
5310,au,ogg,"au to ogg",TIER-2,enumerated (heuristic order),,,audio,audio,same-category,https://cloudconvert.com/audio-converter
5311,au,opus,"au to opus",TIER-2,enumerated (heuristic order),,,audio,audio,same-category,https://cloudconvert.com/audio-converter
5312,au,wma,"au to wma",TIER-2,enumerated (heuristic order),,,audio,audio,same-category,https://cloudconvert.com/audio-converter
5318,caf,aif,"caf to aif",TIER-2,enumerated (heuristic order),,,audio,audio,same-category,https://cloudconvert.com/audio-converter
5319,caf,aiff,"caf to aiff",TIER-2,enumerated (heuristic order),,,audio,audio,same-category,https://cloudconvert.com/audio-converter
5320,caf,oga,"caf to oga",TIER-2,enumerated (heuristic order),,,audio,audio,same-category,https://cloudconvert.com/audio-converter
5321,caf,ogg,"caf to ogg",TIER-2,enumerated (heuristic order),,,audio,audio,same-category,https://cloudconvert.com/audio-converter
5322,caf,opus,"caf to opus",TIER-2,enumerated (heuristic order),,,audio,audio,same-category,https://cloudconvert.com/audio-converter
5323,caf,wma,"caf to wma",TIER-2,enumerated (heuristic order),,,audio,audio,same-category,https://cloudconvert.com/audio-converter
5324,cavs,3gp,"cavs to 3gp",TIER-2,enumerated (heuristic order),,,video,video,same-category,https://cloudconvert.com/mp4-converter
5325,cavs,flv,"cavs to flv",TIER-2,enumerated (heuristic order),,,video,video,same-category,https://cloudconvert.com/mp4-converter
5326,cavs,m4v,"cavs to m4v",TIER-2,enumerated (heuristic order),,,video,video,same-category,https://cloudconvert.com/mp4-converter
5327,cavs,mpeg,"cavs to mpeg",TIER-2,enumerated (heuristic order),,,video,video,same-category,https://cloudconvert.com/mp4-converter
5328,cavs,mpg,"cavs to mpg",TIER-2,enumerated (heuristic order),,,video,video,same-category,https://cloudconvert.com/mp4-converter
5329,cavs,ts,"cavs to ts",TIER-2,enumerated (heuristic order),,,video,video,same-category,https://cloudconvert.com/mp4-converter
5330,cavs,wmv,"cavs to wmv",TIER-2,enumerated (heuristic order),,,video,video,same-category,https://cloudconvert.com/mp4-converter
5343,cr3,arw,"cr3 to arw",TIER-2,enumerated (heuristic order),,,image,image,same-category,https://cloudconvert.com/image-converter
5344,cr3,avif,"cr3 to avif",TIER-2,enumerated (heuristic order),,,image,image,same-category,https://cloudconvert.com/image-converter
5345,cr3,bmp,"cr3 to bmp",TIER-2,enumerated (heuristic order),,,image,image,same-category,https://cloudconvert.com/image-converter
5346,cr3,cr2,"cr3 to cr2",TIER-2,enumerated (heuristic order),,,image,image,same-category,https://cloudconvert.com/image-converter
5347,cr3,dng,"cr3 to dng",TIER-2,enumerated (heuristic order),,,image,image,same-category,https://cloudconvert.com/image-converter
5348,cr3,eps,"cr3 to eps",TIER-2,enumerated (heuristic order),,,image,image,same-category,https://cloudconvert.com/image-converter
5349,cr3,heif,"cr3 to heif",TIER-2,enumerated (heuristic order),,,image,image,same-category,https://cloudconvert.com/image-converter
5350,cr3,ico,"cr3 to ico",TIER-2,enumerated (heuristic order),,,image,image,same-category,https://cloudconvert.com/image-converter
5351,cr3,jfif,"cr3 to jfif",TIER-2,enumerated (heuristic order),,,image,image,same-category,https://cloudconvert.com/image-converter
5352,cr3,nef,"cr3 to nef",TIER-2,enumerated (heuristic order),,,image,image,same-category,https://cloudconvert.com/image-converter
5353,cr3,psd,"cr3 to psd",TIER-2,enumerated (heuristic order),,,image,image,same-category,https://cloudconvert.com/image-converter
5354,cr3,raw,"cr3 to raw",TIER-2,enumerated (heuristic order),,,image,image,same-category,https://cloudconvert.com/image-converter
5355,cr3,tif,"cr3 to tif",TIER-2,enumerated (heuristic order),,,image,image,same-category,https://cloudconvert.com/image-converter
5356,cr3,tiff,"cr3 to tiff",TIER-2,enumerated (heuristic order),,,image,image,same-category,https://cloudconvert.com/image-converter
5357,crw,arw,"crw to arw",TIER-2,enumerated (heuristic order),,,image,image,same-category,https://cloudconvert.com/image-converter
5358,crw,avif,"crw to avif",TIER-2,enumerated (heuristic order),,,image,image,same-category,https://cloudconvert.com/image-converter
5359,crw,bmp,"crw to bmp",TIER-2,enumerated (heuristic order),,,image,image,same-category,https://cloudconvert.com/image-converter
5360,crw,cr2,"crw to cr2",TIER-2,enumerated (heuristic order),,,image,image,same-category,https://cloudconvert.com/image-converter
5361,crw,dng,"crw to dng",TIER-2,enumerated (heuristic order),,,image,image,same-category,https://cloudconvert.com/image-converter
5362,crw,eps,"crw to eps",TIER-2,enumerated (heuristic order),,,image,image,same-category,https://cloudconvert.com/image-converter
5363,crw,heif,"crw to heif",TIER-2,enumerated (heuristic order),,,image,image,same-category,https://cloudconvert.com/image-converter
5364,crw,ico,"crw to ico",TIER-2,enumerated (heuristic order),,,image,image,same-category,https://cloudconvert.com/image-converter
5365,crw,jfif,"crw to jfif",TIER-2,enumerated (heuristic order),,,image,image,same-category,https://cloudconvert.com/image-converter
5366,crw,nef,"crw to nef",TIER-2,enumerated (heuristic order),,,image,image,same-category,https://cloudconvert.com/image-converter
5367,crw,psd,"crw to psd",TIER-2,enumerated (heuristic order),,,image,image,same-category,https://cloudconvert.com/image-converter
5368,crw,raw,"crw to raw",TIER-2,enumerated (heuristic order),,,image,image,same-category,https://cloudconvert.com/image-converter
5369,crw,tif,"crw to tif",TIER-2,enumerated (heuristic order),,,image,image,same-category,https://cloudconvert.com/image-converter
5370,crw,tiff,"crw to tiff",TIER-2,enumerated (heuristic order),,,image,image,same-category,https://cloudconvert.com/image-converter
5371,dcr,arw,"dcr to arw",TIER-2,enumerated (heuristic order),,,image,image,same-category,https://cloudconvert.com/image-converter
5372,dcr,avif,"dcr to avif",TIER-2,enumerated (heuristic order),,,image,image,same-category,https://cloudconvert.com/image-converter
5373,dcr,bmp,"dcr to bmp",TIER-2,enumerated (heuristic order),,,image,image,same-category,https://cloudconvert.com/image-converter
5374,dcr,cr2,"dcr to cr2",TIER-2,enumerated (heuristic order),,,image,image,same-category,https://cloudconvert.com/image-converter
5375,dcr,dng,"dcr to dng",TIER-2,enumerated (heuristic order),,,image,image,same-category,https://cloudconvert.com/image-converter
5376,dcr,eps,"dcr to eps",TIER-2,enumerated (heuristic order),,,image,image,same-category,https://cloudconvert.com/image-converter
5377,dcr,heif,"dcr to heif",TIER-2,enumerated (heuristic order),,,image,image,same-category,https://cloudconvert.com/image-converter
5378,dcr,ico,"dcr to ico",TIER-2,enumerated (heuristic order),,,image,image,same-category,https://cloudconvert.com/image-converter
5379,dcr,jfif,"dcr to jfif",TIER-2,enumerated (heuristic order),,,image,image,same-category,https://cloudconvert.com/image-converter
5380,dcr,nef,"dcr to nef",TIER-2,enumerated (heuristic order),,,image,image,same-category,https://cloudconvert.com/image-converter
5381,dcr,psd,"dcr to psd",TIER-2,enumerated (heuristic order),,,image,image,same-category,https://cloudconvert.com/image-converter
5382,dcr,raw,"dcr to raw",TIER-2,enumerated (heuristic order),,,image,image,same-category,https://cloudconvert.com/image-converter
5383,dcr,tif,"dcr to tif",TIER-2,enumerated (heuristic order),,,image,image,same-category,https://cloudconvert.com/image-converter
5384,dcr,tiff,"dcr to tiff",TIER-2,enumerated (heuristic order),,,image,image,same-category,https://cloudconvert.com/image-converter
5403,dss,aif,"dss to aif",TIER-2,enumerated (heuristic order),,,audio,audio,same-category,https://cloudconvert.com/audio-converter
5404,dss,aiff,"dss to aiff",TIER-2,enumerated (heuristic order),,,audio,audio,same-category,https://cloudconvert.com/audio-converter
5405,dss,oga,"dss to oga",TIER-2,enumerated (heuristic order),,,audio,audio,same-category,https://cloudconvert.com/audio-converter
5406,dss,ogg,"dss to ogg",TIER-2,enumerated (heuristic order),,,audio,audio,same-category,https://cloudconvert.com/audio-converter
5407,dss,opus,"dss to opus",TIER-2,enumerated (heuristic order),,,audio,audio,same-category,https://cloudconvert.com/audio-converter
5408,dss,wma,"dss to wma",TIER-2,enumerated (heuristic order),,,audio,audio,same-category,https://cloudconvert.com/audio-converter
5409,dv,3gp,"dv to 3gp",TIER-2,enumerated (heuristic order),,,video,video,same-category,https://cloudconvert.com/mp4-converter
5410,dv,flv,"dv to flv",TIER-2,enumerated (heuristic order),,,video,video,same-category,https://cloudconvert.com/mp4-converter
5411,dv,m4v,"dv to m4v",TIER-2,enumerated (heuristic order),,,video,video,same-category,https://cloudconvert.com/mp4-converter
5412,dv,mpeg,"dv to mpeg",TIER-2,enumerated (heuristic order),,,video,video,same-category,https://cloudconvert.com/mp4-converter
5413,dv,mpg,"dv to mpg",TIER-2,enumerated (heuristic order),,,video,video,same-category,https://cloudconvert.com/mp4-converter
5414,dv,ts,"dv to ts",TIER-2,enumerated (heuristic order),,,video,video,same-category,https://cloudconvert.com/mp4-converter
5415,dv,wmv,"dv to wmv",TIER-2,enumerated (heuristic order),,,video,video,same-category,https://cloudconvert.com/mp4-converter
5416,dvr,3gp,"dvr to 3gp",TIER-2,enumerated (heuristic order),,,video,video,same-category,https://cloudconvert.com/mp4-converter
5417,dvr,flv,"dvr to flv",TIER-2,enumerated (heuristic order),,,video,video,same-category,https://cloudconvert.com/mp4-converter
5418,dvr,m4v,"dvr to m4v",TIER-2,enumerated (heuristic order),,,video,video,same-category,https://cloudconvert.com/mp4-converter
5419,dvr,mpeg,"dvr to mpeg",TIER-2,enumerated (heuristic order),,,video,video,same-category,https://cloudconvert.com/mp4-converter
5420,dvr,mpg,"dvr to mpg",TIER-2,enumerated (heuristic order),,,video,video,same-category,https://cloudconvert.com/mp4-converter
5421,dvr,ts,"dvr to ts",TIER-2,enumerated (heuristic order),,,video,video,same-category,https://cloudconvert.com/mp4-converter
5422,dvr,wmv,"dvr to wmv",TIER-2,enumerated (heuristic order),,,video,video,same-category,https://cloudconvert.com/mp4-converter
5425,erf,arw,"erf to arw",TIER-2,enumerated (heuristic order),,,image,image,same-category,https://cloudconvert.com/image-converter
5426,erf,avif,"erf to avif",TIER-2,enumerated (heuristic order),,,image,image,same-category,https://cloudconvert.com/image-converter
5427,erf,bmp,"erf to bmp",TIER-2,enumerated (heuristic order),,,image,image,same-category,https://cloudconvert.com/image-converter
5428,erf,cr2,"erf to cr2",TIER-2,enumerated (heuristic order),,,image,image,same-category,https://cloudconvert.com/image-converter
5429,erf,dng,"erf to dng",TIER-2,enumerated (heuristic order),,,image,image,same-category,https://cloudconvert.com/image-converter
5430,erf,eps,"erf to eps",TIER-2,enumerated (heuristic order),,,image,image,same-category,https://cloudconvert.com/image-converter
5431,erf,heif,"erf to heif",TIER-2,enumerated (heuristic order),,,image,image,same-category,https://cloudconvert.com/image-converter
5432,erf,ico,"erf to ico",TIER-2,enumerated (heuristic order),,,image,image,same-category,https://cloudconvert.com/image-converter
5433,erf,jfif,"erf to jfif",TIER-2,enumerated (heuristic order),,,image,image,same-category,https://cloudconvert.com/image-converter
5434,erf,nef,"erf to nef",TIER-2,enumerated (heuristic order),,,image,image,same-category,https://cloudconvert.com/image-converter
5435,erf,psd,"erf to psd",TIER-2,enumerated (heuristic order),,,image,image,same-category,https://cloudconvert.com/image-converter
5436,erf,raw,"erf to raw",TIER-2,enumerated (heuristic order),,,image,image,same-category,https://cloudconvert.com/image-converter
5437,erf,tif,"erf to tif",TIER-2,enumerated (heuristic order),,,image,image,same-category,https://cloudconvert.com/image-converter
5438,erf,tiff,"erf to tiff",TIER-2,enumerated (heuristic order),,,image,image,same-category,https://cloudconvert.com/image-converter
5455,icns,arw,"icns to arw",TIER-2,enumerated (heuristic order),,,image,image,same-category,https://cloudconvert.com/image-converter
5456,icns,avif,"icns to avif",TIER-2,enumerated (heuristic order),,,image,image,same-category,https://cloudconvert.com/image-converter
5457,icns,bmp,"icns to bmp",TIER-2,enumerated (heuristic order),,,image,image,same-category,https://cloudconvert.com/image-converter
5458,icns,cr2,"icns to cr2",TIER-2,enumerated (heuristic order),,,image,image,same-category,https://cloudconvert.com/image-converter
5459,icns,dng,"icns to dng",TIER-2,enumerated (heuristic order),,,image,image,same-category,https://cloudconvert.com/image-converter
5460,icns,eps,"icns to eps",TIER-2,enumerated (heuristic order),,,image,image,same-category,https://cloudconvert.com/image-converter
5461,icns,heif,"icns to heif",TIER-2,enumerated (heuristic order),,,image,image,same-category,https://cloudconvert.com/image-converter
5462,icns,ico,"icns to ico",TIER-2,enumerated (heuristic order),,,image,image,same-category,https://cloudconvert.com/image-converter
5463,icns,jfif,"icns to jfif",TIER-2,enumerated (heuristic order),,,image,image,same-category,https://cloudconvert.com/image-converter
5464,icns,nef,"icns to nef",TIER-2,enumerated (heuristic order),,,image,image,same-category,https://cloudconvert.com/image-converter
5465,icns,psd,"icns to psd",TIER-2,enumerated (heuristic order),,,image,image,same-category,https://cloudconvert.com/image-converter
5466,icns,raw,"icns to raw",TIER-2,enumerated (heuristic order),,,image,image,same-category,https://cloudconvert.com/image-converter
5467,icns,tif,"icns to tif",TIER-2,enumerated (heuristic order),,,image,image,same-category,https://cloudconvert.com/image-converter
5468,icns,tiff,"icns to tiff",TIER-2,enumerated (heuristic order),,,image,image,same-category,https://cloudconvert.com/image-converter
5483,m2ts,3gp,"m2ts to 3gp",TIER-2,enumerated (heuristic order),,,video,video,same-category,https://cloudconvert.com/mp4-converter
5484,m2ts,flv,"m2ts to flv",TIER-2,enumerated (heuristic order),,,video,video,same-category,https://cloudconvert.com/mp4-converter
5485,m2ts,m4v,"m2ts to m4v",TIER-2,enumerated (heuristic order),,,video,video,same-category,https://cloudconvert.com/mp4-converter
5486,m2ts,mpeg,"m2ts to mpeg",TIER-2,enumerated (heuristic order),,,video,video,same-category,https://cloudconvert.com/mp4-converter
5487,m2ts,mpg,"m2ts to mpg",TIER-2,enumerated (heuristic order),,,video,video,same-category,https://cloudconvert.com/mp4-converter
5488,m2ts,ts,"m2ts to ts",TIER-2,enumerated (heuristic order),,,video,video,same-category,https://cloudconvert.com/mp4-converter
5489,m2ts,wmv,"m2ts to wmv",TIER-2,enumerated (heuristic order),,,video,video,same-category,https://cloudconvert.com/mp4-converter
5490,m4b,aif,"m4b to aif",TIER-2,enumerated (heuristic order),,,audio,audio,same-category,https://cloudconvert.com/audio-converter
5491,m4b,aiff,"m4b to aiff",TIER-2,enumerated (heuristic order),,,audio,audio,same-category,https://cloudconvert.com/audio-converter
5492,m4b,oga,"m4b to oga",TIER-2,enumerated (heuristic order),,,audio,audio,same-category,https://cloudconvert.com/audio-converter
5493,m4b,ogg,"m4b to ogg",TIER-2,enumerated (heuristic order),,,audio,audio,same-category,https://cloudconvert.com/audio-converter
5494,m4b,opus,"m4b to opus",TIER-2,enumerated (heuristic order),,,audio,audio,same-category,https://cloudconvert.com/audio-converter
5495,m4b,wma,"m4b to wma",TIER-2,enumerated (heuristic order),,,audio,audio,same-category,https://cloudconvert.com/audio-converter
5496,mod,3gp,"mod to 3gp",TIER-2,enumerated (heuristic order),,,video,video,same-category,https://cloudconvert.com/mp4-converter
5497,mod,flv,"mod to flv",TIER-2,enumerated (heuristic order),,,video,video,same-category,https://cloudconvert.com/mp4-converter
5498,mod,m4v,"mod to m4v",TIER-2,enumerated (heuristic order),,,video,video,same-category,https://cloudconvert.com/mp4-converter
5499,mod,mpeg,"mod to mpeg",TIER-2,enumerated (heuristic order),,,video,video,same-category,https://cloudconvert.com/mp4-converter
5500,mod,mpg,"mod to mpg",TIER-2,enumerated (heuristic order),,,video,video,same-category,https://cloudconvert.com/mp4-converter
5501,mod,ts,"mod to ts",TIER-2,enumerated (heuristic order),,,video,video,same-category,https://cloudconvert.com/mp4-converter
5502,mod,wmv,"mod to wmv",TIER-2,enumerated (heuristic order),,,video,video,same-category,https://cloudconvert.com/mp4-converter
5503,mos,arw,"mos to arw",TIER-2,enumerated (heuristic order),,,image,image,same-category,https://cloudconvert.com/image-converter
5504,mos,avif,"mos to avif",TIER-2,enumerated (heuristic order),,,image,image,same-category,https://cloudconvert.com/image-converter
5505,mos,bmp,"mos to bmp",TIER-2,enumerated (heuristic order),,,image,image,same-category,https://cloudconvert.com/image-converter
5506,mos,cr2,"mos to cr2",TIER-2,enumerated (heuristic order),,,image,image,same-category,https://cloudconvert.com/image-converter
5507,mos,dng,"mos to dng",TIER-2,enumerated (heuristic order),,,image,image,same-category,https://cloudconvert.com/image-converter
5508,mos,eps,"mos to eps",TIER-2,enumerated (heuristic order),,,image,image,same-category,https://cloudconvert.com/image-converter
5509,mos,heif,"mos to heif",TIER-2,enumerated (heuristic order),,,image,image,same-category,https://cloudconvert.com/image-converter
5510,mos,ico,"mos to ico",TIER-2,enumerated (heuristic order),,,image,image,same-category,https://cloudconvert.com/image-converter
5511,mos,jfif,"mos to jfif",TIER-2,enumerated (heuristic order),,,image,image,same-category,https://cloudconvert.com/image-converter
5512,mos,nef,"mos to nef",TIER-2,enumerated (heuristic order),,,image,image,same-category,https://cloudconvert.com/image-converter
5513,mos,psd,"mos to psd",TIER-2,enumerated (heuristic order),,,image,image,same-category,https://cloudconvert.com/image-converter
5514,mos,raw,"mos to raw",TIER-2,enumerated (heuristic order),,,image,image,same-category,https://cloudconvert.com/image-converter
5515,mos,tif,"mos to tif",TIER-2,enumerated (heuristic order),,,image,image,same-category,https://cloudconvert.com/image-converter
5516,mos,tiff,"mos to tiff",TIER-2,enumerated (heuristic order),,,image,image,same-category,https://cloudconvert.com/image-converter
5517,mrw,arw,"mrw to arw",TIER-2,enumerated (heuristic order),,,image,image,same-category,https://cloudconvert.com/image-converter
5518,mrw,avif,"mrw to avif",TIER-2,enumerated (heuristic order),,,image,image,same-category,https://cloudconvert.com/image-converter
5519,mrw,bmp,"mrw to bmp",TIER-2,enumerated (heuristic order),,,image,image,same-category,https://cloudconvert.com/image-converter
5520,mrw,cr2,"mrw to cr2",TIER-2,enumerated (heuristic order),,,image,image,same-category,https://cloudconvert.com/image-converter
5521,mrw,dng,"mrw to dng",TIER-2,enumerated (heuristic order),,,image,image,same-category,https://cloudconvert.com/image-converter
5522,mrw,eps,"mrw to eps",TIER-2,enumerated (heuristic order),,,image,image,same-category,https://cloudconvert.com/image-converter
5523,mrw,heif,"mrw to heif",TIER-2,enumerated (heuristic order),,,image,image,same-category,https://cloudconvert.com/image-converter
5524,mrw,ico,"mrw to ico",TIER-2,enumerated (heuristic order),,,image,image,same-category,https://cloudconvert.com/image-converter
5525,mrw,jfif,"mrw to jfif",TIER-2,enumerated (heuristic order),,,image,image,same-category,https://cloudconvert.com/image-converter
5526,mrw,nef,"mrw to nef",TIER-2,enumerated (heuristic order),,,image,image,same-category,https://cloudconvert.com/image-converter
5527,mrw,psd,"mrw to psd",TIER-2,enumerated (heuristic order),,,image,image,same-category,https://cloudconvert.com/image-converter
5528,mrw,raw,"mrw to raw",TIER-2,enumerated (heuristic order),,,image,image,same-category,https://cloudconvert.com/image-converter
5529,mrw,tif,"mrw to tif",TIER-2,enumerated (heuristic order),,,image,image,same-category,https://cloudconvert.com/image-converter
5530,mrw,tiff,"mrw to tiff",TIER-2,enumerated (heuristic order),,,image,image,same-category,https://cloudconvert.com/image-converter
5531,mts,3gp,"mts to 3gp",TIER-2,enumerated (heuristic order),,,video,video,same-category,https://cloudconvert.com/mp4-converter
5532,mts,flv,"mts to flv",TIER-2,enumerated (heuristic order),,,video,video,same-category,https://cloudconvert.com/mp4-converter
5533,mts,m4v,"mts to m4v",TIER-2,enumerated (heuristic order),,,video,video,same-category,https://cloudconvert.com/mp4-converter
5534,mts,mpeg,"mts to mpeg",TIER-2,enumerated (heuristic order),,,video,video,same-category,https://cloudconvert.com/mp4-converter
5535,mts,mpg,"mts to mpg",TIER-2,enumerated (heuristic order),,,video,video,same-category,https://cloudconvert.com/mp4-converter
5536,mts,ts,"mts to ts",TIER-2,enumerated (heuristic order),,,video,video,same-category,https://cloudconvert.com/mp4-converter
5537,mts,wmv,"mts to wmv",TIER-2,enumerated (heuristic order),,,video,video,same-category,https://cloudconvert.com/mp4-converter
5538,mxf,3gp,"mxf to 3gp",TIER-2,enumerated (heuristic order),,,video,video,same-category,https://cloudconvert.com/mp4-converter
5539,mxf,flv,"mxf to flv",TIER-2,enumerated (heuristic order),,,video,video,same-category,https://cloudconvert.com/mp4-converter
5540,mxf,m4v,"mxf to m4v",TIER-2,enumerated (heuristic order),,,video,video,same-category,https://cloudconvert.com/mp4-converter
5541,mxf,mpeg,"mxf to mpeg",TIER-2,enumerated (heuristic order),,,video,video,same-category,https://cloudconvert.com/mp4-converter
5542,mxf,mpg,"mxf to mpg",TIER-2,enumerated (heuristic order),,,video,video,same-category,https://cloudconvert.com/mp4-converter
5543,mxf,ts,"mxf to ts",TIER-2,enumerated (heuristic order),,,video,video,same-category,https://cloudconvert.com/mp4-converter
5544,mxf,wmv,"mxf to wmv",TIER-2,enumerated (heuristic order),,,video,video,same-category,https://cloudconvert.com/mp4-converter
5545,odd,arw,"odd to arw",TIER-2,enumerated (heuristic order),,,image,image,same-category,https://cloudconvert.com/image-converter
5546,odd,avif,"odd to avif",TIER-2,enumerated (heuristic order),,,image,image,same-category,https://cloudconvert.com/image-converter
5547,odd,bmp,"odd to bmp",TIER-2,enumerated (heuristic order),,,image,image,same-category,https://cloudconvert.com/image-converter
5548,odd,cr2,"odd to cr2",TIER-2,enumerated (heuristic order),,,image,image,same-category,https://cloudconvert.com/image-converter
5549,odd,dng,"odd to dng",TIER-2,enumerated (heuristic order),,,image,image,same-category,https://cloudconvert.com/image-converter
5550,odd,eps,"odd to eps",TIER-2,enumerated (heuristic order),,,image,image,same-category,https://cloudconvert.com/image-converter
5551,odd,heif,"odd to heif",TIER-2,enumerated (heuristic order),,,image,image,same-category,https://cloudconvert.com/image-converter
5552,odd,ico,"odd to ico",TIER-2,enumerated (heuristic order),,,image,image,same-category,https://cloudconvert.com/image-converter
5553,odd,jfif,"odd to jfif",TIER-2,enumerated (heuristic order),,,image,image,same-category,https://cloudconvert.com/image-converter
5554,odd,nef,"odd to nef",TIER-2,enumerated (heuristic order),,,image,image,same-category,https://cloudconvert.com/image-converter
5555,odd,psd,"odd to psd",TIER-2,enumerated (heuristic order),,,image,image,same-category,https://cloudconvert.com/image-converter
5556,odd,raw,"odd to raw",TIER-2,enumerated (heuristic order),,,image,image,same-category,https://cloudconvert.com/image-converter
5557,odd,tif,"odd to tif",TIER-2,enumerated (heuristic order),,,image,image,same-category,https://cloudconvert.com/image-converter
5558,odd,tiff,"odd to tiff",TIER-2,enumerated (heuristic order),,,image,image,same-category,https://cloudconvert.com/image-converter
5559,odg,arw,"odg to arw",TIER-2,enumerated (heuristic order),,,image,image,same-category,https://cloudconvert.com/image-converter
5560,odg,avif,"odg to avif",TIER-2,enumerated (heuristic order),,,image,image,same-category,https://cloudconvert.com/image-converter
5561,odg,bmp,"odg to bmp",TIER-2,enumerated (heuristic order),,,image,image,same-category,https://cloudconvert.com/image-converter
5562,odg,cr2,"odg to cr2",TIER-2,enumerated (heuristic order),,,image,image,same-category,https://cloudconvert.com/image-converter
5563,odg,dng,"odg to dng",TIER-2,enumerated (heuristic order),,,image,image,same-category,https://cloudconvert.com/image-converter
5564,odg,eps,"odg to eps",TIER-2,enumerated (heuristic order),,,image,image,same-category,https://cloudconvert.com/image-converter
5565,odg,heif,"odg to heif",TIER-2,enumerated (heuristic order),,,image,image,same-category,https://cloudconvert.com/image-converter
5566,odg,ico,"odg to ico",TIER-2,enumerated (heuristic order),,,image,image,same-category,https://cloudconvert.com/image-converter
5567,odg,jfif,"odg to jfif",TIER-2,enumerated (heuristic order),,,image,image,same-category,https://cloudconvert.com/image-converter
5568,odg,nef,"odg to nef",TIER-2,enumerated (heuristic order),,,image,image,same-category,https://cloudconvert.com/image-converter
5569,odg,psd,"odg to psd",TIER-2,enumerated (heuristic order),,,image,image,same-category,https://cloudconvert.com/image-converter
5570,odg,raw,"odg to raw",TIER-2,enumerated (heuristic order),,,image,image,same-category,https://cloudconvert.com/image-converter
5571,odg,tif,"odg to tif",TIER-2,enumerated (heuristic order),,,image,image,same-category,https://cloudconvert.com/image-converter
5572,odg,tiff,"odg to tiff",TIER-2,enumerated (heuristic order),,,image,image,same-category,https://cloudconvert.com/image-converter
5578,ogv,3gp,"ogv to 3gp",TIER-2,enumerated (heuristic order),,,video,video,same-category,https://cloudconvert.com/mp4-converter
5579,ogv,flv,"ogv to flv",TIER-2,enumerated (heuristic order),,,video,video,same-category,https://cloudconvert.com/mp4-converter
5580,ogv,m4v,"ogv to m4v",TIER-2,enumerated (heuristic order),,,video,video,same-category,https://cloudconvert.com/mp4-converter
5581,ogv,mpeg,"ogv to mpeg",TIER-2,enumerated (heuristic order),,,video,video,same-category,https://cloudconvert.com/mp4-converter
5582,ogv,mpg,"ogv to mpg",TIER-2,enumerated (heuristic order),,,video,video,same-category,https://cloudconvert.com/mp4-converter
5583,ogv,ts,"ogv to ts",TIER-2,enumerated (heuristic order),,,video,video,same-category,https://cloudconvert.com/mp4-converter
5584,ogv,wmv,"ogv to wmv",TIER-2,enumerated (heuristic order),,,video,video,same-category,https://cloudconvert.com/mp4-converter
5585,orf,arw,"orf to arw",TIER-2,enumerated (heuristic order),,,image,image,same-category,https://cloudconvert.com/image-converter
5586,orf,avif,"orf to avif",TIER-2,enumerated (heuristic order),,,image,image,same-category,https://cloudconvert.com/image-converter
5587,orf,bmp,"orf to bmp",TIER-2,enumerated (heuristic order),,,image,image,same-category,https://cloudconvert.com/image-converter
5588,orf,cr2,"orf to cr2",TIER-2,enumerated (heuristic order),,,image,image,same-category,https://cloudconvert.com/image-converter
5589,orf,dng,"orf to dng",TIER-2,enumerated (heuristic order),,,image,image,same-category,https://cloudconvert.com/image-converter
5590,orf,eps,"orf to eps",TIER-2,enumerated (heuristic order),,,image,image,same-category,https://cloudconvert.com/image-converter
5591,orf,heif,"orf to heif",TIER-2,enumerated (heuristic order),,,image,image,same-category,https://cloudconvert.com/image-converter
5592,orf,ico,"orf to ico",TIER-2,enumerated (heuristic order),,,image,image,same-category,https://cloudconvert.com/image-converter
5593,orf,jfif,"orf to jfif",TIER-2,enumerated (heuristic order),,,image,image,same-category,https://cloudconvert.com/image-converter
5594,orf,nef,"orf to nef",TIER-2,enumerated (heuristic order),,,image,image,same-category,https://cloudconvert.com/image-converter
5595,orf,psd,"orf to psd",TIER-2,enumerated (heuristic order),,,image,image,same-category,https://cloudconvert.com/image-converter
5596,orf,raw,"orf to raw",TIER-2,enumerated (heuristic order),,,image,image,same-category,https://cloudconvert.com/image-converter
5597,orf,tif,"orf to tif",TIER-2,enumerated (heuristic order),,,image,image,same-category,https://cloudconvert.com/image-converter
5598,orf,tiff,"orf to tiff",TIER-2,enumerated (heuristic order),,,image,image,same-category,https://cloudconvert.com/image-converter
5604,pef,arw,"pef to arw",TIER-2,enumerated (heuristic order),,,image,image,same-category,https://cloudconvert.com/image-converter
5605,pef,avif,"pef to avif",TIER-2,enumerated (heuristic order),,,image,image,same-category,https://cloudconvert.com/image-converter
5606,pef,bmp,"pef to bmp",TIER-2,enumerated (heuristic order),,,image,image,same-category,https://cloudconvert.com/image-converter
5607,pef,cr2,"pef to cr2",TIER-2,enumerated (heuristic order),,,image,image,same-category,https://cloudconvert.com/image-converter
5608,pef,dng,"pef to dng",TIER-2,enumerated (heuristic order),,,image,image,same-category,https://cloudconvert.com/image-converter
5609,pef,eps,"pef to eps",TIER-2,enumerated (heuristic order),,,image,image,same-category,https://cloudconvert.com/image-converter
5610,pef,heif,"pef to heif",TIER-2,enumerated (heuristic order),,,image,image,same-category,https://cloudconvert.com/image-converter
5611,pef,ico,"pef to ico",TIER-2,enumerated (heuristic order),,,image,image,same-category,https://cloudconvert.com/image-converter
5612,pef,jfif,"pef to jfif",TIER-2,enumerated (heuristic order),,,image,image,same-category,https://cloudconvert.com/image-converter
5613,pef,nef,"pef to nef",TIER-2,enumerated (heuristic order),,,image,image,same-category,https://cloudconvert.com/image-converter
5614,pef,psd,"pef to psd",TIER-2,enumerated (heuristic order),,,image,image,same-category,https://cloudconvert.com/image-converter
5615,pef,raw,"pef to raw",TIER-2,enumerated (heuristic order),,,image,image,same-category,https://cloudconvert.com/image-converter
5616,pef,tif,"pef to tif",TIER-2,enumerated (heuristic order),,,image,image,same-category,https://cloudconvert.com/image-converter
5617,pef,tiff,"pef to tiff",TIER-2,enumerated (heuristic order),,,image,image,same-category,https://cloudconvert.com/image-converter
5627,ppm,arw,"ppm to arw",TIER-2,enumerated (heuristic order),,,image,image,same-category,https://cloudconvert.com/image-converter
5628,ppm,avif,"ppm to avif",TIER-2,enumerated (heuristic order),,,image,image,same-category,https://cloudconvert.com/image-converter
5629,ppm,bmp,"ppm to bmp",TIER-2,enumerated (heuristic order),,,image,image,same-category,https://cloudconvert.com/image-converter
5630,ppm,cr2,"ppm to cr2",TIER-2,enumerated (heuristic order),,,image,image,same-category,https://cloudconvert.com/image-converter
5631,ppm,dng,"ppm to dng",TIER-2,enumerated (heuristic order),,,image,image,same-category,https://cloudconvert.com/image-converter
5632,ppm,eps,"ppm to eps",TIER-2,enumerated (heuristic order),,,image,image,same-category,https://cloudconvert.com/image-converter
5633,ppm,heif,"ppm to heif",TIER-2,enumerated (heuristic order),,,image,image,same-category,https://cloudconvert.com/image-converter
5634,ppm,ico,"ppm to ico",TIER-2,enumerated (heuristic order),,,image,image,same-category,https://cloudconvert.com/image-converter
5635,ppm,jfif,"ppm to jfif",TIER-2,enumerated (heuristic order),,,image,image,same-category,https://cloudconvert.com/image-converter
5636,ppm,nef,"ppm to nef",TIER-2,enumerated (heuristic order),,,image,image,same-category,https://cloudconvert.com/image-converter
5637,ppm,psd,"ppm to psd",TIER-2,enumerated (heuristic order),,,image,image,same-category,https://cloudconvert.com/image-converter
5638,ppm,raw,"ppm to raw",TIER-2,enumerated (heuristic order),,,image,image,same-category,https://cloudconvert.com/image-converter
5639,ppm,tif,"ppm to tif",TIER-2,enumerated (heuristic order),,,image,image,same-category,https://cloudconvert.com/image-converter
5640,ppm,tiff,"ppm to tiff",TIER-2,enumerated (heuristic order),,,image,image,same-category,https://cloudconvert.com/image-converter
5652,ps,arw,"ps to arw",TIER-2,enumerated (heuristic order),,,image,image,same-category,https://cloudconvert.com/image-converter
5653,ps,avif,"ps to avif",TIER-2,enumerated (heuristic order),,,image,image,same-category,https://cloudconvert.com/image-converter
5654,ps,bmp,"ps to bmp",TIER-2,enumerated (heuristic order),,,image,image,same-category,https://cloudconvert.com/image-converter
5655,ps,cr2,"ps to cr2",TIER-2,enumerated (heuristic order),,,image,image,same-category,https://cloudconvert.com/image-converter
5656,ps,dng,"ps to dng",TIER-2,enumerated (heuristic order),,,image,image,same-category,https://cloudconvert.com/image-converter
5657,ps,eps,"ps to eps",TIER-2,enumerated (heuristic order),,,image,image,same-category,https://cloudconvert.com/image-converter
5658,ps,heif,"ps to heif",TIER-2,enumerated (heuristic order),,,image,image,same-category,https://cloudconvert.com/image-converter
5659,ps,ico,"ps to ico",TIER-2,enumerated (heuristic order),,,image,image,same-category,https://cloudconvert.com/image-converter
5660,ps,jfif,"ps to jfif",TIER-2,enumerated (heuristic order),,,image,image,same-category,https://cloudconvert.com/image-converter
5661,ps,nef,"ps to nef",TIER-2,enumerated (heuristic order),,,image,image,same-category,https://cloudconvert.com/image-converter
5662,ps,psd,"ps to psd",TIER-2,enumerated (heuristic order),,,image,image,same-category,https://cloudconvert.com/image-converter
5663,ps,raw,"ps to raw",TIER-2,enumerated (heuristic order),,,image,image,same-category,https://cloudconvert.com/image-converter
5664,ps,tif,"ps to tif",TIER-2,enumerated (heuristic order),,,image,image,same-category,https://cloudconvert.com/image-converter
5665,ps,tiff,"ps to tiff",TIER-2,enumerated (heuristic order),,,image,image,same-category,https://cloudconvert.com/image-converter
5666,psb,arw,"psb to arw",TIER-2,enumerated (heuristic order),,,image,image,same-category,https://cloudconvert.com/image-converter
5667,psb,avif,"psb to avif",TIER-2,enumerated (heuristic order),,,image,image,same-category,https://cloudconvert.com/image-converter
5668,psb,bmp,"psb to bmp",TIER-2,enumerated (heuristic order),,,image,image,same-category,https://cloudconvert.com/image-converter
5669,psb,cr2,"psb to cr2",TIER-2,enumerated (heuristic order),,,image,image,same-category,https://cloudconvert.com/image-converter
5670,psb,dng,"psb to dng",TIER-2,enumerated (heuristic order),,,image,image,same-category,https://cloudconvert.com/image-converter
5671,psb,eps,"psb to eps",TIER-2,enumerated (heuristic order),,,image,image,same-category,https://cloudconvert.com/image-converter
5672,psb,heif,"psb to heif",TIER-2,enumerated (heuristic order),,,image,image,same-category,https://cloudconvert.com/image-converter
5673,psb,ico,"psb to ico",TIER-2,enumerated (heuristic order),,,image,image,same-category,https://cloudconvert.com/image-converter
5674,psb,jfif,"psb to jfif",TIER-2,enumerated (heuristic order),,,image,image,same-category,https://cloudconvert.com/image-converter
5675,psb,nef,"psb to nef",TIER-2,enumerated (heuristic order),,,image,image,same-category,https://cloudconvert.com/image-converter
5676,psb,psd,"psb to psd",TIER-2,enumerated (heuristic order),,,image,image,same-category,https://cloudconvert.com/image-converter
5677,psb,raw,"psb to raw",TIER-2,enumerated (heuristic order),,,image,image,same-category,https://cloudconvert.com/image-converter
5678,psb,tif,"psb to tif",TIER-2,enumerated (heuristic order),,,image,image,same-category,https://cloudconvert.com/image-converter
5679,psb,tiff,"psb to tiff",TIER-2,enumerated (heuristic order),,,image,image,same-category,https://cloudconvert.com/image-converter
5680,pub,arw,"pub to arw",TIER-2,enumerated (heuristic order),,,image,image,same-category,https://cloudconvert.com/image-converter
5681,pub,avif,"pub to avif",TIER-2,enumerated (heuristic order),,,image,image,same-category,https://cloudconvert.com/image-converter
5682,pub,bmp,"pub to bmp",TIER-2,enumerated (heuristic order),,,image,image,same-category,https://cloudconvert.com/image-converter
5683,pub,cr2,"pub to cr2",TIER-2,enumerated (heuristic order),,,image,image,same-category,https://cloudconvert.com/image-converter
5684,pub,dng,"pub to dng",TIER-2,enumerated (heuristic order),,,image,image,same-category,https://cloudconvert.com/image-converter
5685,pub,eps,"pub to eps",TIER-2,enumerated (heuristic order),,,image,image,same-category,https://cloudconvert.com/image-converter
5686,pub,heif,"pub to heif",TIER-2,enumerated (heuristic order),,,image,image,same-category,https://cloudconvert.com/image-converter
5687,pub,ico,"pub to ico",TIER-2,enumerated (heuristic order),,,image,image,same-category,https://cloudconvert.com/image-converter
5688,pub,jfif,"pub to jfif",TIER-2,enumerated (heuristic order),,,image,image,same-category,https://cloudconvert.com/image-converter
5689,pub,nef,"pub to nef",TIER-2,enumerated (heuristic order),,,image,image,same-category,https://cloudconvert.com/image-converter
5690,pub,psd,"pub to psd",TIER-2,enumerated (heuristic order),,,image,image,same-category,https://cloudconvert.com/image-converter
5691,pub,raw,"pub to raw",TIER-2,enumerated (heuristic order),,,image,image,same-category,https://cloudconvert.com/image-converter
5692,pub,tif,"pub to tif",TIER-2,enumerated (heuristic order),,,image,image,same-category,https://cloudconvert.com/image-converter
5693,pub,tiff,"pub to tiff",TIER-2,enumerated (heuristic order),,,image,image,same-category,https://cloudconvert.com/image-converter
5694,raf,arw,"raf to arw",TIER-2,enumerated (heuristic order),,,image,image,same-category,https://cloudconvert.com/image-converter
5695,raf,avif,"raf to avif",TIER-2,enumerated (heuristic order),,,image,image,same-category,https://cloudconvert.com/image-converter
5696,raf,bmp,"raf to bmp",TIER-2,enumerated (heuristic order),,,image,image,same-category,https://cloudconvert.com/image-converter
5697,raf,cr2,"raf to cr2",TIER-2,enumerated (heuristic order),,,image,image,same-category,https://cloudconvert.com/image-converter
5698,raf,dng,"raf to dng",TIER-2,enumerated (heuristic order),,,image,image,same-category,https://cloudconvert.com/image-converter
5699,raf,eps,"raf to eps",TIER-2,enumerated (heuristic order),,,image,image,same-category,https://cloudconvert.com/image-converter
5700,raf,heif,"raf to heif",TIER-2,enumerated (heuristic order),,,image,image,same-category,https://cloudconvert.com/image-converter
5701,raf,ico,"raf to ico",TIER-2,enumerated (heuristic order),,,image,image,same-category,https://cloudconvert.com/image-converter
5702,raf,jfif,"raf to jfif",TIER-2,enumerated (heuristic order),,,image,image,same-category,https://cloudconvert.com/image-converter
5703,raf,nef,"raf to nef",TIER-2,enumerated (heuristic order),,,image,image,same-category,https://cloudconvert.com/image-converter
5704,raf,psd,"raf to psd",TIER-2,enumerated (heuristic order),,,image,image,same-category,https://cloudconvert.com/image-converter
5705,raf,raw,"raf to raw",TIER-2,enumerated (heuristic order),,,image,image,same-category,https://cloudconvert.com/image-converter
5706,raf,tif,"raf to tif",TIER-2,enumerated (heuristic order),,,image,image,same-category,https://cloudconvert.com/image-converter
5707,raf,tiff,"raf to tiff",TIER-2,enumerated (heuristic order),,,image,image,same-category,https://cloudconvert.com/image-converter
5713,rm,3gp,"rm to 3gp",TIER-2,enumerated (heuristic order),,,video,video,same-category,https://cloudconvert.com/mp4-converter
5714,rm,flv,"rm to flv",TIER-2,enumerated (heuristic order),,,video,video,same-category,https://cloudconvert.com/mp4-converter
5715,rm,m4v,"rm to m4v",TIER-2,enumerated (heuristic order),,,video,video,same-category,https://cloudconvert.com/mp4-converter
5716,rm,mpeg,"rm to mpeg",TIER-2,enumerated (heuristic order),,,video,video,same-category,https://cloudconvert.com/mp4-converter
5717,rm,mpg,"rm to mpg",TIER-2,enumerated (heuristic order),,,video,video,same-category,https://cloudconvert.com/mp4-converter
5718,rm,ts,"rm to ts",TIER-2,enumerated (heuristic order),,,video,video,same-category,https://cloudconvert.com/mp4-converter
5719,rm,wmv,"rm to wmv",TIER-2,enumerated (heuristic order),,,video,video,same-category,https://cloudconvert.com/mp4-converter
5720,rmvb,3gp,"rmvb to 3gp",TIER-2,enumerated (heuristic order),,,video,video,same-category,https://cloudconvert.com/mp4-converter
5721,rmvb,flv,"rmvb to flv",TIER-2,enumerated (heuristic order),,,video,video,same-category,https://cloudconvert.com/mp4-converter
5722,rmvb,m4v,"rmvb to m4v",TIER-2,enumerated (heuristic order),,,video,video,same-category,https://cloudconvert.com/mp4-converter
5723,rmvb,mpeg,"rmvb to mpeg",TIER-2,enumerated (heuristic order),,,video,video,same-category,https://cloudconvert.com/mp4-converter
5724,rmvb,mpg,"rmvb to mpg",TIER-2,enumerated (heuristic order),,,video,video,same-category,https://cloudconvert.com/mp4-converter
5725,rmvb,ts,"rmvb to ts",TIER-2,enumerated (heuristic order),,,video,video,same-category,https://cloudconvert.com/mp4-converter
5726,rmvb,wmv,"rmvb to wmv",TIER-2,enumerated (heuristic order),,,video,video,same-category,https://cloudconvert.com/mp4-converter
5731,rw2,arw,"rw2 to arw",TIER-2,enumerated (heuristic order),,,image,image,same-category,https://cloudconvert.com/image-converter
5732,rw2,avif,"rw2 to avif",TIER-2,enumerated (heuristic order),,,image,image,same-category,https://cloudconvert.com/image-converter
5733,rw2,bmp,"rw2 to bmp",TIER-2,enumerated (heuristic order),,,image,image,same-category,https://cloudconvert.com/image-converter
5734,rw2,cr2,"rw2 to cr2",TIER-2,enumerated (heuristic order),,,image,image,same-category,https://cloudconvert.com/image-converter
5735,rw2,dng,"rw2 to dng",TIER-2,enumerated (heuristic order),,,image,image,same-category,https://cloudconvert.com/image-converter
5736,rw2,eps,"rw2 to eps",TIER-2,enumerated (heuristic order),,,image,image,same-category,https://cloudconvert.com/image-converter
5737,rw2,heif,"rw2 to heif",TIER-2,enumerated (heuristic order),,,image,image,same-category,https://cloudconvert.com/image-converter
5738,rw2,ico,"rw2 to ico",TIER-2,enumerated (heuristic order),,,image,image,same-category,https://cloudconvert.com/image-converter
5739,rw2,jfif,"rw2 to jfif",TIER-2,enumerated (heuristic order),,,image,image,same-category,https://cloudconvert.com/image-converter
5740,rw2,nef,"rw2 to nef",TIER-2,enumerated (heuristic order),,,image,image,same-category,https://cloudconvert.com/image-converter
5741,rw2,psd,"rw2 to psd",TIER-2,enumerated (heuristic order),,,image,image,same-category,https://cloudconvert.com/image-converter
5742,rw2,raw,"rw2 to raw",TIER-2,enumerated (heuristic order),,,image,image,same-category,https://cloudconvert.com/image-converter
5743,rw2,tif,"rw2 to tif",TIER-2,enumerated (heuristic order),,,image,image,same-category,https://cloudconvert.com/image-converter
5744,rw2,tiff,"rw2 to tiff",TIER-2,enumerated (heuristic order),,,image,image,same-category,https://cloudconvert.com/image-converter
5754,sf2,aif,"sf2 to aif",TIER-2,enumerated (heuristic order),,,audio,audio,same-category,https://cloudconvert.com/audio-converter
5755,sf2,aiff,"sf2 to aiff",TIER-2,enumerated (heuristic order),,,audio,audio,same-category,https://cloudconvert.com/audio-converter
5756,sf2,oga,"sf2 to oga",TIER-2,enumerated (heuristic order),,,audio,audio,same-category,https://cloudconvert.com/audio-converter
5757,sf2,ogg,"sf2 to ogg",TIER-2,enumerated (heuristic order),,,audio,audio,same-category,https://cloudconvert.com/audio-converter
5758,sf2,opus,"sf2 to opus",TIER-2,enumerated (heuristic order),,,audio,audio,same-category,https://cloudconvert.com/audio-converter
5759,sf2,wma,"sf2 to wma",TIER-2,enumerated (heuristic order),,,audio,audio,same-category,https://cloudconvert.com/audio-converter
5760,sfark,aif,"sfark to aif",TIER-2,enumerated (heuristic order),,,audio,audio,same-category,https://cloudconvert.com/audio-converter
5761,sfark,aiff,"sfark to aiff",TIER-2,enumerated (heuristic order),,,audio,audio,same-category,https://cloudconvert.com/audio-converter
5762,sfark,oga,"sfark to oga",TIER-2,enumerated (heuristic order),,,audio,audio,same-category,https://cloudconvert.com/audio-converter
5763,sfark,ogg,"sfark to ogg",TIER-2,enumerated (heuristic order),,,audio,audio,same-category,https://cloudconvert.com/audio-converter
5764,sfark,opus,"sfark to opus",TIER-2,enumerated (heuristic order),,,audio,audio,same-category,https://cloudconvert.com/audio-converter
5765,sfark,wma,"sfark to wma",TIER-2,enumerated (heuristic order),,,audio,audio,same-category,https://cloudconvert.com/audio-converter
5777,swf,3gp,"swf to 3gp",TIER-2,enumerated (heuristic order),,,video,video,same-category,https://cloudconvert.com/mp4-converter
5778,swf,flv,"swf to flv",TIER-2,enumerated (heuristic order),,,video,video,same-category,https://cloudconvert.com/mp4-converter
5779,swf,m4v,"swf to m4v",TIER-2,enumerated (heuristic order),,,video,video,same-category,https://cloudconvert.com/mp4-converter
5780,swf,mpeg,"swf to mpeg",TIER-2,enumerated (heuristic order),,,video,video,same-category,https://cloudconvert.com/mp4-converter
5781,swf,mpg,"swf to mpg",TIER-2,enumerated (heuristic order),,,video,video,same-category,https://cloudconvert.com/mp4-converter
5782,swf,ts,"swf to ts",TIER-2,enumerated (heuristic order),,,video,video,same-category,https://cloudconvert.com/mp4-converter
5783,swf,wmv,"swf to wmv",TIER-2,enumerated (heuristic order),,,video,video,same-category,https://cloudconvert.com/mp4-converter
5793,tga,arw,"tga to arw",TIER-2,enumerated (heuristic order),,,image,image,same-category,https://cloudconvert.com/image-converter
5794,tga,avif,"tga to avif",TIER-2,enumerated (heuristic order),,,image,image,same-category,https://cloudconvert.com/image-converter
5795,tga,bmp,"tga to bmp",TIER-2,enumerated (heuristic order),,,image,image,same-category,https://cloudconvert.com/image-converter
5796,tga,cr2,"tga to cr2",TIER-2,enumerated (heuristic order),,,image,image,same-category,https://cloudconvert.com/image-converter
5797,tga,dng,"tga to dng",TIER-2,enumerated (heuristic order),,,image,image,same-category,https://cloudconvert.com/image-converter
5798,tga,eps,"tga to eps",TIER-2,enumerated (heuristic order),,,image,image,same-category,https://cloudconvert.com/image-converter
5799,tga,heif,"tga to heif",TIER-2,enumerated (heuristic order),,,image,image,same-category,https://cloudconvert.com/image-converter
5800,tga,ico,"tga to ico",TIER-2,enumerated (heuristic order),,,image,image,same-category,https://cloudconvert.com/image-converter
5801,tga,jfif,"tga to jfif",TIER-2,enumerated (heuristic order),,,image,image,same-category,https://cloudconvert.com/image-converter
5802,tga,nef,"tga to nef",TIER-2,enumerated (heuristic order),,,image,image,same-category,https://cloudconvert.com/image-converter
5803,tga,psd,"tga to psd",TIER-2,enumerated (heuristic order),,,image,image,same-category,https://cloudconvert.com/image-converter
5804,tga,raw,"tga to raw",TIER-2,enumerated (heuristic order),,,image,image,same-category,https://cloudconvert.com/image-converter
5805,tga,tif,"tga to tif",TIER-2,enumerated (heuristic order),,,image,image,same-category,https://cloudconvert.com/image-converter
5806,tga,tiff,"tga to tiff",TIER-2,enumerated (heuristic order),,,image,image,same-category,https://cloudconvert.com/image-converter
5812,vob,3gp,"vob to 3gp",TIER-2,enumerated (heuristic order),,,video,video,same-category,https://cloudconvert.com/mp4-converter
5813,vob,flv,"vob to flv",TIER-2,enumerated (heuristic order),,,video,video,same-category,https://cloudconvert.com/mp4-converter
5814,vob,m4v,"vob to m4v",TIER-2,enumerated (heuristic order),,,video,video,same-category,https://cloudconvert.com/mp4-converter
5815,vob,mpeg,"vob to mpeg",TIER-2,enumerated (heuristic order),,,video,video,same-category,https://cloudconvert.com/mp4-converter
5816,vob,mpg,"vob to mpg",TIER-2,enumerated (heuristic order),,,video,video,same-category,https://cloudconvert.com/mp4-converter
5817,vob,ts,"vob to ts",TIER-2,enumerated (heuristic order),,,video,video,same-category,https://cloudconvert.com/mp4-converter
5818,vob,wmv,"vob to wmv",TIER-2,enumerated (heuristic order),,,video,video,same-category,https://cloudconvert.com/mp4-converter
5819,voc,aif,"voc to aif",TIER-2,enumerated (heuristic order),,,audio,audio,same-category,https://cloudconvert.com/audio-converter
5820,voc,aiff,"voc to aiff",TIER-2,enumerated (heuristic order),,,audio,audio,same-category,https://cloudconvert.com/audio-converter
5821,voc,oga,"voc to oga",TIER-2,enumerated (heuristic order),,,audio,audio,same-category,https://cloudconvert.com/audio-converter
5822,voc,ogg,"voc to ogg",TIER-2,enumerated (heuristic order),,,audio,audio,same-category,https://cloudconvert.com/audio-converter
5823,voc,opus,"voc to opus",TIER-2,enumerated (heuristic order),,,audio,audio,same-category,https://cloudconvert.com/audio-converter
5824,voc,wma,"voc to wma",TIER-2,enumerated (heuristic order),,,audio,audio,same-category,https://cloudconvert.com/audio-converter
5827,weba,aif,"weba to aif",TIER-2,enumerated (heuristic order),,,audio,audio,same-category,https://cloudconvert.com/audio-converter
5828,weba,aiff,"weba to aiff",TIER-2,enumerated (heuristic order),,,audio,audio,same-category,https://cloudconvert.com/audio-converter
5829,weba,oga,"weba to oga",TIER-2,enumerated (heuristic order),,,audio,audio,same-category,https://cloudconvert.com/audio-converter
5830,weba,ogg,"weba to ogg",TIER-2,enumerated (heuristic order),,,audio,audio,same-category,https://cloudconvert.com/audio-converter
5831,weba,opus,"weba to opus",TIER-2,enumerated (heuristic order),,,audio,audio,same-category,https://cloudconvert.com/audio-converter
5832,weba,wma,"weba to wma",TIER-2,enumerated (heuristic order),,,audio,audio,same-category,https://cloudconvert.com/audio-converter
5843,wtv,3gp,"wtv to 3gp",TIER-2,enumerated (heuristic order),,,video,video,same-category,https://cloudconvert.com/mp4-converter
5844,wtv,flv,"wtv to flv",TIER-2,enumerated (heuristic order),,,video,video,same-category,https://cloudconvert.com/mp4-converter
5845,wtv,m4v,"wtv to m4v",TIER-2,enumerated (heuristic order),,,video,video,same-category,https://cloudconvert.com/mp4-converter
5846,wtv,mpeg,"wtv to mpeg",TIER-2,enumerated (heuristic order),,,video,video,same-category,https://cloudconvert.com/mp4-converter
5847,wtv,mpg,"wtv to mpg",TIER-2,enumerated (heuristic order),,,video,video,same-category,https://cloudconvert.com/mp4-converter
5848,wtv,ts,"wtv to ts",TIER-2,enumerated (heuristic order),,,video,video,same-category,https://cloudconvert.com/mp4-converter
5849,wtv,wmv,"wtv to wmv",TIER-2,enumerated (heuristic order),,,video,video,same-category,https://cloudconvert.com/mp4-converter
5850,x3f,arw,"x3f to arw",TIER-2,enumerated (heuristic order),,,image,image,same-category,https://cloudconvert.com/image-converter
5851,x3f,avif,"x3f to avif",TIER-2,enumerated (heuristic order),,,image,image,same-category,https://cloudconvert.com/image-converter
5852,x3f,bmp,"x3f to bmp",TIER-2,enumerated (heuristic order),,,image,image,same-category,https://cloudconvert.com/image-converter
5853,x3f,cr2,"x3f to cr2",TIER-2,enumerated (heuristic order),,,image,image,same-category,https://cloudconvert.com/image-converter
5854,x3f,dng,"x3f to dng",TIER-2,enumerated (heuristic order),,,image,image,same-category,https://cloudconvert.com/image-converter
5855,x3f,eps,"x3f to eps",TIER-2,enumerated (heuristic order),,,image,image,same-category,https://cloudconvert.com/image-converter
5856,x3f,heif,"x3f to heif",TIER-2,enumerated (heuristic order),,,image,image,same-category,https://cloudconvert.com/image-converter
5857,x3f,ico,"x3f to ico",TIER-2,enumerated (heuristic order),,,image,image,same-category,https://cloudconvert.com/image-converter
5858,x3f,jfif,"x3f to jfif",TIER-2,enumerated (heuristic order),,,image,image,same-category,https://cloudconvert.com/image-converter
5859,x3f,nef,"x3f to nef",TIER-2,enumerated (heuristic order),,,image,image,same-category,https://cloudconvert.com/image-converter
5860,x3f,psd,"x3f to psd",TIER-2,enumerated (heuristic order),,,image,image,same-category,https://cloudconvert.com/image-converter
5861,x3f,raw,"x3f to raw",TIER-2,enumerated (heuristic order),,,image,image,same-category,https://cloudconvert.com/image-converter
5862,x3f,tif,"x3f to tif",TIER-2,enumerated (heuristic order),,,image,image,same-category,https://cloudconvert.com/image-converter
5863,x3f,tiff,"x3f to tiff",TIER-2,enumerated (heuristic order),,,image,image,same-category,https://cloudconvert.com/image-converter
5864,xcf,arw,"xcf to arw",TIER-2,enumerated (heuristic order),,,image,image,same-category,https://cloudconvert.com/image-converter
5865,xcf,avif,"xcf to avif",TIER-2,enumerated (heuristic order),,,image,image,same-category,https://cloudconvert.com/image-converter
5866,xcf,bmp,"xcf to bmp",TIER-2,enumerated (heuristic order),,,image,image,same-category,https://cloudconvert.com/image-converter
5867,xcf,cr2,"xcf to cr2",TIER-2,enumerated (heuristic order),,,image,image,same-category,https://cloudconvert.com/image-converter
5868,xcf,dng,"xcf to dng",TIER-2,enumerated (heuristic order),,,image,image,same-category,https://cloudconvert.com/image-converter
5869,xcf,eps,"xcf to eps",TIER-2,enumerated (heuristic order),,,image,image,same-category,https://cloudconvert.com/image-converter
5870,xcf,heif,"xcf to heif",TIER-2,enumerated (heuristic order),,,image,image,same-category,https://cloudconvert.com/image-converter
5871,xcf,ico,"xcf to ico",TIER-2,enumerated (heuristic order),,,image,image,same-category,https://cloudconvert.com/image-converter
5872,xcf,jfif,"xcf to jfif",TIER-2,enumerated (heuristic order),,,image,image,same-category,https://cloudconvert.com/image-converter
5873,xcf,nef,"xcf to nef",TIER-2,enumerated (heuristic order),,,image,image,same-category,https://cloudconvert.com/image-converter
5874,xcf,psd,"xcf to psd",TIER-2,enumerated (heuristic order),,,image,image,same-category,https://cloudconvert.com/image-converter
5875,xcf,raw,"xcf to raw",TIER-2,enumerated (heuristic order),,,image,image,same-category,https://cloudconvert.com/image-converter
5876,xcf,tif,"xcf to tif",TIER-2,enumerated (heuristic order),,,image,image,same-category,https://cloudconvert.com/image-converter
5877,xcf,tiff,"xcf to tiff",TIER-2,enumerated (heuristic order),,,image,image,same-category,https://cloudconvert.com/image-converter
5878,xps,arw,"xps to arw",TIER-2,enumerated (heuristic order),,,image,image,same-category,https://cloudconvert.com/image-converter
5879,xps,avif,"xps to avif",TIER-2,enumerated (heuristic order),,,image,image,same-category,https://cloudconvert.com/image-converter
5880,xps,bmp,"xps to bmp",TIER-2,enumerated (heuristic order),,,image,image,same-category,https://cloudconvert.com/image-converter
5881,xps,cr2,"xps to cr2",TIER-2,enumerated (heuristic order),,,image,image,same-category,https://cloudconvert.com/image-converter
5882,xps,dng,"xps to dng",TIER-2,enumerated (heuristic order),,,image,image,same-category,https://cloudconvert.com/image-converter
5883,xps,eps,"xps to eps",TIER-2,enumerated (heuristic order),,,image,image,same-category,https://cloudconvert.com/image-converter
5884,xps,heif,"xps to heif",TIER-2,enumerated (heuristic order),,,image,image,same-category,https://cloudconvert.com/image-converter
5885,xps,ico,"xps to ico",TIER-2,enumerated (heuristic order),,,image,image,same-category,https://cloudconvert.com/image-converter
5886,xps,jfif,"xps to jfif",TIER-2,enumerated (heuristic order),,,image,image,same-category,https://cloudconvert.com/image-converter
5887,xps,nef,"xps to nef",TIER-2,enumerated (heuristic order),,,image,image,same-category,https://cloudconvert.com/image-converter
5888,xps,psd,"xps to psd",TIER-2,enumerated (heuristic order),,,image,image,same-category,https://cloudconvert.com/image-converter
5889,xps,raw,"xps to raw",TIER-2,enumerated (heuristic order),,,image,image,same-category,https://cloudconvert.com/image-converter
5890,xps,tif,"xps to tif",TIER-2,enumerated (heuristic order),,,image,image,same-category,https://cloudconvert.com/image-converter
5891,xps,tiff,"xps to tiff",TIER-2,enumerated (heuristic order),,,image,image,same-category,https://cloudconvert.com/image-converter
5896,3gp,3g2,"3gp to 3g2",TIER-2,enumerated (heuristic order),,,video,video,same-category,https://cloudconvert.com/mp4-converter
5897,3gp,3gpp,"3gp to 3gpp",TIER-2,enumerated (heuristic order),,,video,video,same-category,https://cloudconvert.com/mp4-converter
5898,3gp,cavs,"3gp to cavs",TIER-2,enumerated (heuristic order),,,video,video,same-category,https://cloudconvert.com/mp4-converter
5899,3gp,dv,"3gp to dv",TIER-2,enumerated (heuristic order),,,video,video,same-category,https://cloudconvert.com/mp4-converter
5900,3gp,dvr,"3gp to dvr",TIER-2,enumerated (heuristic order),,,video,video,same-category,https://cloudconvert.com/mp4-converter
5901,3gp,m2ts,"3gp to m2ts",TIER-2,enumerated (heuristic order),,,video,video,same-category,https://cloudconvert.com/mp4-converter
5902,3gp,mod,"3gp to mod",TIER-2,enumerated (heuristic order),,,video,video,same-category,https://cloudconvert.com/mp4-converter
5903,3gp,mts,"3gp to mts",TIER-2,enumerated (heuristic order),,,video,video,same-category,https://cloudconvert.com/mp4-converter
5904,3gp,mxf,"3gp to mxf",TIER-2,enumerated (heuristic order),,,video,video,same-category,https://cloudconvert.com/mp4-converter
5905,3gp,ogv,"3gp to ogv",TIER-2,enumerated (heuristic order),,,video,video,same-category,https://cloudconvert.com/mp4-converter
5906,3gp,rm,"3gp to rm",TIER-2,enumerated (heuristic order),,,video,video,same-category,https://cloudconvert.com/mp4-converter
5907,3gp,rmvb,"3gp to rmvb",TIER-2,enumerated (heuristic order),,,video,video,same-category,https://cloudconvert.com/mp4-converter
5908,3gp,swf,"3gp to swf",TIER-2,enumerated (heuristic order),,,video,video,same-category,https://cloudconvert.com/mp4-converter
5909,3gp,vob,"3gp to vob",TIER-2,enumerated (heuristic order),,,video,video,same-category,https://cloudconvert.com/mp4-converter
5910,3gp,wtv,"3gp to wtv",TIER-2,enumerated (heuristic order),,,video,video,same-category,https://cloudconvert.com/mp4-converter
5911,aif,ac3,"aif to ac3",TIER-2,enumerated (heuristic order),,,audio,audio,same-category,https://cloudconvert.com/audio-converter
5912,aif,amr,"aif to amr",TIER-2,enumerated (heuristic order),,,audio,audio,same-category,https://cloudconvert.com/audio-converter
5913,aif,au,"aif to au",TIER-2,enumerated (heuristic order),,,audio,audio,same-category,https://cloudconvert.com/audio-converter
5914,aif,caf,"aif to caf",TIER-2,enumerated (heuristic order),,,audio,audio,same-category,https://cloudconvert.com/audio-converter
5915,aif,dss,"aif to dss",TIER-2,enumerated (heuristic order),,,audio,audio,same-category,https://cloudconvert.com/audio-converter
5916,aif,m4b,"aif to m4b",TIER-2,enumerated (heuristic order),,,audio,audio,same-category,https://cloudconvert.com/audio-converter
5917,aif,sf2,"aif to sf2",TIER-2,enumerated (heuristic order),,,audio,audio,same-category,https://cloudconvert.com/audio-converter
5918,aif,sfark,"aif to sfark",TIER-2,enumerated (heuristic order),,,audio,audio,same-category,https://cloudconvert.com/audio-converter
5919,aif,voc,"aif to voc",TIER-2,enumerated (heuristic order),,,audio,audio,same-category,https://cloudconvert.com/audio-converter
5920,aif,weba,"aif to weba",TIER-2,enumerated (heuristic order),,,audio,audio,same-category,https://cloudconvert.com/audio-converter
5921,aiff,ac3,"aiff to ac3",TIER-2,enumerated (heuristic order),,,audio,audio,same-category,https://cloudconvert.com/audio-converter
5922,aiff,amr,"aiff to amr",TIER-2,enumerated (heuristic order),,,audio,audio,same-category,https://cloudconvert.com/audio-converter
5923,aiff,au,"aiff to au",TIER-2,enumerated (heuristic order),,,audio,audio,same-category,https://cloudconvert.com/audio-converter
5924,aiff,caf,"aiff to caf",TIER-2,enumerated (heuristic order),,,audio,audio,same-category,https://cloudconvert.com/audio-converter
5925,aiff,dss,"aiff to dss",TIER-2,enumerated (heuristic order),,,audio,audio,same-category,https://cloudconvert.com/audio-converter
5926,aiff,m4b,"aiff to m4b",TIER-2,enumerated (heuristic order),,,audio,audio,same-category,https://cloudconvert.com/audio-converter
5927,aiff,sf2,"aiff to sf2",TIER-2,enumerated (heuristic order),,,audio,audio,same-category,https://cloudconvert.com/audio-converter
5928,aiff,sfark,"aiff to sfark",TIER-2,enumerated (heuristic order),,,audio,audio,same-category,https://cloudconvert.com/audio-converter
5929,aiff,voc,"aiff to voc",TIER-2,enumerated (heuristic order),,,audio,audio,same-category,https://cloudconvert.com/audio-converter
5930,aiff,weba,"aiff to weba",TIER-2,enumerated (heuristic order),,,audio,audio,same-category,https://cloudconvert.com/audio-converter
5931,arw,3fr,"arw to 3fr",TIER-2,enumerated (heuristic order),,,image,image,same-category,https://cloudconvert.com/image-converter
5932,arw,cr3,"arw to cr3",TIER-2,enumerated (heuristic order),,,image,image,same-category,https://cloudconvert.com/image-converter
5933,arw,crw,"arw to crw",TIER-2,enumerated (heuristic order),,,image,image,same-category,https://cloudconvert.com/image-converter
5934,arw,dcr,"arw to dcr",TIER-2,enumerated (heuristic order),,,image,image,same-category,https://cloudconvert.com/image-converter
5935,arw,erf,"arw to erf",TIER-2,enumerated (heuristic order),,,image,image,same-category,https://cloudconvert.com/image-converter
5936,arw,icns,"arw to icns",TIER-2,enumerated (heuristic order),,,image,image,same-category,https://cloudconvert.com/image-converter
5937,arw,mos,"arw to mos",TIER-2,enumerated (heuristic order),,,image,image,same-category,https://cloudconvert.com/image-converter
5938,arw,mrw,"arw to mrw",TIER-2,enumerated (heuristic order),,,image,image,same-category,https://cloudconvert.com/image-converter
5939,arw,odd,"arw to odd",TIER-2,enumerated (heuristic order),,,image,image,same-category,https://cloudconvert.com/image-converter
5940,arw,odg,"arw to odg",TIER-2,enumerated (heuristic order),,,image,image,same-category,https://cloudconvert.com/image-converter
5941,arw,orf,"arw to orf",TIER-2,enumerated (heuristic order),,,image,image,same-category,https://cloudconvert.com/image-converter
5942,arw,pef,"arw to pef",TIER-2,enumerated (heuristic order),,,image,image,same-category,https://cloudconvert.com/image-converter
5943,arw,ppm,"arw to ppm",TIER-2,enumerated (heuristic order),,,image,image,same-category,https://cloudconvert.com/image-converter
5944,arw,ps,"arw to ps",TIER-2,enumerated (heuristic order),,,image,image,same-category,https://cloudconvert.com/image-converter
5945,arw,psb,"arw to psb",TIER-2,enumerated (heuristic order),,,image,image,same-category,https://cloudconvert.com/image-converter
5946,arw,pub,"arw to pub",TIER-2,enumerated (heuristic order),,,image,image,same-category,https://cloudconvert.com/image-converter
5947,arw,raf,"arw to raf",TIER-2,enumerated (heuristic order),,,image,image,same-category,https://cloudconvert.com/image-converter
5948,arw,rw2,"arw to rw2",TIER-2,enumerated (heuristic order),,,image,image,same-category,https://cloudconvert.com/image-converter
5949,arw,tga,"arw to tga",TIER-2,enumerated (heuristic order),,,image,image,same-category,https://cloudconvert.com/image-converter
5950,arw,x3f,"arw to x3f",TIER-2,enumerated (heuristic order),,,image,image,same-category,https://cloudconvert.com/image-converter
5951,arw,xcf,"arw to xcf",TIER-2,enumerated (heuristic order),,,image,image,same-category,https://cloudconvert.com/image-converter
5952,arw,xps,"arw to xps",TIER-2,enumerated (heuristic order),,,image,image,same-category,https://cloudconvert.com/image-converter
5953,avif,3fr,"avif to 3fr",TIER-2,enumerated (heuristic order),,,image,image,same-category,https://cloudconvert.com/image-converter
5954,avif,cr3,"avif to cr3",TIER-2,enumerated (heuristic order),,,image,image,same-category,https://cloudconvert.com/image-converter
5955,avif,crw,"avif to crw",TIER-2,enumerated (heuristic order),,,image,image,same-category,https://cloudconvert.com/image-converter
5956,avif,dcr,"avif to dcr",TIER-2,enumerated (heuristic order),,,image,image,same-category,https://cloudconvert.com/image-converter
5957,avif,erf,"avif to erf",TIER-2,enumerated (heuristic order),,,image,image,same-category,https://cloudconvert.com/image-converter
5958,avif,icns,"avif to icns",TIER-2,enumerated (heuristic order),,,image,image,same-category,https://cloudconvert.com/image-converter
5959,avif,mos,"avif to mos",TIER-2,enumerated (heuristic order),,,image,image,same-category,https://cloudconvert.com/image-converter
5960,avif,mrw,"avif to mrw",TIER-2,enumerated (heuristic order),,,image,image,same-category,https://cloudconvert.com/image-converter
5961,avif,odd,"avif to odd",TIER-2,enumerated (heuristic order),,,image,image,same-category,https://cloudconvert.com/image-converter
5962,avif,odg,"avif to odg",TIER-2,enumerated (heuristic order),,,image,image,same-category,https://cloudconvert.com/image-converter
5963,avif,orf,"avif to orf",TIER-2,enumerated (heuristic order),,,image,image,same-category,https://cloudconvert.com/image-converter
5964,avif,pef,"avif to pef",TIER-2,enumerated (heuristic order),,,image,image,same-category,https://cloudconvert.com/image-converter
5965,avif,ppm,"avif to ppm",TIER-2,enumerated (heuristic order),,,image,image,same-category,https://cloudconvert.com/image-converter
5966,avif,ps,"avif to ps",TIER-2,enumerated (heuristic order),,,image,image,same-category,https://cloudconvert.com/image-converter
5967,avif,psb,"avif to psb",TIER-2,enumerated (heuristic order),,,image,image,same-category,https://cloudconvert.com/image-converter
5968,avif,pub,"avif to pub",TIER-2,enumerated (heuristic order),,,image,image,same-category,https://cloudconvert.com/image-converter
5969,avif,raf,"avif to raf",TIER-2,enumerated (heuristic order),,,image,image,same-category,https://cloudconvert.com/image-converter
5970,avif,rw2,"avif to rw2",TIER-2,enumerated (heuristic order),,,image,image,same-category,https://cloudconvert.com/image-converter
5971,avif,tga,"avif to tga",TIER-2,enumerated (heuristic order),,,image,image,same-category,https://cloudconvert.com/image-converter
5972,avif,x3f,"avif to x3f",TIER-2,enumerated (heuristic order),,,image,image,same-category,https://cloudconvert.com/image-converter
5973,avif,xcf,"avif to xcf",TIER-2,enumerated (heuristic order),,,image,image,same-category,https://cloudconvert.com/image-converter
5974,avif,xps,"avif to xps",TIER-2,enumerated (heuristic order),,,image,image,same-category,https://cloudconvert.com/image-converter
6003,bmp,3fr,"bmp to 3fr",TIER-2,enumerated (heuristic order),,,image,image,same-category,https://cloudconvert.com/image-converter
6004,bmp,cr3,"bmp to cr3",TIER-2,enumerated (heuristic order),,,image,image,same-category,https://cloudconvert.com/image-converter
6005,bmp,crw,"bmp to crw",TIER-2,enumerated (heuristic order),,,image,image,same-category,https://cloudconvert.com/image-converter
6006,bmp,dcr,"bmp to dcr",TIER-2,enumerated (heuristic order),,,image,image,same-category,https://cloudconvert.com/image-converter
6007,bmp,erf,"bmp to erf",TIER-2,enumerated (heuristic order),,,image,image,same-category,https://cloudconvert.com/image-converter
6008,bmp,icns,"bmp to icns",TIER-2,enumerated (heuristic order),,,image,image,same-category,https://cloudconvert.com/image-converter
6009,bmp,mos,"bmp to mos",TIER-2,enumerated (heuristic order),,,image,image,same-category,https://cloudconvert.com/image-converter
6010,bmp,mrw,"bmp to mrw",TIER-2,enumerated (heuristic order),,,image,image,same-category,https://cloudconvert.com/image-converter
6011,bmp,odd,"bmp to odd",TIER-2,enumerated (heuristic order),,,image,image,same-category,https://cloudconvert.com/image-converter
6012,bmp,odg,"bmp to odg",TIER-2,enumerated (heuristic order),,,image,image,same-category,https://cloudconvert.com/image-converter
6013,bmp,orf,"bmp to orf",TIER-2,enumerated (heuristic order),,,image,image,same-category,https://cloudconvert.com/image-converter
6014,bmp,pef,"bmp to pef",TIER-2,enumerated (heuristic order),,,image,image,same-category,https://cloudconvert.com/image-converter
6015,bmp,ppm,"bmp to ppm",TIER-2,enumerated (heuristic order),,,image,image,same-category,https://cloudconvert.com/image-converter
6016,bmp,ps,"bmp to ps",TIER-2,enumerated (heuristic order),,,image,image,same-category,https://cloudconvert.com/image-converter
6017,bmp,psb,"bmp to psb",TIER-2,enumerated (heuristic order),,,image,image,same-category,https://cloudconvert.com/image-converter
6018,bmp,pub,"bmp to pub",TIER-2,enumerated (heuristic order),,,image,image,same-category,https://cloudconvert.com/image-converter
6019,bmp,raf,"bmp to raf",TIER-2,enumerated (heuristic order),,,image,image,same-category,https://cloudconvert.com/image-converter
6020,bmp,rw2,"bmp to rw2",TIER-2,enumerated (heuristic order),,,image,image,same-category,https://cloudconvert.com/image-converter
6021,bmp,tga,"bmp to tga",TIER-2,enumerated (heuristic order),,,image,image,same-category,https://cloudconvert.com/image-converter
6022,bmp,x3f,"bmp to x3f",TIER-2,enumerated (heuristic order),,,image,image,same-category,https://cloudconvert.com/image-converter
6023,bmp,xcf,"bmp to xcf",TIER-2,enumerated (heuristic order),,,image,image,same-category,https://cloudconvert.com/image-converter
6024,bmp,xps,"bmp to xps",TIER-2,enumerated (heuristic order),,,image,image,same-category,https://cloudconvert.com/image-converter
6060,cr2,3fr,"cr2 to 3fr",TIER-2,enumerated (heuristic order),,,image,image,same-category,https://cloudconvert.com/image-converter
6061,cr2,cr3,"cr2 to cr3",TIER-2,enumerated (heuristic order),,,image,image,same-category,https://cloudconvert.com/image-converter
6062,cr2,crw,"cr2 to crw",TIER-2,enumerated (heuristic order),,,image,image,same-category,https://cloudconvert.com/image-converter
6063,cr2,dcr,"cr2 to dcr",TIER-2,enumerated (heuristic order),,,image,image,same-category,https://cloudconvert.com/image-converter
6064,cr2,erf,"cr2 to erf",TIER-2,enumerated (heuristic order),,,image,image,same-category,https://cloudconvert.com/image-converter
6065,cr2,icns,"cr2 to icns",TIER-2,enumerated (heuristic order),,,image,image,same-category,https://cloudconvert.com/image-converter
6066,cr2,mos,"cr2 to mos",TIER-2,enumerated (heuristic order),,,image,image,same-category,https://cloudconvert.com/image-converter
6067,cr2,mrw,"cr2 to mrw",TIER-2,enumerated (heuristic order),,,image,image,same-category,https://cloudconvert.com/image-converter
6068,cr2,odd,"cr2 to odd",TIER-2,enumerated (heuristic order),,,image,image,same-category,https://cloudconvert.com/image-converter
6069,cr2,odg,"cr2 to odg",TIER-2,enumerated (heuristic order),,,image,image,same-category,https://cloudconvert.com/image-converter
6070,cr2,orf,"cr2 to orf",TIER-2,enumerated (heuristic order),,,image,image,same-category,https://cloudconvert.com/image-converter
6071,cr2,pef,"cr2 to pef",TIER-2,enumerated (heuristic order),,,image,image,same-category,https://cloudconvert.com/image-converter
6072,cr2,ppm,"cr2 to ppm",TIER-2,enumerated (heuristic order),,,image,image,same-category,https://cloudconvert.com/image-converter
6073,cr2,ps,"cr2 to ps",TIER-2,enumerated (heuristic order),,,image,image,same-category,https://cloudconvert.com/image-converter
6074,cr2,psb,"cr2 to psb",TIER-2,enumerated (heuristic order),,,image,image,same-category,https://cloudconvert.com/image-converter
6075,cr2,pub,"cr2 to pub",TIER-2,enumerated (heuristic order),,,image,image,same-category,https://cloudconvert.com/image-converter
6076,cr2,raf,"cr2 to raf",TIER-2,enumerated (heuristic order),,,image,image,same-category,https://cloudconvert.com/image-converter
6077,cr2,rw2,"cr2 to rw2",TIER-2,enumerated (heuristic order),,,image,image,same-category,https://cloudconvert.com/image-converter
6078,cr2,tga,"cr2 to tga",TIER-2,enumerated (heuristic order),,,image,image,same-category,https://cloudconvert.com/image-converter
6079,cr2,x3f,"cr2 to x3f",TIER-2,enumerated (heuristic order),,,image,image,same-category,https://cloudconvert.com/image-converter
6080,cr2,xcf,"cr2 to xcf",TIER-2,enumerated (heuristic order),,,image,image,same-category,https://cloudconvert.com/image-converter
6081,cr2,xps,"cr2 to xps",TIER-2,enumerated (heuristic order),,,image,image,same-category,https://cloudconvert.com/image-converter
6082,dng,3fr,"dng to 3fr",TIER-2,enumerated (heuristic order),,,image,image,same-category,https://cloudconvert.com/image-converter
6083,dng,cr3,"dng to cr3",TIER-2,enumerated (heuristic order),,,image,image,same-category,https://cloudconvert.com/image-converter
6084,dng,crw,"dng to crw",TIER-2,enumerated (heuristic order),,,image,image,same-category,https://cloudconvert.com/image-converter
6085,dng,dcr,"dng to dcr",TIER-2,enumerated (heuristic order),,,image,image,same-category,https://cloudconvert.com/image-converter
6086,dng,erf,"dng to erf",TIER-2,enumerated (heuristic order),,,image,image,same-category,https://cloudconvert.com/image-converter
6087,dng,icns,"dng to icns",TIER-2,enumerated (heuristic order),,,image,image,same-category,https://cloudconvert.com/image-converter
6088,dng,mos,"dng to mos",TIER-2,enumerated (heuristic order),,,image,image,same-category,https://cloudconvert.com/image-converter
6089,dng,mrw,"dng to mrw",TIER-2,enumerated (heuristic order),,,image,image,same-category,https://cloudconvert.com/image-converter
6090,dng,odd,"dng to odd",TIER-2,enumerated (heuristic order),,,image,image,same-category,https://cloudconvert.com/image-converter
6091,dng,odg,"dng to odg",TIER-2,enumerated (heuristic order),,,image,image,same-category,https://cloudconvert.com/image-converter
6092,dng,orf,"dng to orf",TIER-2,enumerated (heuristic order),,,image,image,same-category,https://cloudconvert.com/image-converter
6093,dng,pef,"dng to pef",TIER-2,enumerated (heuristic order),,,image,image,same-category,https://cloudconvert.com/image-converter
6094,dng,ppm,"dng to ppm",TIER-2,enumerated (heuristic order),,,image,image,same-category,https://cloudconvert.com/image-converter
6095,dng,ps,"dng to ps",TIER-2,enumerated (heuristic order),,,image,image,same-category,https://cloudconvert.com/image-converter
6096,dng,psb,"dng to psb",TIER-2,enumerated (heuristic order),,,image,image,same-category,https://cloudconvert.com/image-converter
6097,dng,pub,"dng to pub",TIER-2,enumerated (heuristic order),,,image,image,same-category,https://cloudconvert.com/image-converter
6098,dng,raf,"dng to raf",TIER-2,enumerated (heuristic order),,,image,image,same-category,https://cloudconvert.com/image-converter
6099,dng,rw2,"dng to rw2",TIER-2,enumerated (heuristic order),,,image,image,same-category,https://cloudconvert.com/image-converter
6100,dng,tga,"dng to tga",TIER-2,enumerated (heuristic order),,,image,image,same-category,https://cloudconvert.com/image-converter
6101,dng,x3f,"dng to x3f",TIER-2,enumerated (heuristic order),,,image,image,same-category,https://cloudconvert.com/image-converter
6102,dng,xcf,"dng to xcf",TIER-2,enumerated (heuristic order),,,image,image,same-category,https://cloudconvert.com/image-converter
6103,dng,xps,"dng to xps",TIER-2,enumerated (heuristic order),,,image,image,same-category,https://cloudconvert.com/image-converter
6111,eps,3fr,"eps to 3fr",TIER-2,enumerated (heuristic order),,,image,image,same-category,https://cloudconvert.com/image-converter
6112,eps,cr3,"eps to cr3",TIER-2,enumerated (heuristic order),,,image,image,same-category,https://cloudconvert.com/image-converter
6113,eps,crw,"eps to crw",TIER-2,enumerated (heuristic order),,,image,image,same-category,https://cloudconvert.com/image-converter
6114,eps,dcr,"eps to dcr",TIER-2,enumerated (heuristic order),,,image,image,same-category,https://cloudconvert.com/image-converter
6115,eps,erf,"eps to erf",TIER-2,enumerated (heuristic order),,,image,image,same-category,https://cloudconvert.com/image-converter
6116,eps,icns,"eps to icns",TIER-2,enumerated (heuristic order),,,image,image,same-category,https://cloudconvert.com/image-converter
6117,eps,mos,"eps to mos",TIER-2,enumerated (heuristic order),,,image,image,same-category,https://cloudconvert.com/image-converter
6118,eps,mrw,"eps to mrw",TIER-2,enumerated (heuristic order),,,image,image,same-category,https://cloudconvert.com/image-converter
6119,eps,odd,"eps to odd",TIER-2,enumerated (heuristic order),,,image,image,same-category,https://cloudconvert.com/image-converter
6120,eps,odg,"eps to odg",TIER-2,enumerated (heuristic order),,,image,image,same-category,https://cloudconvert.com/image-converter
6121,eps,orf,"eps to orf",TIER-2,enumerated (heuristic order),,,image,image,same-category,https://cloudconvert.com/image-converter
6122,eps,pef,"eps to pef",TIER-2,enumerated (heuristic order),,,image,image,same-category,https://cloudconvert.com/image-converter
6123,eps,ppm,"eps to ppm",TIER-2,enumerated (heuristic order),,,image,image,same-category,https://cloudconvert.com/image-converter
6124,eps,ps,"eps to ps",TIER-2,enumerated (heuristic order),,,image,image,same-category,https://cloudconvert.com/image-converter
6125,eps,psb,"eps to psb",TIER-2,enumerated (heuristic order),,,image,image,same-category,https://cloudconvert.com/image-converter
6126,eps,pub,"eps to pub",TIER-2,enumerated (heuristic order),,,image,image,same-category,https://cloudconvert.com/image-converter
6127,eps,raf,"eps to raf",TIER-2,enumerated (heuristic order),,,image,image,same-category,https://cloudconvert.com/image-converter
6128,eps,rw2,"eps to rw2",TIER-2,enumerated (heuristic order),,,image,image,same-category,https://cloudconvert.com/image-converter
6129,eps,tga,"eps to tga",TIER-2,enumerated (heuristic order),,,image,image,same-category,https://cloudconvert.com/image-converter
6130,eps,x3f,"eps to x3f",TIER-2,enumerated (heuristic order),,,image,image,same-category,https://cloudconvert.com/image-converter
6131,eps,xcf,"eps to xcf",TIER-2,enumerated (heuristic order),,,image,image,same-category,https://cloudconvert.com/image-converter
6132,eps,xps,"eps to xps",TIER-2,enumerated (heuristic order),,,image,image,same-category,https://cloudconvert.com/image-converter
6147,flv,3g2,"flv to 3g2",TIER-2,enumerated (heuristic order),,,video,video,same-category,https://cloudconvert.com/mp4-converter
6148,flv,3gpp,"flv to 3gpp",TIER-2,enumerated (heuristic order),,,video,video,same-category,https://cloudconvert.com/mp4-converter
6149,flv,cavs,"flv to cavs",TIER-2,enumerated (heuristic order),,,video,video,same-category,https://cloudconvert.com/mp4-converter
6150,flv,dv,"flv to dv",TIER-2,enumerated (heuristic order),,,video,video,same-category,https://cloudconvert.com/mp4-converter
6151,flv,dvr,"flv to dvr",TIER-2,enumerated (heuristic order),,,video,video,same-category,https://cloudconvert.com/mp4-converter
6152,flv,m2ts,"flv to m2ts",TIER-2,enumerated (heuristic order),,,video,video,same-category,https://cloudconvert.com/mp4-converter
6153,flv,mod,"flv to mod",TIER-2,enumerated (heuristic order),,,video,video,same-category,https://cloudconvert.com/mp4-converter
6154,flv,mts,"flv to mts",TIER-2,enumerated (heuristic order),,,video,video,same-category,https://cloudconvert.com/mp4-converter
6155,flv,mxf,"flv to mxf",TIER-2,enumerated (heuristic order),,,video,video,same-category,https://cloudconvert.com/mp4-converter
6156,flv,ogv,"flv to ogv",TIER-2,enumerated (heuristic order),,,video,video,same-category,https://cloudconvert.com/mp4-converter
6157,flv,rm,"flv to rm",TIER-2,enumerated (heuristic order),,,video,video,same-category,https://cloudconvert.com/mp4-converter
6158,flv,rmvb,"flv to rmvb",TIER-2,enumerated (heuristic order),,,video,video,same-category,https://cloudconvert.com/mp4-converter
6159,flv,swf,"flv to swf",TIER-2,enumerated (heuristic order),,,video,video,same-category,https://cloudconvert.com/mp4-converter
6160,flv,vob,"flv to vob",TIER-2,enumerated (heuristic order),,,video,video,same-category,https://cloudconvert.com/mp4-converter
6161,flv,wtv,"flv to wtv",TIER-2,enumerated (heuristic order),,,video,video,same-category,https://cloudconvert.com/mp4-converter
6162,heif,3fr,"heif to 3fr",TIER-2,enumerated (heuristic order),,,image,image,same-category,https://cloudconvert.com/image-converter
6163,heif,cr3,"heif to cr3",TIER-2,enumerated (heuristic order),,,image,image,same-category,https://cloudconvert.com/image-converter
6164,heif,crw,"heif to crw",TIER-2,enumerated (heuristic order),,,image,image,same-category,https://cloudconvert.com/image-converter
6165,heif,dcr,"heif to dcr",TIER-2,enumerated (heuristic order),,,image,image,same-category,https://cloudconvert.com/image-converter
6166,heif,erf,"heif to erf",TIER-2,enumerated (heuristic order),,,image,image,same-category,https://cloudconvert.com/image-converter
6167,heif,icns,"heif to icns",TIER-2,enumerated (heuristic order),,,image,image,same-category,https://cloudconvert.com/image-converter
6168,heif,mos,"heif to mos",TIER-2,enumerated (heuristic order),,,image,image,same-category,https://cloudconvert.com/image-converter
6169,heif,mrw,"heif to mrw",TIER-2,enumerated (heuristic order),,,image,image,same-category,https://cloudconvert.com/image-converter
6170,heif,odd,"heif to odd",TIER-2,enumerated (heuristic order),,,image,image,same-category,https://cloudconvert.com/image-converter
6171,heif,odg,"heif to odg",TIER-2,enumerated (heuristic order),,,image,image,same-category,https://cloudconvert.com/image-converter
6172,heif,orf,"heif to orf",TIER-2,enumerated (heuristic order),,,image,image,same-category,https://cloudconvert.com/image-converter
6173,heif,pef,"heif to pef",TIER-2,enumerated (heuristic order),,,image,image,same-category,https://cloudconvert.com/image-converter
6174,heif,ppm,"heif to ppm",TIER-2,enumerated (heuristic order),,,image,image,same-category,https://cloudconvert.com/image-converter
6175,heif,ps,"heif to ps",TIER-2,enumerated (heuristic order),,,image,image,same-category,https://cloudconvert.com/image-converter
6176,heif,psb,"heif to psb",TIER-2,enumerated (heuristic order),,,image,image,same-category,https://cloudconvert.com/image-converter
6177,heif,pub,"heif to pub",TIER-2,enumerated (heuristic order),,,image,image,same-category,https://cloudconvert.com/image-converter
6178,heif,raf,"heif to raf",TIER-2,enumerated (heuristic order),,,image,image,same-category,https://cloudconvert.com/image-converter
6179,heif,rw2,"heif to rw2",TIER-2,enumerated (heuristic order),,,image,image,same-category,https://cloudconvert.com/image-converter
6180,heif,tga,"heif to tga",TIER-2,enumerated (heuristic order),,,image,image,same-category,https://cloudconvert.com/image-converter
6181,heif,x3f,"heif to x3f",TIER-2,enumerated (heuristic order),,,image,image,same-category,https://cloudconvert.com/image-converter
6182,heif,xcf,"heif to xcf",TIER-2,enumerated (heuristic order),,,image,image,same-category,https://cloudconvert.com/image-converter
6183,heif,xps,"heif to xps",TIER-2,enumerated (heuristic order),,,image,image,same-category,https://cloudconvert.com/image-converter
6184,ico,3fr,"ico to 3fr",TIER-2,enumerated (heuristic order),,,image,image,same-category,https://cloudconvert.com/image-converter
6185,ico,cr3,"ico to cr3",TIER-2,enumerated (heuristic order),,,image,image,same-category,https://cloudconvert.com/image-converter
6186,ico,crw,"ico to crw",TIER-2,enumerated (heuristic order),,,image,image,same-category,https://cloudconvert.com/image-converter
6187,ico,dcr,"ico to dcr",TIER-2,enumerated (heuristic order),,,image,image,same-category,https://cloudconvert.com/image-converter
6188,ico,erf,"ico to erf",TIER-2,enumerated (heuristic order),,,image,image,same-category,https://cloudconvert.com/image-converter
6189,ico,icns,"ico to icns",TIER-2,enumerated (heuristic order),,,image,image,same-category,https://cloudconvert.com/image-converter
6190,ico,mos,"ico to mos",TIER-2,enumerated (heuristic order),,,image,image,same-category,https://cloudconvert.com/image-converter
6191,ico,mrw,"ico to mrw",TIER-2,enumerated (heuristic order),,,image,image,same-category,https://cloudconvert.com/image-converter
6192,ico,odd,"ico to odd",TIER-2,enumerated (heuristic order),,,image,image,same-category,https://cloudconvert.com/image-converter
6193,ico,odg,"ico to odg",TIER-2,enumerated (heuristic order),,,image,image,same-category,https://cloudconvert.com/image-converter
6194,ico,orf,"ico to orf",TIER-2,enumerated (heuristic order),,,image,image,same-category,https://cloudconvert.com/image-converter
6195,ico,pef,"ico to pef",TIER-2,enumerated (heuristic order),,,image,image,same-category,https://cloudconvert.com/image-converter
6196,ico,ppm,"ico to ppm",TIER-2,enumerated (heuristic order),,,image,image,same-category,https://cloudconvert.com/image-converter
6197,ico,ps,"ico to ps",TIER-2,enumerated (heuristic order),,,image,image,same-category,https://cloudconvert.com/image-converter
6198,ico,psb,"ico to psb",TIER-2,enumerated (heuristic order),,,image,image,same-category,https://cloudconvert.com/image-converter
6199,ico,pub,"ico to pub",TIER-2,enumerated (heuristic order),,,image,image,same-category,https://cloudconvert.com/image-converter
6200,ico,raf,"ico to raf",TIER-2,enumerated (heuristic order),,,image,image,same-category,https://cloudconvert.com/image-converter
6201,ico,rw2,"ico to rw2",TIER-2,enumerated (heuristic order),,,image,image,same-category,https://cloudconvert.com/image-converter
6202,ico,tga,"ico to tga",TIER-2,enumerated (heuristic order),,,image,image,same-category,https://cloudconvert.com/image-converter
6203,ico,x3f,"ico to x3f",TIER-2,enumerated (heuristic order),,,image,image,same-category,https://cloudconvert.com/image-converter
6204,ico,xcf,"ico to xcf",TIER-2,enumerated (heuristic order),,,image,image,same-category,https://cloudconvert.com/image-converter
6205,ico,xps,"ico to xps",TIER-2,enumerated (heuristic order),,,image,image,same-category,https://cloudconvert.com/image-converter
6206,jfif,3fr,"jfif to 3fr",TIER-2,enumerated (heuristic order),,,image,image,same-category,https://cloudconvert.com/image-converter
6207,jfif,cr3,"jfif to cr3",TIER-2,enumerated (heuristic order),,,image,image,same-category,https://cloudconvert.com/image-converter
6208,jfif,crw,"jfif to crw",TIER-2,enumerated (heuristic order),,,image,image,same-category,https://cloudconvert.com/image-converter
6209,jfif,dcr,"jfif to dcr",TIER-2,enumerated (heuristic order),,,image,image,same-category,https://cloudconvert.com/image-converter
6210,jfif,erf,"jfif to erf",TIER-2,enumerated (heuristic order),,,image,image,same-category,https://cloudconvert.com/image-converter
6211,jfif,icns,"jfif to icns",TIER-2,enumerated (heuristic order),,,image,image,same-category,https://cloudconvert.com/image-converter
6212,jfif,mos,"jfif to mos",TIER-2,enumerated (heuristic order),,,image,image,same-category,https://cloudconvert.com/image-converter
6213,jfif,mrw,"jfif to mrw",TIER-2,enumerated (heuristic order),,,image,image,same-category,https://cloudconvert.com/image-converter
6214,jfif,odd,"jfif to odd",TIER-2,enumerated (heuristic order),,,image,image,same-category,https://cloudconvert.com/image-converter
6215,jfif,odg,"jfif to odg",TIER-2,enumerated (heuristic order),,,image,image,same-category,https://cloudconvert.com/image-converter
6216,jfif,orf,"jfif to orf",TIER-2,enumerated (heuristic order),,,image,image,same-category,https://cloudconvert.com/image-converter
6217,jfif,pef,"jfif to pef",TIER-2,enumerated (heuristic order),,,image,image,same-category,https://cloudconvert.com/image-converter
6218,jfif,ppm,"jfif to ppm",TIER-2,enumerated (heuristic order),,,image,image,same-category,https://cloudconvert.com/image-converter
6219,jfif,ps,"jfif to ps",TIER-2,enumerated (heuristic order),,,image,image,same-category,https://cloudconvert.com/image-converter
6220,jfif,psb,"jfif to psb",TIER-2,enumerated (heuristic order),,,image,image,same-category,https://cloudconvert.com/image-converter
6221,jfif,pub,"jfif to pub",TIER-2,enumerated (heuristic order),,,image,image,same-category,https://cloudconvert.com/image-converter
6222,jfif,raf,"jfif to raf",TIER-2,enumerated (heuristic order),,,image,image,same-category,https://cloudconvert.com/image-converter
6223,jfif,rw2,"jfif to rw2",TIER-2,enumerated (heuristic order),,,image,image,same-category,https://cloudconvert.com/image-converter
6224,jfif,tga,"jfif to tga",TIER-2,enumerated (heuristic order),,,image,image,same-category,https://cloudconvert.com/image-converter
6225,jfif,x3f,"jfif to x3f",TIER-2,enumerated (heuristic order),,,image,image,same-category,https://cloudconvert.com/image-converter
6226,jfif,xcf,"jfif to xcf",TIER-2,enumerated (heuristic order),,,image,image,same-category,https://cloudconvert.com/image-converter
6227,jfif,xps,"jfif to xps",TIER-2,enumerated (heuristic order),,,image,image,same-category,https://cloudconvert.com/image-converter
6235,m4v,3g2,"m4v to 3g2",TIER-2,enumerated (heuristic order),,,video,video,same-category,https://cloudconvert.com/mp4-converter
6236,m4v,3gpp,"m4v to 3gpp",TIER-2,enumerated (heuristic order),,,video,video,same-category,https://cloudconvert.com/mp4-converter
6237,m4v,cavs,"m4v to cavs",TIER-2,enumerated (heuristic order),,,video,video,same-category,https://cloudconvert.com/mp4-converter
6238,m4v,dv,"m4v to dv",TIER-2,enumerated (heuristic order),,,video,video,same-category,https://cloudconvert.com/mp4-converter
6239,m4v,dvr,"m4v to dvr",TIER-2,enumerated (heuristic order),,,video,video,same-category,https://cloudconvert.com/mp4-converter
6240,m4v,m2ts,"m4v to m2ts",TIER-2,enumerated (heuristic order),,,video,video,same-category,https://cloudconvert.com/mp4-converter
6241,m4v,mod,"m4v to mod",TIER-2,enumerated (heuristic order),,,video,video,same-category,https://cloudconvert.com/mp4-converter
6242,m4v,mts,"m4v to mts",TIER-2,enumerated (heuristic order),,,video,video,same-category,https://cloudconvert.com/mp4-converter
6243,m4v,mxf,"m4v to mxf",TIER-2,enumerated (heuristic order),,,video,video,same-category,https://cloudconvert.com/mp4-converter
6244,m4v,ogv,"m4v to ogv",TIER-2,enumerated (heuristic order),,,video,video,same-category,https://cloudconvert.com/mp4-converter
6245,m4v,rm,"m4v to rm",TIER-2,enumerated (heuristic order),,,video,video,same-category,https://cloudconvert.com/mp4-converter
6246,m4v,rmvb,"m4v to rmvb",TIER-2,enumerated (heuristic order),,,video,video,same-category,https://cloudconvert.com/mp4-converter
6247,m4v,swf,"m4v to swf",TIER-2,enumerated (heuristic order),,,video,video,same-category,https://cloudconvert.com/mp4-converter
6248,m4v,vob,"m4v to vob",TIER-2,enumerated (heuristic order),,,video,video,same-category,https://cloudconvert.com/mp4-converter
6249,m4v,wtv,"m4v to wtv",TIER-2,enumerated (heuristic order),,,video,video,same-category,https://cloudconvert.com/mp4-converter
6264,mpeg,3g2,"mpeg to 3g2",TIER-2,enumerated (heuristic order),,,video,video,same-category,https://cloudconvert.com/mp4-converter
6265,mpeg,3gpp,"mpeg to 3gpp",TIER-2,enumerated (heuristic order),,,video,video,same-category,https://cloudconvert.com/mp4-converter
6266,mpeg,cavs,"mpeg to cavs",TIER-2,enumerated (heuristic order),,,video,video,same-category,https://cloudconvert.com/mp4-converter
6267,mpeg,dv,"mpeg to dv",TIER-2,enumerated (heuristic order),,,video,video,same-category,https://cloudconvert.com/mp4-converter
6268,mpeg,dvr,"mpeg to dvr",TIER-2,enumerated (heuristic order),,,video,video,same-category,https://cloudconvert.com/mp4-converter
6269,mpeg,m2ts,"mpeg to m2ts",TIER-2,enumerated (heuristic order),,,video,video,same-category,https://cloudconvert.com/mp4-converter
6270,mpeg,mod,"mpeg to mod",TIER-2,enumerated (heuristic order),,,video,video,same-category,https://cloudconvert.com/mp4-converter
6271,mpeg,mts,"mpeg to mts",TIER-2,enumerated (heuristic order),,,video,video,same-category,https://cloudconvert.com/mp4-converter
6272,mpeg,mxf,"mpeg to mxf",TIER-2,enumerated (heuristic order),,,video,video,same-category,https://cloudconvert.com/mp4-converter
6273,mpeg,ogv,"mpeg to ogv",TIER-2,enumerated (heuristic order),,,video,video,same-category,https://cloudconvert.com/mp4-converter
6274,mpeg,rm,"mpeg to rm",TIER-2,enumerated (heuristic order),,,video,video,same-category,https://cloudconvert.com/mp4-converter
6275,mpeg,rmvb,"mpeg to rmvb",TIER-2,enumerated (heuristic order),,,video,video,same-category,https://cloudconvert.com/mp4-converter
6276,mpeg,swf,"mpeg to swf",TIER-2,enumerated (heuristic order),,,video,video,same-category,https://cloudconvert.com/mp4-converter
6277,mpeg,vob,"mpeg to vob",TIER-2,enumerated (heuristic order),,,video,video,same-category,https://cloudconvert.com/mp4-converter
6278,mpeg,wtv,"mpeg to wtv",TIER-2,enumerated (heuristic order),,,video,video,same-category,https://cloudconvert.com/mp4-converter
6279,mpg,3g2,"mpg to 3g2",TIER-2,enumerated (heuristic order),,,video,video,same-category,https://cloudconvert.com/mp4-converter
6280,mpg,3gpp,"mpg to 3gpp",TIER-2,enumerated (heuristic order),,,video,video,same-category,https://cloudconvert.com/mp4-converter
6281,mpg,cavs,"mpg to cavs",TIER-2,enumerated (heuristic order),,,video,video,same-category,https://cloudconvert.com/mp4-converter
6282,mpg,dv,"mpg to dv",TIER-2,enumerated (heuristic order),,,video,video,same-category,https://cloudconvert.com/mp4-converter
6283,mpg,dvr,"mpg to dvr",TIER-2,enumerated (heuristic order),,,video,video,same-category,https://cloudconvert.com/mp4-converter
6284,mpg,m2ts,"mpg to m2ts",TIER-2,enumerated (heuristic order),,,video,video,same-category,https://cloudconvert.com/mp4-converter
6285,mpg,mod,"mpg to mod",TIER-2,enumerated (heuristic order),,,video,video,same-category,https://cloudconvert.com/mp4-converter
6286,mpg,mts,"mpg to mts",TIER-2,enumerated (heuristic order),,,video,video,same-category,https://cloudconvert.com/mp4-converter
6287,mpg,mxf,"mpg to mxf",TIER-2,enumerated (heuristic order),,,video,video,same-category,https://cloudconvert.com/mp4-converter
6288,mpg,ogv,"mpg to ogv",TIER-2,enumerated (heuristic order),,,video,video,same-category,https://cloudconvert.com/mp4-converter
6289,mpg,rm,"mpg to rm",TIER-2,enumerated (heuristic order),,,video,video,same-category,https://cloudconvert.com/mp4-converter
6290,mpg,rmvb,"mpg to rmvb",TIER-2,enumerated (heuristic order),,,video,video,same-category,https://cloudconvert.com/mp4-converter
6291,mpg,swf,"mpg to swf",TIER-2,enumerated (heuristic order),,,video,video,same-category,https://cloudconvert.com/mp4-converter
6292,mpg,vob,"mpg to vob",TIER-2,enumerated (heuristic order),,,video,video,same-category,https://cloudconvert.com/mp4-converter
6293,mpg,wtv,"mpg to wtv",TIER-2,enumerated (heuristic order),,,video,video,same-category,https://cloudconvert.com/mp4-converter
6294,nef,3fr,"nef to 3fr",TIER-2,enumerated (heuristic order),,,image,image,same-category,https://cloudconvert.com/image-converter
6295,nef,cr3,"nef to cr3",TIER-2,enumerated (heuristic order),,,image,image,same-category,https://cloudconvert.com/image-converter
6296,nef,crw,"nef to crw",TIER-2,enumerated (heuristic order),,,image,image,same-category,https://cloudconvert.com/image-converter
6297,nef,dcr,"nef to dcr",TIER-2,enumerated (heuristic order),,,image,image,same-category,https://cloudconvert.com/image-converter
6298,nef,erf,"nef to erf",TIER-2,enumerated (heuristic order),,,image,image,same-category,https://cloudconvert.com/image-converter
6299,nef,icns,"nef to icns",TIER-2,enumerated (heuristic order),,,image,image,same-category,https://cloudconvert.com/image-converter
6300,nef,mos,"nef to mos",TIER-2,enumerated (heuristic order),,,image,image,same-category,https://cloudconvert.com/image-converter
6301,nef,mrw,"nef to mrw",TIER-2,enumerated (heuristic order),,,image,image,same-category,https://cloudconvert.com/image-converter
6302,nef,odd,"nef to odd",TIER-2,enumerated (heuristic order),,,image,image,same-category,https://cloudconvert.com/image-converter
6303,nef,odg,"nef to odg",TIER-2,enumerated (heuristic order),,,image,image,same-category,https://cloudconvert.com/image-converter
6304,nef,orf,"nef to orf",TIER-2,enumerated (heuristic order),,,image,image,same-category,https://cloudconvert.com/image-converter
6305,nef,pef,"nef to pef",TIER-2,enumerated (heuristic order),,,image,image,same-category,https://cloudconvert.com/image-converter
6306,nef,ppm,"nef to ppm",TIER-2,enumerated (heuristic order),,,image,image,same-category,https://cloudconvert.com/image-converter
6307,nef,ps,"nef to ps",TIER-2,enumerated (heuristic order),,,image,image,same-category,https://cloudconvert.com/image-converter
6308,nef,psb,"nef to psb",TIER-2,enumerated (heuristic order),,,image,image,same-category,https://cloudconvert.com/image-converter
6309,nef,pub,"nef to pub",TIER-2,enumerated (heuristic order),,,image,image,same-category,https://cloudconvert.com/image-converter
6310,nef,raf,"nef to raf",TIER-2,enumerated (heuristic order),,,image,image,same-category,https://cloudconvert.com/image-converter
6311,nef,rw2,"nef to rw2",TIER-2,enumerated (heuristic order),,,image,image,same-category,https://cloudconvert.com/image-converter
6312,nef,tga,"nef to tga",TIER-2,enumerated (heuristic order),,,image,image,same-category,https://cloudconvert.com/image-converter
6313,nef,x3f,"nef to x3f",TIER-2,enumerated (heuristic order),,,image,image,same-category,https://cloudconvert.com/image-converter
6314,nef,xcf,"nef to xcf",TIER-2,enumerated (heuristic order),,,image,image,same-category,https://cloudconvert.com/image-converter
6315,nef,xps,"nef to xps",TIER-2,enumerated (heuristic order),,,image,image,same-category,https://cloudconvert.com/image-converter
6341,oga,ac3,"oga to ac3",TIER-2,enumerated (heuristic order),,,audio,audio,same-category,https://cloudconvert.com/audio-converter
6342,oga,amr,"oga to amr",TIER-2,enumerated (heuristic order),,,audio,audio,same-category,https://cloudconvert.com/audio-converter
6343,oga,au,"oga to au",TIER-2,enumerated (heuristic order),,,audio,audio,same-category,https://cloudconvert.com/audio-converter
6344,oga,caf,"oga to caf",TIER-2,enumerated (heuristic order),,,audio,audio,same-category,https://cloudconvert.com/audio-converter
6345,oga,dss,"oga to dss",TIER-2,enumerated (heuristic order),,,audio,audio,same-category,https://cloudconvert.com/audio-converter
6346,oga,m4b,"oga to m4b",TIER-2,enumerated (heuristic order),,,audio,audio,same-category,https://cloudconvert.com/audio-converter
6347,oga,sf2,"oga to sf2",TIER-2,enumerated (heuristic order),,,audio,audio,same-category,https://cloudconvert.com/audio-converter
6348,oga,sfark,"oga to sfark",TIER-2,enumerated (heuristic order),,,audio,audio,same-category,https://cloudconvert.com/audio-converter
6349,oga,voc,"oga to voc",TIER-2,enumerated (heuristic order),,,audio,audio,same-category,https://cloudconvert.com/audio-converter
6350,oga,weba,"oga to weba",TIER-2,enumerated (heuristic order),,,audio,audio,same-category,https://cloudconvert.com/audio-converter
6351,ogg,ac3,"ogg to ac3",TIER-2,enumerated (heuristic order),,,audio,audio,same-category,https://cloudconvert.com/audio-converter
6352,ogg,amr,"ogg to amr",TIER-2,enumerated (heuristic order),,,audio,audio,same-category,https://cloudconvert.com/audio-converter
6353,ogg,au,"ogg to au",TIER-2,enumerated (heuristic order),,,audio,audio,same-category,https://cloudconvert.com/audio-converter
6354,ogg,caf,"ogg to caf",TIER-2,enumerated (heuristic order),,,audio,audio,same-category,https://cloudconvert.com/audio-converter
6355,ogg,dss,"ogg to dss",TIER-2,enumerated (heuristic order),,,audio,audio,same-category,https://cloudconvert.com/audio-converter
6356,ogg,m4b,"ogg to m4b",TIER-2,enumerated (heuristic order),,,audio,audio,same-category,https://cloudconvert.com/audio-converter
6357,ogg,sf2,"ogg to sf2",TIER-2,enumerated (heuristic order),,,audio,audio,same-category,https://cloudconvert.com/audio-converter
6358,ogg,sfark,"ogg to sfark",TIER-2,enumerated (heuristic order),,,audio,audio,same-category,https://cloudconvert.com/audio-converter
6359,ogg,voc,"ogg to voc",TIER-2,enumerated (heuristic order),,,audio,audio,same-category,https://cloudconvert.com/audio-converter
6360,ogg,weba,"ogg to weba",TIER-2,enumerated (heuristic order),,,audio,audio,same-category,https://cloudconvert.com/audio-converter
6361,opus,ac3,"opus to ac3",TIER-2,enumerated (heuristic order),,,audio,audio,same-category,https://cloudconvert.com/audio-converter
6362,opus,amr,"opus to amr",TIER-2,enumerated (heuristic order),,,audio,audio,same-category,https://cloudconvert.com/audio-converter
6363,opus,au,"opus to au",TIER-2,enumerated (heuristic order),,,audio,audio,same-category,https://cloudconvert.com/audio-converter
6364,opus,caf,"opus to caf",TIER-2,enumerated (heuristic order),,,audio,audio,same-category,https://cloudconvert.com/audio-converter
6365,opus,dss,"opus to dss",TIER-2,enumerated (heuristic order),,,audio,audio,same-category,https://cloudconvert.com/audio-converter
6366,opus,m4b,"opus to m4b",TIER-2,enumerated (heuristic order),,,audio,audio,same-category,https://cloudconvert.com/audio-converter
6367,opus,sf2,"opus to sf2",TIER-2,enumerated (heuristic order),,,audio,audio,same-category,https://cloudconvert.com/audio-converter
6368,opus,sfark,"opus to sfark",TIER-2,enumerated (heuristic order),,,audio,audio,same-category,https://cloudconvert.com/audio-converter
6369,opus,voc,"opus to voc",TIER-2,enumerated (heuristic order),,,audio,audio,same-category,https://cloudconvert.com/audio-converter
6370,opus,weba,"opus to weba",TIER-2,enumerated (heuristic order),,,audio,audio,same-category,https://cloudconvert.com/audio-converter
6385,psd,3fr,"psd to 3fr",TIER-2,enumerated (heuristic order),,,image,image,same-category,https://cloudconvert.com/image-converter
6386,psd,cr3,"psd to cr3",TIER-2,enumerated (heuristic order),,,image,image,same-category,https://cloudconvert.com/image-converter
6387,psd,crw,"psd to crw",TIER-2,enumerated (heuristic order),,,image,image,same-category,https://cloudconvert.com/image-converter
6388,psd,dcr,"psd to dcr",TIER-2,enumerated (heuristic order),,,image,image,same-category,https://cloudconvert.com/image-converter
6389,psd,erf,"psd to erf",TIER-2,enumerated (heuristic order),,,image,image,same-category,https://cloudconvert.com/image-converter
6390,psd,icns,"psd to icns",TIER-2,enumerated (heuristic order),,,image,image,same-category,https://cloudconvert.com/image-converter
6391,psd,mos,"psd to mos",TIER-2,enumerated (heuristic order),,,image,image,same-category,https://cloudconvert.com/image-converter
6392,psd,mrw,"psd to mrw",TIER-2,enumerated (heuristic order),,,image,image,same-category,https://cloudconvert.com/image-converter
6393,psd,odd,"psd to odd",TIER-2,enumerated (heuristic order),,,image,image,same-category,https://cloudconvert.com/image-converter
6394,psd,odg,"psd to odg",TIER-2,enumerated (heuristic order),,,image,image,same-category,https://cloudconvert.com/image-converter
6395,psd,orf,"psd to orf",TIER-2,enumerated (heuristic order),,,image,image,same-category,https://cloudconvert.com/image-converter
6396,psd,pef,"psd to pef",TIER-2,enumerated (heuristic order),,,image,image,same-category,https://cloudconvert.com/image-converter
6397,psd,ppm,"psd to ppm",TIER-2,enumerated (heuristic order),,,image,image,same-category,https://cloudconvert.com/image-converter
6398,psd,ps,"psd to ps",TIER-2,enumerated (heuristic order),,,image,image,same-category,https://cloudconvert.com/image-converter
6399,psd,psb,"psd to psb",TIER-2,enumerated (heuristic order),,,image,image,same-category,https://cloudconvert.com/image-converter
6400,psd,pub,"psd to pub",TIER-2,enumerated (heuristic order),,,image,image,same-category,https://cloudconvert.com/image-converter
6401,psd,raf,"psd to raf",TIER-2,enumerated (heuristic order),,,image,image,same-category,https://cloudconvert.com/image-converter
6402,psd,rw2,"psd to rw2",TIER-2,enumerated (heuristic order),,,image,image,same-category,https://cloudconvert.com/image-converter
6403,psd,tga,"psd to tga",TIER-2,enumerated (heuristic order),,,image,image,same-category,https://cloudconvert.com/image-converter
6404,psd,x3f,"psd to x3f",TIER-2,enumerated (heuristic order),,,image,image,same-category,https://cloudconvert.com/image-converter
6405,psd,xcf,"psd to xcf",TIER-2,enumerated (heuristic order),,,image,image,same-category,https://cloudconvert.com/image-converter
6406,psd,xps,"psd to xps",TIER-2,enumerated (heuristic order),,,image,image,same-category,https://cloudconvert.com/image-converter
6407,raw,3fr,"raw to 3fr",TIER-2,enumerated (heuristic order),,,image,image,same-category,https://cloudconvert.com/image-converter
6408,raw,cr3,"raw to cr3",TIER-2,enumerated (heuristic order),,,image,image,same-category,https://cloudconvert.com/image-converter
6409,raw,crw,"raw to crw",TIER-2,enumerated (heuristic order),,,image,image,same-category,https://cloudconvert.com/image-converter
6410,raw,dcr,"raw to dcr",TIER-2,enumerated (heuristic order),,,image,image,same-category,https://cloudconvert.com/image-converter
6411,raw,erf,"raw to erf",TIER-2,enumerated (heuristic order),,,image,image,same-category,https://cloudconvert.com/image-converter
6412,raw,icns,"raw to icns",TIER-2,enumerated (heuristic order),,,image,image,same-category,https://cloudconvert.com/image-converter
6413,raw,mos,"raw to mos",TIER-2,enumerated (heuristic order),,,image,image,same-category,https://cloudconvert.com/image-converter
6414,raw,mrw,"raw to mrw",TIER-2,enumerated (heuristic order),,,image,image,same-category,https://cloudconvert.com/image-converter
6415,raw,odd,"raw to odd",TIER-2,enumerated (heuristic order),,,image,image,same-category,https://cloudconvert.com/image-converter
6416,raw,odg,"raw to odg",TIER-2,enumerated (heuristic order),,,image,image,same-category,https://cloudconvert.com/image-converter
6417,raw,orf,"raw to orf",TIER-2,enumerated (heuristic order),,,image,image,same-category,https://cloudconvert.com/image-converter
6418,raw,pef,"raw to pef",TIER-2,enumerated (heuristic order),,,image,image,same-category,https://cloudconvert.com/image-converter
6419,raw,ppm,"raw to ppm",TIER-2,enumerated (heuristic order),,,image,image,same-category,https://cloudconvert.com/image-converter
6420,raw,ps,"raw to ps",TIER-2,enumerated (heuristic order),,,image,image,same-category,https://cloudconvert.com/image-converter
6421,raw,psb,"raw to psb",TIER-2,enumerated (heuristic order),,,image,image,same-category,https://cloudconvert.com/image-converter
6422,raw,pub,"raw to pub",TIER-2,enumerated (heuristic order),,,image,image,same-category,https://cloudconvert.com/image-converter
6423,raw,raf,"raw to raf",TIER-2,enumerated (heuristic order),,,image,image,same-category,https://cloudconvert.com/image-converter
6424,raw,rw2,"raw to rw2",TIER-2,enumerated (heuristic order),,,image,image,same-category,https://cloudconvert.com/image-converter
6425,raw,tga,"raw to tga",TIER-2,enumerated (heuristic order),,,image,image,same-category,https://cloudconvert.com/image-converter
6426,raw,x3f,"raw to x3f",TIER-2,enumerated (heuristic order),,,image,image,same-category,https://cloudconvert.com/image-converter
6427,raw,xcf,"raw to xcf",TIER-2,enumerated (heuristic order),,,image,image,same-category,https://cloudconvert.com/image-converter
6428,raw,xps,"raw to xps",TIER-2,enumerated (heuristic order),,,image,image,same-category,https://cloudconvert.com/image-converter
6443,tif,3fr,"tif to 3fr",TIER-2,enumerated (heuristic order),,,image,image,same-category,https://cloudconvert.com/image-converter
6444,tif,cr3,"tif to cr3",TIER-2,enumerated (heuristic order),,,image,image,same-category,https://cloudconvert.com/image-converter
6445,tif,crw,"tif to crw",TIER-2,enumerated (heuristic order),,,image,image,same-category,https://cloudconvert.com/image-converter
6446,tif,dcr,"tif to dcr",TIER-2,enumerated (heuristic order),,,image,image,same-category,https://cloudconvert.com/image-converter
6447,tif,erf,"tif to erf",TIER-2,enumerated (heuristic order),,,image,image,same-category,https://cloudconvert.com/image-converter
6448,tif,icns,"tif to icns",TIER-2,enumerated (heuristic order),,,image,image,same-category,https://cloudconvert.com/image-converter
6449,tif,mos,"tif to mos",TIER-2,enumerated (heuristic order),,,image,image,same-category,https://cloudconvert.com/image-converter
6450,tif,mrw,"tif to mrw",TIER-2,enumerated (heuristic order),,,image,image,same-category,https://cloudconvert.com/image-converter
6451,tif,odd,"tif to odd",TIER-2,enumerated (heuristic order),,,image,image,same-category,https://cloudconvert.com/image-converter
6452,tif,odg,"tif to odg",TIER-2,enumerated (heuristic order),,,image,image,same-category,https://cloudconvert.com/image-converter
6453,tif,orf,"tif to orf",TIER-2,enumerated (heuristic order),,,image,image,same-category,https://cloudconvert.com/image-converter
6454,tif,pef,"tif to pef",TIER-2,enumerated (heuristic order),,,image,image,same-category,https://cloudconvert.com/image-converter
6455,tif,ppm,"tif to ppm",TIER-2,enumerated (heuristic order),,,image,image,same-category,https://cloudconvert.com/image-converter
6456,tif,ps,"tif to ps",TIER-2,enumerated (heuristic order),,,image,image,same-category,https://cloudconvert.com/image-converter
6457,tif,psb,"tif to psb",TIER-2,enumerated (heuristic order),,,image,image,same-category,https://cloudconvert.com/image-converter
6458,tif,pub,"tif to pub",TIER-2,enumerated (heuristic order),,,image,image,same-category,https://cloudconvert.com/image-converter
6459,tif,raf,"tif to raf",TIER-2,enumerated (heuristic order),,,image,image,same-category,https://cloudconvert.com/image-converter
6460,tif,rw2,"tif to rw2",TIER-2,enumerated (heuristic order),,,image,image,same-category,https://cloudconvert.com/image-converter
6461,tif,tga,"tif to tga",TIER-2,enumerated (heuristic order),,,image,image,same-category,https://cloudconvert.com/image-converter
6462,tif,x3f,"tif to x3f",TIER-2,enumerated (heuristic order),,,image,image,same-category,https://cloudconvert.com/image-converter
6463,tif,xcf,"tif to xcf",TIER-2,enumerated (heuristic order),,,image,image,same-category,https://cloudconvert.com/image-converter
6464,tif,xps,"tif to xps",TIER-2,enumerated (heuristic order),,,image,image,same-category,https://cloudconvert.com/image-converter
6465,tiff,3fr,"tiff to 3fr",TIER-2,enumerated (heuristic order),,,image,image,same-category,https://cloudconvert.com/image-converter
6466,tiff,cr3,"tiff to cr3",TIER-2,enumerated (heuristic order),,,image,image,same-category,https://cloudconvert.com/image-converter
6467,tiff,crw,"tiff to crw",TIER-2,enumerated (heuristic order),,,image,image,same-category,https://cloudconvert.com/image-converter
6468,tiff,dcr,"tiff to dcr",TIER-2,enumerated (heuristic order),,,image,image,same-category,https://cloudconvert.com/image-converter
6469,tiff,erf,"tiff to erf",TIER-2,enumerated (heuristic order),,,image,image,same-category,https://cloudconvert.com/image-converter
6470,tiff,icns,"tiff to icns",TIER-2,enumerated (heuristic order),,,image,image,same-category,https://cloudconvert.com/image-converter
6471,tiff,mos,"tiff to mos",TIER-2,enumerated (heuristic order),,,image,image,same-category,https://cloudconvert.com/image-converter
6472,tiff,mrw,"tiff to mrw",TIER-2,enumerated (heuristic order),,,image,image,same-category,https://cloudconvert.com/image-converter
6473,tiff,odd,"tiff to odd",TIER-2,enumerated (heuristic order),,,image,image,same-category,https://cloudconvert.com/image-converter
6474,tiff,odg,"tiff to odg",TIER-2,enumerated (heuristic order),,,image,image,same-category,https://cloudconvert.com/image-converter
6475,tiff,orf,"tiff to orf",TIER-2,enumerated (heuristic order),,,image,image,same-category,https://cloudconvert.com/image-converter
6476,tiff,pef,"tiff to pef",TIER-2,enumerated (heuristic order),,,image,image,same-category,https://cloudconvert.com/image-converter
6477,tiff,ppm,"tiff to ppm",TIER-2,enumerated (heuristic order),,,image,image,same-category,https://cloudconvert.com/image-converter
6478,tiff,ps,"tiff to ps",TIER-2,enumerated (heuristic order),,,image,image,same-category,https://cloudconvert.com/image-converter
6479,tiff,psb,"tiff to psb",TIER-2,enumerated (heuristic order),,,image,image,same-category,https://cloudconvert.com/image-converter
6480,tiff,pub,"tiff to pub",TIER-2,enumerated (heuristic order),,,image,image,same-category,https://cloudconvert.com/image-converter
6481,tiff,raf,"tiff to raf",TIER-2,enumerated (heuristic order),,,image,image,same-category,https://cloudconvert.com/image-converter
6482,tiff,rw2,"tiff to rw2",TIER-2,enumerated (heuristic order),,,image,image,same-category,https://cloudconvert.com/image-converter
6483,tiff,tga,"tiff to tga",TIER-2,enumerated (heuristic order),,,image,image,same-category,https://cloudconvert.com/image-converter
6484,tiff,x3f,"tiff to x3f",TIER-2,enumerated (heuristic order),,,image,image,same-category,https://cloudconvert.com/image-converter
6485,tiff,xcf,"tiff to xcf",TIER-2,enumerated (heuristic order),,,image,image,same-category,https://cloudconvert.com/image-converter
6486,tiff,xps,"tiff to xps",TIER-2,enumerated (heuristic order),,,image,image,same-category,https://cloudconvert.com/image-converter
6487,ts,3g2,"ts to 3g2",TIER-2,enumerated (heuristic order),,,video,video,same-category,https://cloudconvert.com/mp4-converter
6488,ts,3gpp,"ts to 3gpp",TIER-2,enumerated (heuristic order),,,video,video,same-category,https://cloudconvert.com/mp4-converter
6489,ts,cavs,"ts to cavs",TIER-2,enumerated (heuristic order),,,video,video,same-category,https://cloudconvert.com/mp4-converter
6490,ts,dv,"ts to dv",TIER-2,enumerated (heuristic order),,,video,video,same-category,https://cloudconvert.com/mp4-converter
6491,ts,dvr,"ts to dvr",TIER-2,enumerated (heuristic order),,,video,video,same-category,https://cloudconvert.com/mp4-converter
6492,ts,m2ts,"ts to m2ts",TIER-2,enumerated (heuristic order),,,video,video,same-category,https://cloudconvert.com/mp4-converter
6493,ts,mod,"ts to mod",TIER-2,enumerated (heuristic order),,,video,video,same-category,https://cloudconvert.com/mp4-converter
6494,ts,mts,"ts to mts",TIER-2,enumerated (heuristic order),,,video,video,same-category,https://cloudconvert.com/mp4-converter
6495,ts,mxf,"ts to mxf",TIER-2,enumerated (heuristic order),,,video,video,same-category,https://cloudconvert.com/mp4-converter
6496,ts,ogv,"ts to ogv",TIER-2,enumerated (heuristic order),,,video,video,same-category,https://cloudconvert.com/mp4-converter
6497,ts,rm,"ts to rm",TIER-2,enumerated (heuristic order),,,video,video,same-category,https://cloudconvert.com/mp4-converter
6498,ts,rmvb,"ts to rmvb",TIER-2,enumerated (heuristic order),,,video,video,same-category,https://cloudconvert.com/mp4-converter
6499,ts,swf,"ts to swf",TIER-2,enumerated (heuristic order),,,video,video,same-category,https://cloudconvert.com/mp4-converter
6500,ts,vob,"ts to vob",TIER-2,enumerated (heuristic order),,,video,video,same-category,https://cloudconvert.com/mp4-converter
6501,ts,wtv,"ts to wtv",TIER-2,enumerated (heuristic order),,,video,video,same-category,https://cloudconvert.com/mp4-converter
6502,wma,ac3,"wma to ac3",TIER-2,enumerated (heuristic order),,,audio,audio,same-category,https://cloudconvert.com/audio-converter
6503,wma,amr,"wma to amr",TIER-2,enumerated (heuristic order),,,audio,audio,same-category,https://cloudconvert.com/audio-converter
6504,wma,au,"wma to au",TIER-2,enumerated (heuristic order),,,audio,audio,same-category,https://cloudconvert.com/audio-converter
6505,wma,caf,"wma to caf",TIER-2,enumerated (heuristic order),,,audio,audio,same-category,https://cloudconvert.com/audio-converter
6506,wma,dss,"wma to dss",TIER-2,enumerated (heuristic order),,,audio,audio,same-category,https://cloudconvert.com/audio-converter
6507,wma,m4b,"wma to m4b",TIER-2,enumerated (heuristic order),,,audio,audio,same-category,https://cloudconvert.com/audio-converter
6508,wma,sf2,"wma to sf2",TIER-2,enumerated (heuristic order),,,audio,audio,same-category,https://cloudconvert.com/audio-converter
6509,wma,sfark,"wma to sfark",TIER-2,enumerated (heuristic order),,,audio,audio,same-category,https://cloudconvert.com/audio-converter
6510,wma,voc,"wma to voc",TIER-2,enumerated (heuristic order),,,audio,audio,same-category,https://cloudconvert.com/audio-converter
6511,wma,weba,"wma to weba",TIER-2,enumerated (heuristic order),,,audio,audio,same-category,https://cloudconvert.com/audio-converter
6512,wmv,3g2,"wmv to 3g2",TIER-2,enumerated (heuristic order),,,video,video,same-category,https://cloudconvert.com/mp4-converter
6513,wmv,3gpp,"wmv to 3gpp",TIER-2,enumerated (heuristic order),,,video,video,same-category,https://cloudconvert.com/mp4-converter
6514,wmv,cavs,"wmv to cavs",TIER-2,enumerated (heuristic order),,,video,video,same-category,https://cloudconvert.com/mp4-converter
6515,wmv,dv,"wmv to dv",TIER-2,enumerated (heuristic order),,,video,video,same-category,https://cloudconvert.com/mp4-converter
6516,wmv,dvr,"wmv to dvr",TIER-2,enumerated (heuristic order),,,video,video,same-category,https://cloudconvert.com/mp4-converter
6517,wmv,m2ts,"wmv to m2ts",TIER-2,enumerated (heuristic order),,,video,video,same-category,https://cloudconvert.com/mp4-converter
6518,wmv,mod,"wmv to mod",TIER-2,enumerated (heuristic order),,,video,video,same-category,https://cloudconvert.com/mp4-converter
6519,wmv,mts,"wmv to mts",TIER-2,enumerated (heuristic order),,,video,video,same-category,https://cloudconvert.com/mp4-converter
6520,wmv,mxf,"wmv to mxf",TIER-2,enumerated (heuristic order),,,video,video,same-category,https://cloudconvert.com/mp4-converter
6521,wmv,ogv,"wmv to ogv",TIER-2,enumerated (heuristic order),,,video,video,same-category,https://cloudconvert.com/mp4-converter
6522,wmv,rm,"wmv to rm",TIER-2,enumerated (heuristic order),,,video,video,same-category,https://cloudconvert.com/mp4-converter
6523,wmv,rmvb,"wmv to rmvb",TIER-2,enumerated (heuristic order),,,video,video,same-category,https://cloudconvert.com/mp4-converter
6524,wmv,swf,"wmv to swf",TIER-2,enumerated (heuristic order),,,video,video,same-category,https://cloudconvert.com/mp4-converter
6525,wmv,vob,"wmv to vob",TIER-2,enumerated (heuristic order),,,video,video,same-category,https://cloudconvert.com/mp4-converter
6526,wmv,wtv,"wmv to wtv",TIER-2,enumerated (heuristic order),,,video,video,same-category,https://cloudconvert.com/mp4-converter
6529,3fr,cdr,"3fr to cdr",TIER-2,enumerated (heuristic order),,,image,vector,cross-category,https://cloudconvert.com/image-converter
6530,3fr,dxf,"3fr to dxf",TIER-2,enumerated (heuristic order),,,image,vector,cross-category,https://cloudconvert.com/image-converter
6531,3fr,key,"3fr to key",TIER-2,enumerated (heuristic order),,,image,presentation,cross-category,https://cloudconvert.com/image-converter
6532,3fr,md,"3fr to md",TIER-2,enumerated (heuristic order),,,image,document,cross-category,https://cloudconvert.com/image-converter
6533,3fr,odp,"3fr to odp",TIER-2,enumerated (heuristic order),,,image,presentation,cross-category,https://cloudconvert.com/image-converter
6534,3fr,odt,"3fr to odt",TIER-2,enumerated (heuristic order),,,image,document,cross-category,https://cloudconvert.com/image-converter
6535,3fr,pages,"3fr to pages",TIER-2,enumerated (heuristic order),,,image,document,cross-category,https://cloudconvert.com/image-converter
6536,3fr,rtf,"3fr to rtf",TIER-2,enumerated (heuristic order),,,image,document,cross-category,https://cloudconvert.com/image-converter
6537,3g2,aif,"3g2 to aif",TIER-2,enumerated (heuristic order),,,video,audio,cross-category,https://cloudconvert.com/mp4-converter
6538,3g2,aiff,"3g2 to aiff",TIER-2,enumerated (heuristic order),,,video,audio,cross-category,https://cloudconvert.com/mp4-converter
6539,3g2,arw,"3g2 to arw",TIER-2,enumerated (heuristic order),,,video,image,cross-category,https://cloudconvert.com/mp4-converter
6540,3g2,avif,"3g2 to avif",TIER-2,enumerated (heuristic order),,,video,image,cross-category,https://cloudconvert.com/mp4-converter
6541,3g2,bmp,"3g2 to bmp",TIER-2,enumerated (heuristic order),,,video,image,cross-category,https://cloudconvert.com/mp4-converter
6542,3g2,cr2,"3g2 to cr2",TIER-2,enumerated (heuristic order),,,video,image,cross-category,https://cloudconvert.com/mp4-converter
6543,3g2,dng,"3g2 to dng",TIER-2,enumerated (heuristic order),,,video,image,cross-category,https://cloudconvert.com/mp4-converter
6544,3g2,eps,"3g2 to eps",TIER-2,enumerated (heuristic order),,,video,image,cross-category,https://cloudconvert.com/mp4-converter
6545,3g2,heif,"3g2 to heif",TIER-2,enumerated (heuristic order),,,video,image,cross-category,https://cloudconvert.com/mp4-converter
6546,3g2,ico,"3g2 to ico",TIER-2,enumerated (heuristic order),,,video,image,cross-category,https://cloudconvert.com/mp4-converter
6547,3g2,jfif,"3g2 to jfif",TIER-2,enumerated (heuristic order),,,video,image,cross-category,https://cloudconvert.com/mp4-converter
6548,3g2,nef,"3g2 to nef",TIER-2,enumerated (heuristic order),,,video,image,cross-category,https://cloudconvert.com/mp4-converter
6549,3g2,oga,"3g2 to oga",TIER-2,enumerated (heuristic order),,,video,audio,cross-category,https://cloudconvert.com/mp4-converter
6550,3g2,ogg,"3g2 to ogg",TIER-2,enumerated (heuristic order),,,video,audio,cross-category,https://cloudconvert.com/mp4-converter
6551,3g2,opus,"3g2 to opus",TIER-2,enumerated (heuristic order),,,video,audio,cross-category,https://cloudconvert.com/mp4-converter
6552,3g2,psd,"3g2 to psd",TIER-2,enumerated (heuristic order),,,video,image,cross-category,https://cloudconvert.com/mp4-converter
6553,3g2,raw,"3g2 to raw",TIER-2,enumerated (heuristic order),,,video,image,cross-category,https://cloudconvert.com/mp4-converter
6554,3g2,tif,"3g2 to tif",TIER-2,enumerated (heuristic order),,,video,image,cross-category,https://cloudconvert.com/mp4-converter
6555,3g2,tiff,"3g2 to tiff",TIER-2,enumerated (heuristic order),,,video,image,cross-category,https://cloudconvert.com/mp4-converter
6556,3g2,wma,"3g2 to wma",TIER-2,enumerated (heuristic order),,,video,audio,cross-category,https://cloudconvert.com/mp4-converter
6557,3gpp,aif,"3gpp to aif",TIER-2,enumerated (heuristic order),,,video,audio,cross-category,https://cloudconvert.com/mp4-converter
6558,3gpp,aiff,"3gpp to aiff",TIER-2,enumerated (heuristic order),,,video,audio,cross-category,https://cloudconvert.com/mp4-converter
6559,3gpp,arw,"3gpp to arw",TIER-2,enumerated (heuristic order),,,video,image,cross-category,https://cloudconvert.com/mp4-converter
6560,3gpp,avif,"3gpp to avif",TIER-2,enumerated (heuristic order),,,video,image,cross-category,https://cloudconvert.com/mp4-converter
6561,3gpp,bmp,"3gpp to bmp",TIER-2,enumerated (heuristic order),,,video,image,cross-category,https://cloudconvert.com/mp4-converter
6562,3gpp,cr2,"3gpp to cr2",TIER-2,enumerated (heuristic order),,,video,image,cross-category,https://cloudconvert.com/mp4-converter
6563,3gpp,dng,"3gpp to dng",TIER-2,enumerated (heuristic order),,,video,image,cross-category,https://cloudconvert.com/mp4-converter
6564,3gpp,eps,"3gpp to eps",TIER-2,enumerated (heuristic order),,,video,image,cross-category,https://cloudconvert.com/mp4-converter
6565,3gpp,heif,"3gpp to heif",TIER-2,enumerated (heuristic order),,,video,image,cross-category,https://cloudconvert.com/mp4-converter
6566,3gpp,ico,"3gpp to ico",TIER-2,enumerated (heuristic order),,,video,image,cross-category,https://cloudconvert.com/mp4-converter
6567,3gpp,jfif,"3gpp to jfif",TIER-2,enumerated (heuristic order),,,video,image,cross-category,https://cloudconvert.com/mp4-converter
6568,3gpp,nef,"3gpp to nef",TIER-2,enumerated (heuristic order),,,video,image,cross-category,https://cloudconvert.com/mp4-converter
6569,3gpp,oga,"3gpp to oga",TIER-2,enumerated (heuristic order),,,video,audio,cross-category,https://cloudconvert.com/mp4-converter
6570,3gpp,ogg,"3gpp to ogg",TIER-2,enumerated (heuristic order),,,video,audio,cross-category,https://cloudconvert.com/mp4-converter
6571,3gpp,opus,"3gpp to opus",TIER-2,enumerated (heuristic order),,,video,audio,cross-category,https://cloudconvert.com/mp4-converter
6572,3gpp,psd,"3gpp to psd",TIER-2,enumerated (heuristic order),,,video,image,cross-category,https://cloudconvert.com/mp4-converter
6573,3gpp,raw,"3gpp to raw",TIER-2,enumerated (heuristic order),,,video,image,cross-category,https://cloudconvert.com/mp4-converter
6574,3gpp,tif,"3gpp to tif",TIER-2,enumerated (heuristic order),,,video,image,cross-category,https://cloudconvert.com/mp4-converter
6575,3gpp,tiff,"3gpp to tiff",TIER-2,enumerated (heuristic order),,,video,image,cross-category,https://cloudconvert.com/mp4-converter
6576,3gpp,wma,"3gpp to wma",TIER-2,enumerated (heuristic order),,,video,audio,cross-category,https://cloudconvert.com/mp4-converter
6598,ac3,3gp,"ac3 to 3gp",TIER-2,enumerated (heuristic order),,,audio,video,cross-category,https://cloudconvert.com/audio-converter
6599,ac3,flv,"ac3 to flv",TIER-2,enumerated (heuristic order),,,audio,video,cross-category,https://cloudconvert.com/audio-converter
6600,ac3,m4v,"ac3 to m4v",TIER-2,enumerated (heuristic order),,,audio,video,cross-category,https://cloudconvert.com/audio-converter
6601,ac3,mpeg,"ac3 to mpeg",TIER-2,enumerated (heuristic order),,,audio,video,cross-category,https://cloudconvert.com/audio-converter
6602,ac3,mpg,"ac3 to mpg",TIER-2,enumerated (heuristic order),,,audio,video,cross-category,https://cloudconvert.com/audio-converter
6603,ac3,ts,"ac3 to ts",TIER-2,enumerated (heuristic order),,,audio,video,cross-category,https://cloudconvert.com/audio-converter
6604,ac3,wmv,"ac3 to wmv",TIER-2,enumerated (heuristic order),,,audio,video,cross-category,https://cloudconvert.com/audio-converter
6605,amr,3gp,"amr to 3gp",TIER-2,enumerated (heuristic order),,,audio,video,cross-category,https://cloudconvert.com/audio-converter
6606,amr,flv,"amr to flv",TIER-2,enumerated (heuristic order),,,audio,video,cross-category,https://cloudconvert.com/audio-converter
6607,amr,m4v,"amr to m4v",TIER-2,enumerated (heuristic order),,,audio,video,cross-category,https://cloudconvert.com/audio-converter
6608,amr,mpeg,"amr to mpeg",TIER-2,enumerated (heuristic order),,,audio,video,cross-category,https://cloudconvert.com/audio-converter
6609,amr,mpg,"amr to mpg",TIER-2,enumerated (heuristic order),,,audio,video,cross-category,https://cloudconvert.com/audio-converter
6610,amr,ts,"amr to ts",TIER-2,enumerated (heuristic order),,,audio,video,cross-category,https://cloudconvert.com/audio-converter
6611,amr,wmv,"amr to wmv",TIER-2,enumerated (heuristic order),,,audio,video,cross-category,https://cloudconvert.com/audio-converter
6612,au,3gp,"au to 3gp",TIER-2,enumerated (heuristic order),,,audio,video,cross-category,https://cloudconvert.com/audio-converter
6613,au,flv,"au to flv",TIER-2,enumerated (heuristic order),,,audio,video,cross-category,https://cloudconvert.com/audio-converter
6614,au,m4v,"au to m4v",TIER-2,enumerated (heuristic order),,,audio,video,cross-category,https://cloudconvert.com/audio-converter
6615,au,mpeg,"au to mpeg",TIER-2,enumerated (heuristic order),,,audio,video,cross-category,https://cloudconvert.com/audio-converter
6616,au,mpg,"au to mpg",TIER-2,enumerated (heuristic order),,,audio,video,cross-category,https://cloudconvert.com/audio-converter
6617,au,ts,"au to ts",TIER-2,enumerated (heuristic order),,,audio,video,cross-category,https://cloudconvert.com/audio-converter
6618,au,wmv,"au to wmv",TIER-2,enumerated (heuristic order),,,audio,video,cross-category,https://cloudconvert.com/audio-converter
6637,caf,3gp,"caf to 3gp",TIER-2,enumerated (heuristic order),,,audio,video,cross-category,https://cloudconvert.com/audio-converter
6638,caf,flv,"caf to flv",TIER-2,enumerated (heuristic order),,,audio,video,cross-category,https://cloudconvert.com/audio-converter
6639,caf,m4v,"caf to m4v",TIER-2,enumerated (heuristic order),,,audio,video,cross-category,https://cloudconvert.com/audio-converter
6640,caf,mpeg,"caf to mpeg",TIER-2,enumerated (heuristic order),,,audio,video,cross-category,https://cloudconvert.com/audio-converter
6641,caf,mpg,"caf to mpg",TIER-2,enumerated (heuristic order),,,audio,video,cross-category,https://cloudconvert.com/audio-converter
6642,caf,ts,"caf to ts",TIER-2,enumerated (heuristic order),,,audio,video,cross-category,https://cloudconvert.com/audio-converter
6643,caf,wmv,"caf to wmv",TIER-2,enumerated (heuristic order),,,audio,video,cross-category,https://cloudconvert.com/audio-converter
6644,cavs,aif,"cavs to aif",TIER-2,enumerated (heuristic order),,,video,audio,cross-category,https://cloudconvert.com/mp4-converter
6645,cavs,aiff,"cavs to aiff",TIER-2,enumerated (heuristic order),,,video,audio,cross-category,https://cloudconvert.com/mp4-converter
6646,cavs,arw,"cavs to arw",TIER-2,enumerated (heuristic order),,,video,image,cross-category,https://cloudconvert.com/mp4-converter
6647,cavs,avif,"cavs to avif",TIER-2,enumerated (heuristic order),,,video,image,cross-category,https://cloudconvert.com/mp4-converter
6648,cavs,bmp,"cavs to bmp",TIER-2,enumerated (heuristic order),,,video,image,cross-category,https://cloudconvert.com/mp4-converter
6649,cavs,cr2,"cavs to cr2",TIER-2,enumerated (heuristic order),,,video,image,cross-category,https://cloudconvert.com/mp4-converter
6650,cavs,dng,"cavs to dng",TIER-2,enumerated (heuristic order),,,video,image,cross-category,https://cloudconvert.com/mp4-converter
6651,cavs,eps,"cavs to eps",TIER-2,enumerated (heuristic order),,,video,image,cross-category,https://cloudconvert.com/mp4-converter
6652,cavs,heif,"cavs to heif",TIER-2,enumerated (heuristic order),,,video,image,cross-category,https://cloudconvert.com/mp4-converter
6653,cavs,ico,"cavs to ico",TIER-2,enumerated (heuristic order),,,video,image,cross-category,https://cloudconvert.com/mp4-converter
6654,cavs,jfif,"cavs to jfif",TIER-2,enumerated (heuristic order),,,video,image,cross-category,https://cloudconvert.com/mp4-converter
6655,cavs,nef,"cavs to nef",TIER-2,enumerated (heuristic order),,,video,image,cross-category,https://cloudconvert.com/mp4-converter
6656,cavs,oga,"cavs to oga",TIER-2,enumerated (heuristic order),,,video,audio,cross-category,https://cloudconvert.com/mp4-converter
6657,cavs,ogg,"cavs to ogg",TIER-2,enumerated (heuristic order),,,video,audio,cross-category,https://cloudconvert.com/mp4-converter
6658,cavs,opus,"cavs to opus",TIER-2,enumerated (heuristic order),,,video,audio,cross-category,https://cloudconvert.com/mp4-converter
6659,cavs,psd,"cavs to psd",TIER-2,enumerated (heuristic order),,,video,image,cross-category,https://cloudconvert.com/mp4-converter
6660,cavs,raw,"cavs to raw",TIER-2,enumerated (heuristic order),,,video,image,cross-category,https://cloudconvert.com/mp4-converter
6661,cavs,tif,"cavs to tif",TIER-2,enumerated (heuristic order),,,video,image,cross-category,https://cloudconvert.com/mp4-converter
6662,cavs,tiff,"cavs to tiff",TIER-2,enumerated (heuristic order),,,video,image,cross-category,https://cloudconvert.com/mp4-converter
6663,cavs,wma,"cavs to wma",TIER-2,enumerated (heuristic order),,,video,audio,cross-category,https://cloudconvert.com/mp4-converter
6718,cr3,cdr,"cr3 to cdr",TIER-2,enumerated (heuristic order),,,image,vector,cross-category,https://cloudconvert.com/image-converter
6719,cr3,dxf,"cr3 to dxf",TIER-2,enumerated (heuristic order),,,image,vector,cross-category,https://cloudconvert.com/image-converter
6720,cr3,key,"cr3 to key",TIER-2,enumerated (heuristic order),,,image,presentation,cross-category,https://cloudconvert.com/image-converter
6721,cr3,md,"cr3 to md",TIER-2,enumerated (heuristic order),,,image,document,cross-category,https://cloudconvert.com/image-converter
6722,cr3,odp,"cr3 to odp",TIER-2,enumerated (heuristic order),,,image,presentation,cross-category,https://cloudconvert.com/image-converter
6723,cr3,odt,"cr3 to odt",TIER-2,enumerated (heuristic order),,,image,document,cross-category,https://cloudconvert.com/image-converter
6724,cr3,pages,"cr3 to pages",TIER-2,enumerated (heuristic order),,,image,document,cross-category,https://cloudconvert.com/image-converter
6725,cr3,rtf,"cr3 to rtf",TIER-2,enumerated (heuristic order),,,image,document,cross-category,https://cloudconvert.com/image-converter
6726,crw,cdr,"crw to cdr",TIER-2,enumerated (heuristic order),,,image,vector,cross-category,https://cloudconvert.com/image-converter
6727,crw,dxf,"crw to dxf",TIER-2,enumerated (heuristic order),,,image,vector,cross-category,https://cloudconvert.com/image-converter
6728,crw,key,"crw to key",TIER-2,enumerated (heuristic order),,,image,presentation,cross-category,https://cloudconvert.com/image-converter
6729,crw,md,"crw to md",TIER-2,enumerated (heuristic order),,,image,document,cross-category,https://cloudconvert.com/image-converter
6730,crw,odp,"crw to odp",TIER-2,enumerated (heuristic order),,,image,presentation,cross-category,https://cloudconvert.com/image-converter
6731,crw,odt,"crw to odt",TIER-2,enumerated (heuristic order),,,image,document,cross-category,https://cloudconvert.com/image-converter
6732,crw,pages,"crw to pages",TIER-2,enumerated (heuristic order),,,image,document,cross-category,https://cloudconvert.com/image-converter
6733,crw,rtf,"crw to rtf",TIER-2,enumerated (heuristic order),,,image,document,cross-category,https://cloudconvert.com/image-converter
6734,dcr,cdr,"dcr to cdr",TIER-2,enumerated (heuristic order),,,image,vector,cross-category,https://cloudconvert.com/image-converter
6735,dcr,dxf,"dcr to dxf",TIER-2,enumerated (heuristic order),,,image,vector,cross-category,https://cloudconvert.com/image-converter
6736,dcr,key,"dcr to key",TIER-2,enumerated (heuristic order),,,image,presentation,cross-category,https://cloudconvert.com/image-converter
6737,dcr,md,"dcr to md",TIER-2,enumerated (heuristic order),,,image,document,cross-category,https://cloudconvert.com/image-converter
6738,dcr,odp,"dcr to odp",TIER-2,enumerated (heuristic order),,,image,presentation,cross-category,https://cloudconvert.com/image-converter
6739,dcr,odt,"dcr to odt",TIER-2,enumerated (heuristic order),,,image,document,cross-category,https://cloudconvert.com/image-converter
6740,dcr,pages,"dcr to pages",TIER-2,enumerated (heuristic order),,,image,document,cross-category,https://cloudconvert.com/image-converter
6741,dcr,rtf,"dcr to rtf",TIER-2,enumerated (heuristic order),,,image,document,cross-category,https://cloudconvert.com/image-converter
6844,dss,3gp,"dss to 3gp",TIER-2,enumerated (heuristic order),,,audio,video,cross-category,https://cloudconvert.com/audio-converter
6845,dss,flv,"dss to flv",TIER-2,enumerated (heuristic order),,,audio,video,cross-category,https://cloudconvert.com/audio-converter
6846,dss,m4v,"dss to m4v",TIER-2,enumerated (heuristic order),,,audio,video,cross-category,https://cloudconvert.com/audio-converter
6847,dss,mpeg,"dss to mpeg",TIER-2,enumerated (heuristic order),,,audio,video,cross-category,https://cloudconvert.com/audio-converter
6848,dss,mpg,"dss to mpg",TIER-2,enumerated (heuristic order),,,audio,video,cross-category,https://cloudconvert.com/audio-converter
6849,dss,ts,"dss to ts",TIER-2,enumerated (heuristic order),,,audio,video,cross-category,https://cloudconvert.com/audio-converter
6850,dss,wmv,"dss to wmv",TIER-2,enumerated (heuristic order),,,audio,video,cross-category,https://cloudconvert.com/audio-converter
6851,dv,aif,"dv to aif",TIER-2,enumerated (heuristic order),,,video,audio,cross-category,https://cloudconvert.com/mp4-converter
6852,dv,aiff,"dv to aiff",TIER-2,enumerated (heuristic order),,,video,audio,cross-category,https://cloudconvert.com/mp4-converter
6853,dv,arw,"dv to arw",TIER-2,enumerated (heuristic order),,,video,image,cross-category,https://cloudconvert.com/mp4-converter
6854,dv,avif,"dv to avif",TIER-2,enumerated (heuristic order),,,video,image,cross-category,https://cloudconvert.com/mp4-converter
6855,dv,bmp,"dv to bmp",TIER-2,enumerated (heuristic order),,,video,image,cross-category,https://cloudconvert.com/mp4-converter
6856,dv,cr2,"dv to cr2",TIER-2,enumerated (heuristic order),,,video,image,cross-category,https://cloudconvert.com/mp4-converter
6857,dv,dng,"dv to dng",TIER-2,enumerated (heuristic order),,,video,image,cross-category,https://cloudconvert.com/mp4-converter
6858,dv,eps,"dv to eps",TIER-2,enumerated (heuristic order),,,video,image,cross-category,https://cloudconvert.com/mp4-converter
6859,dv,heif,"dv to heif",TIER-2,enumerated (heuristic order),,,video,image,cross-category,https://cloudconvert.com/mp4-converter
6860,dv,ico,"dv to ico",TIER-2,enumerated (heuristic order),,,video,image,cross-category,https://cloudconvert.com/mp4-converter
6861,dv,jfif,"dv to jfif",TIER-2,enumerated (heuristic order),,,video,image,cross-category,https://cloudconvert.com/mp4-converter
6862,dv,nef,"dv to nef",TIER-2,enumerated (heuristic order),,,video,image,cross-category,https://cloudconvert.com/mp4-converter
6863,dv,oga,"dv to oga",TIER-2,enumerated (heuristic order),,,video,audio,cross-category,https://cloudconvert.com/mp4-converter
6864,dv,ogg,"dv to ogg",TIER-2,enumerated (heuristic order),,,video,audio,cross-category,https://cloudconvert.com/mp4-converter
6865,dv,opus,"dv to opus",TIER-2,enumerated (heuristic order),,,video,audio,cross-category,https://cloudconvert.com/mp4-converter
6866,dv,psd,"dv to psd",TIER-2,enumerated (heuristic order),,,video,image,cross-category,https://cloudconvert.com/mp4-converter
6867,dv,raw,"dv to raw",TIER-2,enumerated (heuristic order),,,video,image,cross-category,https://cloudconvert.com/mp4-converter
6868,dv,tif,"dv to tif",TIER-2,enumerated (heuristic order),,,video,image,cross-category,https://cloudconvert.com/mp4-converter
6869,dv,tiff,"dv to tiff",TIER-2,enumerated (heuristic order),,,video,image,cross-category,https://cloudconvert.com/mp4-converter
6870,dv,wma,"dv to wma",TIER-2,enumerated (heuristic order),,,video,audio,cross-category,https://cloudconvert.com/mp4-converter
6871,dvr,aif,"dvr to aif",TIER-2,enumerated (heuristic order),,,video,audio,cross-category,https://cloudconvert.com/mp4-converter
6872,dvr,aiff,"dvr to aiff",TIER-2,enumerated (heuristic order),,,video,audio,cross-category,https://cloudconvert.com/mp4-converter
6873,dvr,arw,"dvr to arw",TIER-2,enumerated (heuristic order),,,video,image,cross-category,https://cloudconvert.com/mp4-converter
6874,dvr,avif,"dvr to avif",TIER-2,enumerated (heuristic order),,,video,image,cross-category,https://cloudconvert.com/mp4-converter
6875,dvr,bmp,"dvr to bmp",TIER-2,enumerated (heuristic order),,,video,image,cross-category,https://cloudconvert.com/mp4-converter
6876,dvr,cr2,"dvr to cr2",TIER-2,enumerated (heuristic order),,,video,image,cross-category,https://cloudconvert.com/mp4-converter
6877,dvr,dng,"dvr to dng",TIER-2,enumerated (heuristic order),,,video,image,cross-category,https://cloudconvert.com/mp4-converter
6878,dvr,eps,"dvr to eps",TIER-2,enumerated (heuristic order),,,video,image,cross-category,https://cloudconvert.com/mp4-converter
6879,dvr,heif,"dvr to heif",TIER-2,enumerated (heuristic order),,,video,image,cross-category,https://cloudconvert.com/mp4-converter
6880,dvr,ico,"dvr to ico",TIER-2,enumerated (heuristic order),,,video,image,cross-category,https://cloudconvert.com/mp4-converter
6881,dvr,jfif,"dvr to jfif",TIER-2,enumerated (heuristic order),,,video,image,cross-category,https://cloudconvert.com/mp4-converter
6882,dvr,nef,"dvr to nef",TIER-2,enumerated (heuristic order),,,video,image,cross-category,https://cloudconvert.com/mp4-converter
6883,dvr,oga,"dvr to oga",TIER-2,enumerated (heuristic order),,,video,audio,cross-category,https://cloudconvert.com/mp4-converter
6884,dvr,ogg,"dvr to ogg",TIER-2,enumerated (heuristic order),,,video,audio,cross-category,https://cloudconvert.com/mp4-converter
6885,dvr,opus,"dvr to opus",TIER-2,enumerated (heuristic order),,,video,audio,cross-category,https://cloudconvert.com/mp4-converter
6886,dvr,psd,"dvr to psd",TIER-2,enumerated (heuristic order),,,video,image,cross-category,https://cloudconvert.com/mp4-converter
6887,dvr,raw,"dvr to raw",TIER-2,enumerated (heuristic order),,,video,image,cross-category,https://cloudconvert.com/mp4-converter
6888,dvr,tif,"dvr to tif",TIER-2,enumerated (heuristic order),,,video,image,cross-category,https://cloudconvert.com/mp4-converter
6889,dvr,tiff,"dvr to tiff",TIER-2,enumerated (heuristic order),,,video,image,cross-category,https://cloudconvert.com/mp4-converter
6890,dvr,wma,"dvr to wma",TIER-2,enumerated (heuristic order),,,video,audio,cross-category,https://cloudconvert.com/mp4-converter
6909,erf,cdr,"erf to cdr",TIER-2,enumerated (heuristic order),,,image,vector,cross-category,https://cloudconvert.com/image-converter
6910,erf,dxf,"erf to dxf",TIER-2,enumerated (heuristic order),,,image,vector,cross-category,https://cloudconvert.com/image-converter
6911,erf,key,"erf to key",TIER-2,enumerated (heuristic order),,,image,presentation,cross-category,https://cloudconvert.com/image-converter
6912,erf,md,"erf to md",TIER-2,enumerated (heuristic order),,,image,document,cross-category,https://cloudconvert.com/image-converter
6913,erf,odp,"erf to odp",TIER-2,enumerated (heuristic order),,,image,presentation,cross-category,https://cloudconvert.com/image-converter
6914,erf,odt,"erf to odt",TIER-2,enumerated (heuristic order),,,image,document,cross-category,https://cloudconvert.com/image-converter
6915,erf,pages,"erf to pages",TIER-2,enumerated (heuristic order),,,image,document,cross-category,https://cloudconvert.com/image-converter
6916,erf,rtf,"erf to rtf",TIER-2,enumerated (heuristic order),,,image,document,cross-category,https://cloudconvert.com/image-converter
6995,icns,cdr,"icns to cdr",TIER-2,enumerated (heuristic order),,,image,vector,cross-category,https://cloudconvert.com/image-converter
6996,icns,dxf,"icns to dxf",TIER-2,enumerated (heuristic order),,,image,vector,cross-category,https://cloudconvert.com/image-converter
6997,icns,key,"icns to key",TIER-2,enumerated (heuristic order),,,image,presentation,cross-category,https://cloudconvert.com/image-converter
6998,icns,md,"icns to md",TIER-2,enumerated (heuristic order),,,image,document,cross-category,https://cloudconvert.com/image-converter
6999,icns,odp,"icns to odp",TIER-2,enumerated (heuristic order),,,image,presentation,cross-category,https://cloudconvert.com/image-converter
7000,icns,odt,"icns to odt",TIER-2,enumerated (heuristic order),,,image,document,cross-category,https://cloudconvert.com/image-converter
7001,icns,pages,"icns to pages",TIER-2,enumerated (heuristic order),,,image,document,cross-category,https://cloudconvert.com/image-converter
7002,icns,rtf,"icns to rtf",TIER-2,enumerated (heuristic order),,,image,document,cross-category,https://cloudconvert.com/image-converter
7060,m2ts,aif,"m2ts to aif",TIER-2,enumerated (heuristic order),,,video,audio,cross-category,https://cloudconvert.com/mp4-converter
7061,m2ts,aiff,"m2ts to aiff",TIER-2,enumerated (heuristic order),,,video,audio,cross-category,https://cloudconvert.com/mp4-converter
7062,m2ts,arw,"m2ts to arw",TIER-2,enumerated (heuristic order),,,video,image,cross-category,https://cloudconvert.com/mp4-converter
7063,m2ts,avif,"m2ts to avif",TIER-2,enumerated (heuristic order),,,video,image,cross-category,https://cloudconvert.com/mp4-converter
7064,m2ts,bmp,"m2ts to bmp",TIER-2,enumerated (heuristic order),,,video,image,cross-category,https://cloudconvert.com/mp4-converter
7065,m2ts,cr2,"m2ts to cr2",TIER-2,enumerated (heuristic order),,,video,image,cross-category,https://cloudconvert.com/mp4-converter
7066,m2ts,dng,"m2ts to dng",TIER-2,enumerated (heuristic order),,,video,image,cross-category,https://cloudconvert.com/mp4-converter
7067,m2ts,eps,"m2ts to eps",TIER-2,enumerated (heuristic order),,,video,image,cross-category,https://cloudconvert.com/mp4-converter
7068,m2ts,heif,"m2ts to heif",TIER-2,enumerated (heuristic order),,,video,image,cross-category,https://cloudconvert.com/mp4-converter
7069,m2ts,ico,"m2ts to ico",TIER-2,enumerated (heuristic order),,,video,image,cross-category,https://cloudconvert.com/mp4-converter
7070,m2ts,jfif,"m2ts to jfif",TIER-2,enumerated (heuristic order),,,video,image,cross-category,https://cloudconvert.com/mp4-converter
7071,m2ts,nef,"m2ts to nef",TIER-2,enumerated (heuristic order),,,video,image,cross-category,https://cloudconvert.com/mp4-converter
7072,m2ts,oga,"m2ts to oga",TIER-2,enumerated (heuristic order),,,video,audio,cross-category,https://cloudconvert.com/mp4-converter
7073,m2ts,ogg,"m2ts to ogg",TIER-2,enumerated (heuristic order),,,video,audio,cross-category,https://cloudconvert.com/mp4-converter
7074,m2ts,opus,"m2ts to opus",TIER-2,enumerated (heuristic order),,,video,audio,cross-category,https://cloudconvert.com/mp4-converter
7075,m2ts,psd,"m2ts to psd",TIER-2,enumerated (heuristic order),,,video,image,cross-category,https://cloudconvert.com/mp4-converter
7076,m2ts,raw,"m2ts to raw",TIER-2,enumerated (heuristic order),,,video,image,cross-category,https://cloudconvert.com/mp4-converter
7077,m2ts,tif,"m2ts to tif",TIER-2,enumerated (heuristic order),,,video,image,cross-category,https://cloudconvert.com/mp4-converter
7078,m2ts,tiff,"m2ts to tiff",TIER-2,enumerated (heuristic order),,,video,image,cross-category,https://cloudconvert.com/mp4-converter
7079,m2ts,wma,"m2ts to wma",TIER-2,enumerated (heuristic order),,,video,audio,cross-category,https://cloudconvert.com/mp4-converter
7080,m4b,3gp,"m4b to 3gp",TIER-2,enumerated (heuristic order),,,audio,video,cross-category,https://cloudconvert.com/audio-converter
7081,m4b,flv,"m4b to flv",TIER-2,enumerated (heuristic order),,,audio,video,cross-category,https://cloudconvert.com/audio-converter
7082,m4b,m4v,"m4b to m4v",TIER-2,enumerated (heuristic order),,,audio,video,cross-category,https://cloudconvert.com/audio-converter
7083,m4b,mpeg,"m4b to mpeg",TIER-2,enumerated (heuristic order),,,audio,video,cross-category,https://cloudconvert.com/audio-converter
7084,m4b,mpg,"m4b to mpg",TIER-2,enumerated (heuristic order),,,audio,video,cross-category,https://cloudconvert.com/audio-converter
7085,m4b,ts,"m4b to ts",TIER-2,enumerated (heuristic order),,,audio,video,cross-category,https://cloudconvert.com/audio-converter
7086,m4b,wmv,"m4b to wmv",TIER-2,enumerated (heuristic order),,,audio,video,cross-category,https://cloudconvert.com/audio-converter
7087,mod,aif,"mod to aif",TIER-2,enumerated (heuristic order),,,video,audio,cross-category,https://cloudconvert.com/mp4-converter
7088,mod,aiff,"mod to aiff",TIER-2,enumerated (heuristic order),,,video,audio,cross-category,https://cloudconvert.com/mp4-converter
7089,mod,arw,"mod to arw",TIER-2,enumerated (heuristic order),,,video,image,cross-category,https://cloudconvert.com/mp4-converter
7090,mod,avif,"mod to avif",TIER-2,enumerated (heuristic order),,,video,image,cross-category,https://cloudconvert.com/mp4-converter
7091,mod,bmp,"mod to bmp",TIER-2,enumerated (heuristic order),,,video,image,cross-category,https://cloudconvert.com/mp4-converter
7092,mod,cr2,"mod to cr2",TIER-2,enumerated (heuristic order),,,video,image,cross-category,https://cloudconvert.com/mp4-converter
7093,mod,dng,"mod to dng",TIER-2,enumerated (heuristic order),,,video,image,cross-category,https://cloudconvert.com/mp4-converter
7094,mod,eps,"mod to eps",TIER-2,enumerated (heuristic order),,,video,image,cross-category,https://cloudconvert.com/mp4-converter
7095,mod,heif,"mod to heif",TIER-2,enumerated (heuristic order),,,video,image,cross-category,https://cloudconvert.com/mp4-converter
7096,mod,ico,"mod to ico",TIER-2,enumerated (heuristic order),,,video,image,cross-category,https://cloudconvert.com/mp4-converter
7097,mod,jfif,"mod to jfif",TIER-2,enumerated (heuristic order),,,video,image,cross-category,https://cloudconvert.com/mp4-converter
7098,mod,nef,"mod to nef",TIER-2,enumerated (heuristic order),,,video,image,cross-category,https://cloudconvert.com/mp4-converter
7099,mod,oga,"mod to oga",TIER-2,enumerated (heuristic order),,,video,audio,cross-category,https://cloudconvert.com/mp4-converter
7100,mod,ogg,"mod to ogg",TIER-2,enumerated (heuristic order),,,video,audio,cross-category,https://cloudconvert.com/mp4-converter
7101,mod,opus,"mod to opus",TIER-2,enumerated (heuristic order),,,video,audio,cross-category,https://cloudconvert.com/mp4-converter
7102,mod,psd,"mod to psd",TIER-2,enumerated (heuristic order),,,video,image,cross-category,https://cloudconvert.com/mp4-converter
7103,mod,raw,"mod to raw",TIER-2,enumerated (heuristic order),,,video,image,cross-category,https://cloudconvert.com/mp4-converter
7104,mod,tif,"mod to tif",TIER-2,enumerated (heuristic order),,,video,image,cross-category,https://cloudconvert.com/mp4-converter
7105,mod,tiff,"mod to tiff",TIER-2,enumerated (heuristic order),,,video,image,cross-category,https://cloudconvert.com/mp4-converter
7106,mod,wma,"mod to wma",TIER-2,enumerated (heuristic order),,,video,audio,cross-category,https://cloudconvert.com/mp4-converter
7107,mos,cdr,"mos to cdr",TIER-2,enumerated (heuristic order),,,image,vector,cross-category,https://cloudconvert.com/image-converter
7108,mos,dxf,"mos to dxf",TIER-2,enumerated (heuristic order),,,image,vector,cross-category,https://cloudconvert.com/image-converter
7109,mos,key,"mos to key",TIER-2,enumerated (heuristic order),,,image,presentation,cross-category,https://cloudconvert.com/image-converter
7110,mos,md,"mos to md",TIER-2,enumerated (heuristic order),,,image,document,cross-category,https://cloudconvert.com/image-converter
7111,mos,odp,"mos to odp",TIER-2,enumerated (heuristic order),,,image,presentation,cross-category,https://cloudconvert.com/image-converter
7112,mos,odt,"mos to odt",TIER-2,enumerated (heuristic order),,,image,document,cross-category,https://cloudconvert.com/image-converter
7113,mos,pages,"mos to pages",TIER-2,enumerated (heuristic order),,,image,document,cross-category,https://cloudconvert.com/image-converter
7114,mos,rtf,"mos to rtf",TIER-2,enumerated (heuristic order),,,image,document,cross-category,https://cloudconvert.com/image-converter
7115,mrw,cdr,"mrw to cdr",TIER-2,enumerated (heuristic order),,,image,vector,cross-category,https://cloudconvert.com/image-converter
7116,mrw,dxf,"mrw to dxf",TIER-2,enumerated (heuristic order),,,image,vector,cross-category,https://cloudconvert.com/image-converter
7117,mrw,key,"mrw to key",TIER-2,enumerated (heuristic order),,,image,presentation,cross-category,https://cloudconvert.com/image-converter
7118,mrw,md,"mrw to md",TIER-2,enumerated (heuristic order),,,image,document,cross-category,https://cloudconvert.com/image-converter
7119,mrw,odp,"mrw to odp",TIER-2,enumerated (heuristic order),,,image,presentation,cross-category,https://cloudconvert.com/image-converter
7120,mrw,odt,"mrw to odt",TIER-2,enumerated (heuristic order),,,image,document,cross-category,https://cloudconvert.com/image-converter
7121,mrw,pages,"mrw to pages",TIER-2,enumerated (heuristic order),,,image,document,cross-category,https://cloudconvert.com/image-converter
7122,mrw,rtf,"mrw to rtf",TIER-2,enumerated (heuristic order),,,image,document,cross-category,https://cloudconvert.com/image-converter
7123,mts,aif,"mts to aif",TIER-2,enumerated (heuristic order),,,video,audio,cross-category,https://cloudconvert.com/mp4-converter
7124,mts,aiff,"mts to aiff",TIER-2,enumerated (heuristic order),,,video,audio,cross-category,https://cloudconvert.com/mp4-converter
7125,mts,arw,"mts to arw",TIER-2,enumerated (heuristic order),,,video,image,cross-category,https://cloudconvert.com/mp4-converter
7126,mts,avif,"mts to avif",TIER-2,enumerated (heuristic order),,,video,image,cross-category,https://cloudconvert.com/mp4-converter
7127,mts,bmp,"mts to bmp",TIER-2,enumerated (heuristic order),,,video,image,cross-category,https://cloudconvert.com/mp4-converter
7128,mts,cr2,"mts to cr2",TIER-2,enumerated (heuristic order),,,video,image,cross-category,https://cloudconvert.com/mp4-converter
7129,mts,dng,"mts to dng",TIER-2,enumerated (heuristic order),,,video,image,cross-category,https://cloudconvert.com/mp4-converter
7130,mts,eps,"mts to eps",TIER-2,enumerated (heuristic order),,,video,image,cross-category,https://cloudconvert.com/mp4-converter
7131,mts,heif,"mts to heif",TIER-2,enumerated (heuristic order),,,video,image,cross-category,https://cloudconvert.com/mp4-converter
7132,mts,ico,"mts to ico",TIER-2,enumerated (heuristic order),,,video,image,cross-category,https://cloudconvert.com/mp4-converter
7133,mts,jfif,"mts to jfif",TIER-2,enumerated (heuristic order),,,video,image,cross-category,https://cloudconvert.com/mp4-converter
7134,mts,nef,"mts to nef",TIER-2,enumerated (heuristic order),,,video,image,cross-category,https://cloudconvert.com/mp4-converter
7135,mts,oga,"mts to oga",TIER-2,enumerated (heuristic order),,,video,audio,cross-category,https://cloudconvert.com/mp4-converter
7136,mts,ogg,"mts to ogg",TIER-2,enumerated (heuristic order),,,video,audio,cross-category,https://cloudconvert.com/mp4-converter
7137,mts,opus,"mts to opus",TIER-2,enumerated (heuristic order),,,video,audio,cross-category,https://cloudconvert.com/mp4-converter
7138,mts,psd,"mts to psd",TIER-2,enumerated (heuristic order),,,video,image,cross-category,https://cloudconvert.com/mp4-converter
7139,mts,raw,"mts to raw",TIER-2,enumerated (heuristic order),,,video,image,cross-category,https://cloudconvert.com/mp4-converter
7140,mts,tif,"mts to tif",TIER-2,enumerated (heuristic order),,,video,image,cross-category,https://cloudconvert.com/mp4-converter
7141,mts,tiff,"mts to tiff",TIER-2,enumerated (heuristic order),,,video,image,cross-category,https://cloudconvert.com/mp4-converter
7142,mts,wma,"mts to wma",TIER-2,enumerated (heuristic order),,,video,audio,cross-category,https://cloudconvert.com/mp4-converter
7143,mxf,aif,"mxf to aif",TIER-2,enumerated (heuristic order),,,video,audio,cross-category,https://cloudconvert.com/mp4-converter
7144,mxf,aiff,"mxf to aiff",TIER-2,enumerated (heuristic order),,,video,audio,cross-category,https://cloudconvert.com/mp4-converter
7145,mxf,arw,"mxf to arw",TIER-2,enumerated (heuristic order),,,video,image,cross-category,https://cloudconvert.com/mp4-converter
7146,mxf,avif,"mxf to avif",TIER-2,enumerated (heuristic order),,,video,image,cross-category,https://cloudconvert.com/mp4-converter
7147,mxf,bmp,"mxf to bmp",TIER-2,enumerated (heuristic order),,,video,image,cross-category,https://cloudconvert.com/mp4-converter
7148,mxf,cr2,"mxf to cr2",TIER-2,enumerated (heuristic order),,,video,image,cross-category,https://cloudconvert.com/mp4-converter
7149,mxf,dng,"mxf to dng",TIER-2,enumerated (heuristic order),,,video,image,cross-category,https://cloudconvert.com/mp4-converter
7150,mxf,eps,"mxf to eps",TIER-2,enumerated (heuristic order),,,video,image,cross-category,https://cloudconvert.com/mp4-converter
7151,mxf,heif,"mxf to heif",TIER-2,enumerated (heuristic order),,,video,image,cross-category,https://cloudconvert.com/mp4-converter
7152,mxf,ico,"mxf to ico",TIER-2,enumerated (heuristic order),,,video,image,cross-category,https://cloudconvert.com/mp4-converter
7153,mxf,jfif,"mxf to jfif",TIER-2,enumerated (heuristic order),,,video,image,cross-category,https://cloudconvert.com/mp4-converter
7154,mxf,nef,"mxf to nef",TIER-2,enumerated (heuristic order),,,video,image,cross-category,https://cloudconvert.com/mp4-converter
7155,mxf,oga,"mxf to oga",TIER-2,enumerated (heuristic order),,,video,audio,cross-category,https://cloudconvert.com/mp4-converter
7156,mxf,ogg,"mxf to ogg",TIER-2,enumerated (heuristic order),,,video,audio,cross-category,https://cloudconvert.com/mp4-converter
7157,mxf,opus,"mxf to opus",TIER-2,enumerated (heuristic order),,,video,audio,cross-category,https://cloudconvert.com/mp4-converter
7158,mxf,psd,"mxf to psd",TIER-2,enumerated (heuristic order),,,video,image,cross-category,https://cloudconvert.com/mp4-converter
7159,mxf,raw,"mxf to raw",TIER-2,enumerated (heuristic order),,,video,image,cross-category,https://cloudconvert.com/mp4-converter
7160,mxf,tif,"mxf to tif",TIER-2,enumerated (heuristic order),,,video,image,cross-category,https://cloudconvert.com/mp4-converter
7161,mxf,tiff,"mxf to tiff",TIER-2,enumerated (heuristic order),,,video,image,cross-category,https://cloudconvert.com/mp4-converter
7162,mxf,wma,"mxf to wma",TIER-2,enumerated (heuristic order),,,video,audio,cross-category,https://cloudconvert.com/mp4-converter
7163,odd,cdr,"odd to cdr",TIER-2,enumerated (heuristic order),,,image,vector,cross-category,https://cloudconvert.com/image-converter
7164,odd,dxf,"odd to dxf",TIER-2,enumerated (heuristic order),,,image,vector,cross-category,https://cloudconvert.com/image-converter
7165,odd,key,"odd to key",TIER-2,enumerated (heuristic order),,,image,presentation,cross-category,https://cloudconvert.com/image-converter
7166,odd,md,"odd to md",TIER-2,enumerated (heuristic order),,,image,document,cross-category,https://cloudconvert.com/image-converter
7167,odd,odp,"odd to odp",TIER-2,enumerated (heuristic order),,,image,presentation,cross-category,https://cloudconvert.com/image-converter
7168,odd,odt,"odd to odt",TIER-2,enumerated (heuristic order),,,image,document,cross-category,https://cloudconvert.com/image-converter
7169,odd,pages,"odd to pages",TIER-2,enumerated (heuristic order),,,image,document,cross-category,https://cloudconvert.com/image-converter
7170,odd,rtf,"odd to rtf",TIER-2,enumerated (heuristic order),,,image,document,cross-category,https://cloudconvert.com/image-converter
7171,odg,cdr,"odg to cdr",TIER-2,enumerated (heuristic order),,,image,vector,cross-category,https://cloudconvert.com/image-converter
7172,odg,dxf,"odg to dxf",TIER-2,enumerated (heuristic order),,,image,vector,cross-category,https://cloudconvert.com/image-converter
7173,odg,key,"odg to key",TIER-2,enumerated (heuristic order),,,image,presentation,cross-category,https://cloudconvert.com/image-converter
7174,odg,md,"odg to md",TIER-2,enumerated (heuristic order),,,image,document,cross-category,https://cloudconvert.com/image-converter
7175,odg,odp,"odg to odp",TIER-2,enumerated (heuristic order),,,image,presentation,cross-category,https://cloudconvert.com/image-converter
7176,odg,odt,"odg to odt",TIER-2,enumerated (heuristic order),,,image,document,cross-category,https://cloudconvert.com/image-converter
7177,odg,pages,"odg to pages",TIER-2,enumerated (heuristic order),,,image,document,cross-category,https://cloudconvert.com/image-converter
7178,odg,rtf,"odg to rtf",TIER-2,enumerated (heuristic order),,,image,document,cross-category,https://cloudconvert.com/image-converter
7197,ogv,aif,"ogv to aif",TIER-2,enumerated (heuristic order),,,video,audio,cross-category,https://cloudconvert.com/mp4-converter
7198,ogv,aiff,"ogv to aiff",TIER-2,enumerated (heuristic order),,,video,audio,cross-category,https://cloudconvert.com/mp4-converter
7199,ogv,arw,"ogv to arw",TIER-2,enumerated (heuristic order),,,video,image,cross-category,https://cloudconvert.com/mp4-converter
7200,ogv,avif,"ogv to avif",TIER-2,enumerated (heuristic order),,,video,image,cross-category,https://cloudconvert.com/mp4-converter
7201,ogv,bmp,"ogv to bmp",TIER-2,enumerated (heuristic order),,,video,image,cross-category,https://cloudconvert.com/mp4-converter
7202,ogv,cr2,"ogv to cr2",TIER-2,enumerated (heuristic order),,,video,image,cross-category,https://cloudconvert.com/mp4-converter
7203,ogv,dng,"ogv to dng",TIER-2,enumerated (heuristic order),,,video,image,cross-category,https://cloudconvert.com/mp4-converter
7204,ogv,eps,"ogv to eps",TIER-2,enumerated (heuristic order),,,video,image,cross-category,https://cloudconvert.com/mp4-converter
7205,ogv,heif,"ogv to heif",TIER-2,enumerated (heuristic order),,,video,image,cross-category,https://cloudconvert.com/mp4-converter
7206,ogv,ico,"ogv to ico",TIER-2,enumerated (heuristic order),,,video,image,cross-category,https://cloudconvert.com/mp4-converter
7207,ogv,jfif,"ogv to jfif",TIER-2,enumerated (heuristic order),,,video,image,cross-category,https://cloudconvert.com/mp4-converter
7208,ogv,nef,"ogv to nef",TIER-2,enumerated (heuristic order),,,video,image,cross-category,https://cloudconvert.com/mp4-converter
7209,ogv,oga,"ogv to oga",TIER-2,enumerated (heuristic order),,,video,audio,cross-category,https://cloudconvert.com/mp4-converter
7210,ogv,ogg,"ogv to ogg",TIER-2,enumerated (heuristic order),,,video,audio,cross-category,https://cloudconvert.com/mp4-converter
7211,ogv,opus,"ogv to opus",TIER-2,enumerated (heuristic order),,,video,audio,cross-category,https://cloudconvert.com/mp4-converter
7212,ogv,psd,"ogv to psd",TIER-2,enumerated (heuristic order),,,video,image,cross-category,https://cloudconvert.com/mp4-converter
7213,ogv,raw,"ogv to raw",TIER-2,enumerated (heuristic order),,,video,image,cross-category,https://cloudconvert.com/mp4-converter
7214,ogv,tif,"ogv to tif",TIER-2,enumerated (heuristic order),,,video,image,cross-category,https://cloudconvert.com/mp4-converter
7215,ogv,tiff,"ogv to tiff",TIER-2,enumerated (heuristic order),,,video,image,cross-category,https://cloudconvert.com/mp4-converter
7216,ogv,wma,"ogv to wma",TIER-2,enumerated (heuristic order),,,video,audio,cross-category,https://cloudconvert.com/mp4-converter
7217,orf,cdr,"orf to cdr",TIER-2,enumerated (heuristic order),,,image,vector,cross-category,https://cloudconvert.com/image-converter
7218,orf,dxf,"orf to dxf",TIER-2,enumerated (heuristic order),,,image,vector,cross-category,https://cloudconvert.com/image-converter
7219,orf,key,"orf to key",TIER-2,enumerated (heuristic order),,,image,presentation,cross-category,https://cloudconvert.com/image-converter
7220,orf,md,"orf to md",TIER-2,enumerated (heuristic order),,,image,document,cross-category,https://cloudconvert.com/image-converter
7221,orf,odp,"orf to odp",TIER-2,enumerated (heuristic order),,,image,presentation,cross-category,https://cloudconvert.com/image-converter
7222,orf,odt,"orf to odt",TIER-2,enumerated (heuristic order),,,image,document,cross-category,https://cloudconvert.com/image-converter
7223,orf,pages,"orf to pages",TIER-2,enumerated (heuristic order),,,image,document,cross-category,https://cloudconvert.com/image-converter
7224,orf,rtf,"orf to rtf",TIER-2,enumerated (heuristic order),,,image,document,cross-category,https://cloudconvert.com/image-converter
7243,pef,cdr,"pef to cdr",TIER-2,enumerated (heuristic order),,,image,vector,cross-category,https://cloudconvert.com/image-converter
7244,pef,dxf,"pef to dxf",TIER-2,enumerated (heuristic order),,,image,vector,cross-category,https://cloudconvert.com/image-converter
7245,pef,key,"pef to key",TIER-2,enumerated (heuristic order),,,image,presentation,cross-category,https://cloudconvert.com/image-converter
7246,pef,md,"pef to md",TIER-2,enumerated (heuristic order),,,image,document,cross-category,https://cloudconvert.com/image-converter
7247,pef,odp,"pef to odp",TIER-2,enumerated (heuristic order),,,image,presentation,cross-category,https://cloudconvert.com/image-converter
7248,pef,odt,"pef to odt",TIER-2,enumerated (heuristic order),,,image,document,cross-category,https://cloudconvert.com/image-converter
7249,pef,pages,"pef to pages",TIER-2,enumerated (heuristic order),,,image,document,cross-category,https://cloudconvert.com/image-converter
7250,pef,rtf,"pef to rtf",TIER-2,enumerated (heuristic order),,,image,document,cross-category,https://cloudconvert.com/image-converter
7305,ppm,cdr,"ppm to cdr",TIER-2,enumerated (heuristic order),,,image,vector,cross-category,https://cloudconvert.com/image-converter
7306,ppm,dxf,"ppm to dxf",TIER-2,enumerated (heuristic order),,,image,vector,cross-category,https://cloudconvert.com/image-converter
7307,ppm,key,"ppm to key",TIER-2,enumerated (heuristic order),,,image,presentation,cross-category,https://cloudconvert.com/image-converter
7308,ppm,md,"ppm to md",TIER-2,enumerated (heuristic order),,,image,document,cross-category,https://cloudconvert.com/image-converter
7309,ppm,odp,"ppm to odp",TIER-2,enumerated (heuristic order),,,image,presentation,cross-category,https://cloudconvert.com/image-converter
7310,ppm,odt,"ppm to odt",TIER-2,enumerated (heuristic order),,,image,document,cross-category,https://cloudconvert.com/image-converter
7311,ppm,pages,"ppm to pages",TIER-2,enumerated (heuristic order),,,image,document,cross-category,https://cloudconvert.com/image-converter
7312,ppm,rtf,"ppm to rtf",TIER-2,enumerated (heuristic order),,,image,document,cross-category,https://cloudconvert.com/image-converter
7385,ps,cdr,"ps to cdr",TIER-2,enumerated (heuristic order),,,image,vector,cross-category,https://cloudconvert.com/image-converter
7386,ps,dxf,"ps to dxf",TIER-2,enumerated (heuristic order),,,image,vector,cross-category,https://cloudconvert.com/image-converter
7387,ps,key,"ps to key",TIER-2,enumerated (heuristic order),,,image,presentation,cross-category,https://cloudconvert.com/image-converter
7388,ps,md,"ps to md",TIER-2,enumerated (heuristic order),,,image,document,cross-category,https://cloudconvert.com/image-converter
7389,ps,odp,"ps to odp",TIER-2,enumerated (heuristic order),,,image,presentation,cross-category,https://cloudconvert.com/image-converter
7390,ps,odt,"ps to odt",TIER-2,enumerated (heuristic order),,,image,document,cross-category,https://cloudconvert.com/image-converter
7391,ps,pages,"ps to pages",TIER-2,enumerated (heuristic order),,,image,document,cross-category,https://cloudconvert.com/image-converter
7392,ps,rtf,"ps to rtf",TIER-2,enumerated (heuristic order),,,image,document,cross-category,https://cloudconvert.com/image-converter
7393,psb,cdr,"psb to cdr",TIER-2,enumerated (heuristic order),,,image,vector,cross-category,https://cloudconvert.com/image-converter
7394,psb,dxf,"psb to dxf",TIER-2,enumerated (heuristic order),,,image,vector,cross-category,https://cloudconvert.com/image-converter
7395,psb,key,"psb to key",TIER-2,enumerated (heuristic order),,,image,presentation,cross-category,https://cloudconvert.com/image-converter
7396,psb,md,"psb to md",TIER-2,enumerated (heuristic order),,,image,document,cross-category,https://cloudconvert.com/image-converter
7397,psb,odp,"psb to odp",TIER-2,enumerated (heuristic order),,,image,presentation,cross-category,https://cloudconvert.com/image-converter
7398,psb,odt,"psb to odt",TIER-2,enumerated (heuristic order),,,image,document,cross-category,https://cloudconvert.com/image-converter
7399,psb,pages,"psb to pages",TIER-2,enumerated (heuristic order),,,image,document,cross-category,https://cloudconvert.com/image-converter
7400,psb,rtf,"psb to rtf",TIER-2,enumerated (heuristic order),,,image,document,cross-category,https://cloudconvert.com/image-converter
7401,pub,cdr,"pub to cdr",TIER-2,enumerated (heuristic order),,,image,vector,cross-category,https://cloudconvert.com/image-converter
7402,pub,dxf,"pub to dxf",TIER-2,enumerated (heuristic order),,,image,vector,cross-category,https://cloudconvert.com/image-converter
7403,pub,key,"pub to key",TIER-2,enumerated (heuristic order),,,image,presentation,cross-category,https://cloudconvert.com/image-converter
7404,pub,md,"pub to md",TIER-2,enumerated (heuristic order),,,image,document,cross-category,https://cloudconvert.com/image-converter
7405,pub,odp,"pub to odp",TIER-2,enumerated (heuristic order),,,image,presentation,cross-category,https://cloudconvert.com/image-converter
7406,pub,odt,"pub to odt",TIER-2,enumerated (heuristic order),,,image,document,cross-category,https://cloudconvert.com/image-converter
7407,pub,pages,"pub to pages",TIER-2,enumerated (heuristic order),,,image,document,cross-category,https://cloudconvert.com/image-converter
7408,pub,rtf,"pub to rtf",TIER-2,enumerated (heuristic order),,,image,document,cross-category,https://cloudconvert.com/image-converter
7409,raf,cdr,"raf to cdr",TIER-2,enumerated (heuristic order),,,image,vector,cross-category,https://cloudconvert.com/image-converter
7410,raf,dxf,"raf to dxf",TIER-2,enumerated (heuristic order),,,image,vector,cross-category,https://cloudconvert.com/image-converter
7411,raf,key,"raf to key",TIER-2,enumerated (heuristic order),,,image,presentation,cross-category,https://cloudconvert.com/image-converter
7412,raf,md,"raf to md",TIER-2,enumerated (heuristic order),,,image,document,cross-category,https://cloudconvert.com/image-converter
7413,raf,odp,"raf to odp",TIER-2,enumerated (heuristic order),,,image,presentation,cross-category,https://cloudconvert.com/image-converter
7414,raf,odt,"raf to odt",TIER-2,enumerated (heuristic order),,,image,document,cross-category,https://cloudconvert.com/image-converter
7415,raf,pages,"raf to pages",TIER-2,enumerated (heuristic order),,,image,document,cross-category,https://cloudconvert.com/image-converter
7416,raf,rtf,"raf to rtf",TIER-2,enumerated (heuristic order),,,image,document,cross-category,https://cloudconvert.com/image-converter
7435,rm,aif,"rm to aif",TIER-2,enumerated (heuristic order),,,video,audio,cross-category,https://cloudconvert.com/mp4-converter
7436,rm,aiff,"rm to aiff",TIER-2,enumerated (heuristic order),,,video,audio,cross-category,https://cloudconvert.com/mp4-converter
7437,rm,arw,"rm to arw",TIER-2,enumerated (heuristic order),,,video,image,cross-category,https://cloudconvert.com/mp4-converter
7438,rm,avif,"rm to avif",TIER-2,enumerated (heuristic order),,,video,image,cross-category,https://cloudconvert.com/mp4-converter
7439,rm,bmp,"rm to bmp",TIER-2,enumerated (heuristic order),,,video,image,cross-category,https://cloudconvert.com/mp4-converter
7440,rm,cr2,"rm to cr2",TIER-2,enumerated (heuristic order),,,video,image,cross-category,https://cloudconvert.com/mp4-converter
7441,rm,dng,"rm to dng",TIER-2,enumerated (heuristic order),,,video,image,cross-category,https://cloudconvert.com/mp4-converter
7442,rm,eps,"rm to eps",TIER-2,enumerated (heuristic order),,,video,image,cross-category,https://cloudconvert.com/mp4-converter
7443,rm,heif,"rm to heif",TIER-2,enumerated (heuristic order),,,video,image,cross-category,https://cloudconvert.com/mp4-converter
7444,rm,ico,"rm to ico",TIER-2,enumerated (heuristic order),,,video,image,cross-category,https://cloudconvert.com/mp4-converter
7445,rm,jfif,"rm to jfif",TIER-2,enumerated (heuristic order),,,video,image,cross-category,https://cloudconvert.com/mp4-converter
7446,rm,nef,"rm to nef",TIER-2,enumerated (heuristic order),,,video,image,cross-category,https://cloudconvert.com/mp4-converter
7447,rm,oga,"rm to oga",TIER-2,enumerated (heuristic order),,,video,audio,cross-category,https://cloudconvert.com/mp4-converter
7448,rm,ogg,"rm to ogg",TIER-2,enumerated (heuristic order),,,video,audio,cross-category,https://cloudconvert.com/mp4-converter
7449,rm,opus,"rm to opus",TIER-2,enumerated (heuristic order),,,video,audio,cross-category,https://cloudconvert.com/mp4-converter
7450,rm,psd,"rm to psd",TIER-2,enumerated (heuristic order),,,video,image,cross-category,https://cloudconvert.com/mp4-converter
7451,rm,raw,"rm to raw",TIER-2,enumerated (heuristic order),,,video,image,cross-category,https://cloudconvert.com/mp4-converter
7452,rm,tif,"rm to tif",TIER-2,enumerated (heuristic order),,,video,image,cross-category,https://cloudconvert.com/mp4-converter
7453,rm,tiff,"rm to tiff",TIER-2,enumerated (heuristic order),,,video,image,cross-category,https://cloudconvert.com/mp4-converter
7454,rm,wma,"rm to wma",TIER-2,enumerated (heuristic order),,,video,audio,cross-category,https://cloudconvert.com/mp4-converter
7455,rmvb,aif,"rmvb to aif",TIER-2,enumerated (heuristic order),,,video,audio,cross-category,https://cloudconvert.com/mp4-converter
7456,rmvb,aiff,"rmvb to aiff",TIER-2,enumerated (heuristic order),,,video,audio,cross-category,https://cloudconvert.com/mp4-converter
7457,rmvb,arw,"rmvb to arw",TIER-2,enumerated (heuristic order),,,video,image,cross-category,https://cloudconvert.com/mp4-converter
7458,rmvb,avif,"rmvb to avif",TIER-2,enumerated (heuristic order),,,video,image,cross-category,https://cloudconvert.com/mp4-converter
7459,rmvb,bmp,"rmvb to bmp",TIER-2,enumerated (heuristic order),,,video,image,cross-category,https://cloudconvert.com/mp4-converter
7460,rmvb,cr2,"rmvb to cr2",TIER-2,enumerated (heuristic order),,,video,image,cross-category,https://cloudconvert.com/mp4-converter
7461,rmvb,dng,"rmvb to dng",TIER-2,enumerated (heuristic order),,,video,image,cross-category,https://cloudconvert.com/mp4-converter
7462,rmvb,eps,"rmvb to eps",TIER-2,enumerated (heuristic order),,,video,image,cross-category,https://cloudconvert.com/mp4-converter
7463,rmvb,heif,"rmvb to heif",TIER-2,enumerated (heuristic order),,,video,image,cross-category,https://cloudconvert.com/mp4-converter
7464,rmvb,ico,"rmvb to ico",TIER-2,enumerated (heuristic order),,,video,image,cross-category,https://cloudconvert.com/mp4-converter
7465,rmvb,jfif,"rmvb to jfif",TIER-2,enumerated (heuristic order),,,video,image,cross-category,https://cloudconvert.com/mp4-converter
7466,rmvb,nef,"rmvb to nef",TIER-2,enumerated (heuristic order),,,video,image,cross-category,https://cloudconvert.com/mp4-converter
7467,rmvb,oga,"rmvb to oga",TIER-2,enumerated (heuristic order),,,video,audio,cross-category,https://cloudconvert.com/mp4-converter
7468,rmvb,ogg,"rmvb to ogg",TIER-2,enumerated (heuristic order),,,video,audio,cross-category,https://cloudconvert.com/mp4-converter
7469,rmvb,opus,"rmvb to opus",TIER-2,enumerated (heuristic order),,,video,audio,cross-category,https://cloudconvert.com/mp4-converter
7470,rmvb,psd,"rmvb to psd",TIER-2,enumerated (heuristic order),,,video,image,cross-category,https://cloudconvert.com/mp4-converter
7471,rmvb,raw,"rmvb to raw",TIER-2,enumerated (heuristic order),,,video,image,cross-category,https://cloudconvert.com/mp4-converter
7472,rmvb,tif,"rmvb to tif",TIER-2,enumerated (heuristic order),,,video,image,cross-category,https://cloudconvert.com/mp4-converter
7473,rmvb,tiff,"rmvb to tiff",TIER-2,enumerated (heuristic order),,,video,image,cross-category,https://cloudconvert.com/mp4-converter
7474,rmvb,wma,"rmvb to wma",TIER-2,enumerated (heuristic order),,,video,audio,cross-category,https://cloudconvert.com/mp4-converter
7496,rw2,cdr,"rw2 to cdr",TIER-2,enumerated (heuristic order),,,image,vector,cross-category,https://cloudconvert.com/image-converter
7497,rw2,dxf,"rw2 to dxf",TIER-2,enumerated (heuristic order),,,image,vector,cross-category,https://cloudconvert.com/image-converter
7498,rw2,key,"rw2 to key",TIER-2,enumerated (heuristic order),,,image,presentation,cross-category,https://cloudconvert.com/image-converter
7499,rw2,md,"rw2 to md",TIER-2,enumerated (heuristic order),,,image,document,cross-category,https://cloudconvert.com/image-converter
7500,rw2,odp,"rw2 to odp",TIER-2,enumerated (heuristic order),,,image,presentation,cross-category,https://cloudconvert.com/image-converter
7501,rw2,odt,"rw2 to odt",TIER-2,enumerated (heuristic order),,,image,document,cross-category,https://cloudconvert.com/image-converter
7502,rw2,pages,"rw2 to pages",TIER-2,enumerated (heuristic order),,,image,document,cross-category,https://cloudconvert.com/image-converter
7503,rw2,rtf,"rw2 to rtf",TIER-2,enumerated (heuristic order),,,image,document,cross-category,https://cloudconvert.com/image-converter
7561,sf2,3gp,"sf2 to 3gp",TIER-2,enumerated (heuristic order),,,audio,video,cross-category,https://cloudconvert.com/audio-converter
7562,sf2,flv,"sf2 to flv",TIER-2,enumerated (heuristic order),,,audio,video,cross-category,https://cloudconvert.com/audio-converter
7563,sf2,m4v,"sf2 to m4v",TIER-2,enumerated (heuristic order),,,audio,video,cross-category,https://cloudconvert.com/audio-converter
7564,sf2,mpeg,"sf2 to mpeg",TIER-2,enumerated (heuristic order),,,audio,video,cross-category,https://cloudconvert.com/audio-converter
7565,sf2,mpg,"sf2 to mpg",TIER-2,enumerated (heuristic order),,,audio,video,cross-category,https://cloudconvert.com/audio-converter
7566,sf2,ts,"sf2 to ts",TIER-2,enumerated (heuristic order),,,audio,video,cross-category,https://cloudconvert.com/audio-converter
7567,sf2,wmv,"sf2 to wmv",TIER-2,enumerated (heuristic order),,,audio,video,cross-category,https://cloudconvert.com/audio-converter
7568,sfark,3gp,"sfark to 3gp",TIER-2,enumerated (heuristic order),,,audio,video,cross-category,https://cloudconvert.com/audio-converter
7569,sfark,flv,"sfark to flv",TIER-2,enumerated (heuristic order),,,audio,video,cross-category,https://cloudconvert.com/audio-converter
7570,sfark,m4v,"sfark to m4v",TIER-2,enumerated (heuristic order),,,audio,video,cross-category,https://cloudconvert.com/audio-converter
7571,sfark,mpeg,"sfark to mpeg",TIER-2,enumerated (heuristic order),,,audio,video,cross-category,https://cloudconvert.com/audio-converter
7572,sfark,mpg,"sfark to mpg",TIER-2,enumerated (heuristic order),,,audio,video,cross-category,https://cloudconvert.com/audio-converter
7573,sfark,ts,"sfark to ts",TIER-2,enumerated (heuristic order),,,audio,video,cross-category,https://cloudconvert.com/audio-converter
7574,sfark,wmv,"sfark to wmv",TIER-2,enumerated (heuristic order),,,audio,video,cross-category,https://cloudconvert.com/audio-converter
7647,swf,aif,"swf to aif",TIER-2,enumerated (heuristic order),,,video,audio,cross-category,https://cloudconvert.com/mp4-converter
7648,swf,aiff,"swf to aiff",TIER-2,enumerated (heuristic order),,,video,audio,cross-category,https://cloudconvert.com/mp4-converter
7649,swf,arw,"swf to arw",TIER-2,enumerated (heuristic order),,,video,image,cross-category,https://cloudconvert.com/mp4-converter
7650,swf,avif,"swf to avif",TIER-2,enumerated (heuristic order),,,video,image,cross-category,https://cloudconvert.com/mp4-converter
7651,swf,bmp,"swf to bmp",TIER-2,enumerated (heuristic order),,,video,image,cross-category,https://cloudconvert.com/mp4-converter
7652,swf,cr2,"swf to cr2",TIER-2,enumerated (heuristic order),,,video,image,cross-category,https://cloudconvert.com/mp4-converter
7653,swf,dng,"swf to dng",TIER-2,enumerated (heuristic order),,,video,image,cross-category,https://cloudconvert.com/mp4-converter
7654,swf,eps,"swf to eps",TIER-2,enumerated (heuristic order),,,video,image,cross-category,https://cloudconvert.com/mp4-converter
7655,swf,heif,"swf to heif",TIER-2,enumerated (heuristic order),,,video,image,cross-category,https://cloudconvert.com/mp4-converter
7656,swf,ico,"swf to ico",TIER-2,enumerated (heuristic order),,,video,image,cross-category,https://cloudconvert.com/mp4-converter
7657,swf,jfif,"swf to jfif",TIER-2,enumerated (heuristic order),,,video,image,cross-category,https://cloudconvert.com/mp4-converter
7658,swf,nef,"swf to nef",TIER-2,enumerated (heuristic order),,,video,image,cross-category,https://cloudconvert.com/mp4-converter
7659,swf,oga,"swf to oga",TIER-2,enumerated (heuristic order),,,video,audio,cross-category,https://cloudconvert.com/mp4-converter
7660,swf,ogg,"swf to ogg",TIER-2,enumerated (heuristic order),,,video,audio,cross-category,https://cloudconvert.com/mp4-converter
7661,swf,opus,"swf to opus",TIER-2,enumerated (heuristic order),,,video,audio,cross-category,https://cloudconvert.com/mp4-converter
7662,swf,psd,"swf to psd",TIER-2,enumerated (heuristic order),,,video,image,cross-category,https://cloudconvert.com/mp4-converter
7663,swf,raw,"swf to raw",TIER-2,enumerated (heuristic order),,,video,image,cross-category,https://cloudconvert.com/mp4-converter
7664,swf,tif,"swf to tif",TIER-2,enumerated (heuristic order),,,video,image,cross-category,https://cloudconvert.com/mp4-converter
7665,swf,tiff,"swf to tiff",TIER-2,enumerated (heuristic order),,,video,image,cross-category,https://cloudconvert.com/mp4-converter
7666,swf,wma,"swf to wma",TIER-2,enumerated (heuristic order),,,video,audio,cross-category,https://cloudconvert.com/mp4-converter
7706,tga,cdr,"tga to cdr",TIER-2,enumerated (heuristic order),,,image,vector,cross-category,https://cloudconvert.com/image-converter
7707,tga,dxf,"tga to dxf",TIER-2,enumerated (heuristic order),,,image,vector,cross-category,https://cloudconvert.com/image-converter
7708,tga,key,"tga to key",TIER-2,enumerated (heuristic order),,,image,presentation,cross-category,https://cloudconvert.com/image-converter
7709,tga,md,"tga to md",TIER-2,enumerated (heuristic order),,,image,document,cross-category,https://cloudconvert.com/image-converter
7710,tga,odp,"tga to odp",TIER-2,enumerated (heuristic order),,,image,presentation,cross-category,https://cloudconvert.com/image-converter
7711,tga,odt,"tga to odt",TIER-2,enumerated (heuristic order),,,image,document,cross-category,https://cloudconvert.com/image-converter
7712,tga,pages,"tga to pages",TIER-2,enumerated (heuristic order),,,image,document,cross-category,https://cloudconvert.com/image-converter
7713,tga,rtf,"tga to rtf",TIER-2,enumerated (heuristic order),,,image,document,cross-category,https://cloudconvert.com/image-converter
7732,vob,aif,"vob to aif",TIER-2,enumerated (heuristic order),,,video,audio,cross-category,https://cloudconvert.com/mp4-converter
7733,vob,aiff,"vob to aiff",TIER-2,enumerated (heuristic order),,,video,audio,cross-category,https://cloudconvert.com/mp4-converter
7734,vob,arw,"vob to arw",TIER-2,enumerated (heuristic order),,,video,image,cross-category,https://cloudconvert.com/mp4-converter
7735,vob,avif,"vob to avif",TIER-2,enumerated (heuristic order),,,video,image,cross-category,https://cloudconvert.com/mp4-converter
7736,vob,bmp,"vob to bmp",TIER-2,enumerated (heuristic order),,,video,image,cross-category,https://cloudconvert.com/mp4-converter
7737,vob,cr2,"vob to cr2",TIER-2,enumerated (heuristic order),,,video,image,cross-category,https://cloudconvert.com/mp4-converter
7738,vob,dng,"vob to dng",TIER-2,enumerated (heuristic order),,,video,image,cross-category,https://cloudconvert.com/mp4-converter
7739,vob,eps,"vob to eps",TIER-2,enumerated (heuristic order),,,video,image,cross-category,https://cloudconvert.com/mp4-converter
7740,vob,heif,"vob to heif",TIER-2,enumerated (heuristic order),,,video,image,cross-category,https://cloudconvert.com/mp4-converter
7741,vob,ico,"vob to ico",TIER-2,enumerated (heuristic order),,,video,image,cross-category,https://cloudconvert.com/mp4-converter
7742,vob,jfif,"vob to jfif",TIER-2,enumerated (heuristic order),,,video,image,cross-category,https://cloudconvert.com/mp4-converter
7743,vob,nef,"vob to nef",TIER-2,enumerated (heuristic order),,,video,image,cross-category,https://cloudconvert.com/mp4-converter
7744,vob,oga,"vob to oga",TIER-2,enumerated (heuristic order),,,video,audio,cross-category,https://cloudconvert.com/mp4-converter
7745,vob,ogg,"vob to ogg",TIER-2,enumerated (heuristic order),,,video,audio,cross-category,https://cloudconvert.com/mp4-converter
7746,vob,opus,"vob to opus",TIER-2,enumerated (heuristic order),,,video,audio,cross-category,https://cloudconvert.com/mp4-converter
7747,vob,psd,"vob to psd",TIER-2,enumerated (heuristic order),,,video,image,cross-category,https://cloudconvert.com/mp4-converter
7748,vob,raw,"vob to raw",TIER-2,enumerated (heuristic order),,,video,image,cross-category,https://cloudconvert.com/mp4-converter
7749,vob,tif,"vob to tif",TIER-2,enumerated (heuristic order),,,video,image,cross-category,https://cloudconvert.com/mp4-converter
7750,vob,tiff,"vob to tiff",TIER-2,enumerated (heuristic order),,,video,image,cross-category,https://cloudconvert.com/mp4-converter
7751,vob,wma,"vob to wma",TIER-2,enumerated (heuristic order),,,video,audio,cross-category,https://cloudconvert.com/mp4-converter
7752,voc,3gp,"voc to 3gp",TIER-2,enumerated (heuristic order),,,audio,video,cross-category,https://cloudconvert.com/audio-converter
7753,voc,flv,"voc to flv",TIER-2,enumerated (heuristic order),,,audio,video,cross-category,https://cloudconvert.com/audio-converter
7754,voc,m4v,"voc to m4v",TIER-2,enumerated (heuristic order),,,audio,video,cross-category,https://cloudconvert.com/audio-converter
7755,voc,mpeg,"voc to mpeg",TIER-2,enumerated (heuristic order),,,audio,video,cross-category,https://cloudconvert.com/audio-converter
7756,voc,mpg,"voc to mpg",TIER-2,enumerated (heuristic order),,,audio,video,cross-category,https://cloudconvert.com/audio-converter
7757,voc,ts,"voc to ts",TIER-2,enumerated (heuristic order),,,audio,video,cross-category,https://cloudconvert.com/audio-converter
7758,voc,wmv,"voc to wmv",TIER-2,enumerated (heuristic order),,,audio,video,cross-category,https://cloudconvert.com/audio-converter
7777,weba,3gp,"weba to 3gp",TIER-2,enumerated (heuristic order),,,audio,video,cross-category,https://cloudconvert.com/audio-converter
7778,weba,flv,"weba to flv",TIER-2,enumerated (heuristic order),,,audio,video,cross-category,https://cloudconvert.com/audio-converter
7779,weba,m4v,"weba to m4v",TIER-2,enumerated (heuristic order),,,audio,video,cross-category,https://cloudconvert.com/audio-converter
7780,weba,mpeg,"weba to mpeg",TIER-2,enumerated (heuristic order),,,audio,video,cross-category,https://cloudconvert.com/audio-converter
7781,weba,mpg,"weba to mpg",TIER-2,enumerated (heuristic order),,,audio,video,cross-category,https://cloudconvert.com/audio-converter
7782,weba,ts,"weba to ts",TIER-2,enumerated (heuristic order),,,audio,video,cross-category,https://cloudconvert.com/audio-converter
7783,weba,wmv,"weba to wmv",TIER-2,enumerated (heuristic order),,,audio,video,cross-category,https://cloudconvert.com/audio-converter
7844,wtv,aif,"wtv to aif",TIER-2,enumerated (heuristic order),,,video,audio,cross-category,https://cloudconvert.com/mp4-converter
7845,wtv,aiff,"wtv to aiff",TIER-2,enumerated (heuristic order),,,video,audio,cross-category,https://cloudconvert.com/mp4-converter
7846,wtv,arw,"wtv to arw",TIER-2,enumerated (heuristic order),,,video,image,cross-category,https://cloudconvert.com/mp4-converter
7847,wtv,avif,"wtv to avif",TIER-2,enumerated (heuristic order),,,video,image,cross-category,https://cloudconvert.com/mp4-converter
7848,wtv,bmp,"wtv to bmp",TIER-2,enumerated (heuristic order),,,video,image,cross-category,https://cloudconvert.com/mp4-converter
7849,wtv,cr2,"wtv to cr2",TIER-2,enumerated (heuristic order),,,video,image,cross-category,https://cloudconvert.com/mp4-converter
7850,wtv,dng,"wtv to dng",TIER-2,enumerated (heuristic order),,,video,image,cross-category,https://cloudconvert.com/mp4-converter
7851,wtv,eps,"wtv to eps",TIER-2,enumerated (heuristic order),,,video,image,cross-category,https://cloudconvert.com/mp4-converter
7852,wtv,heif,"wtv to heif",TIER-2,enumerated (heuristic order),,,video,image,cross-category,https://cloudconvert.com/mp4-converter
7853,wtv,ico,"wtv to ico",TIER-2,enumerated (heuristic order),,,video,image,cross-category,https://cloudconvert.com/mp4-converter
7854,wtv,jfif,"wtv to jfif",TIER-2,enumerated (heuristic order),,,video,image,cross-category,https://cloudconvert.com/mp4-converter
7855,wtv,nef,"wtv to nef",TIER-2,enumerated (heuristic order),,,video,image,cross-category,https://cloudconvert.com/mp4-converter
7856,wtv,oga,"wtv to oga",TIER-2,enumerated (heuristic order),,,video,audio,cross-category,https://cloudconvert.com/mp4-converter
7857,wtv,ogg,"wtv to ogg",TIER-2,enumerated (heuristic order),,,video,audio,cross-category,https://cloudconvert.com/mp4-converter
7858,wtv,opus,"wtv to opus",TIER-2,enumerated (heuristic order),,,video,audio,cross-category,https://cloudconvert.com/mp4-converter
7859,wtv,psd,"wtv to psd",TIER-2,enumerated (heuristic order),,,video,image,cross-category,https://cloudconvert.com/mp4-converter
7860,wtv,raw,"wtv to raw",TIER-2,enumerated (heuristic order),,,video,image,cross-category,https://cloudconvert.com/mp4-converter
7861,wtv,tif,"wtv to tif",TIER-2,enumerated (heuristic order),,,video,image,cross-category,https://cloudconvert.com/mp4-converter
7862,wtv,tiff,"wtv to tiff",TIER-2,enumerated (heuristic order),,,video,image,cross-category,https://cloudconvert.com/mp4-converter
7863,wtv,wma,"wtv to wma",TIER-2,enumerated (heuristic order),,,video,audio,cross-category,https://cloudconvert.com/mp4-converter
7864,x3f,cdr,"x3f to cdr",TIER-2,enumerated (heuristic order),,,image,vector,cross-category,https://cloudconvert.com/image-converter
7865,x3f,dxf,"x3f to dxf",TIER-2,enumerated (heuristic order),,,image,vector,cross-category,https://cloudconvert.com/image-converter
7866,x3f,key,"x3f to key",TIER-2,enumerated (heuristic order),,,image,presentation,cross-category,https://cloudconvert.com/image-converter
7867,x3f,md,"x3f to md",TIER-2,enumerated (heuristic order),,,image,document,cross-category,https://cloudconvert.com/image-converter
7868,x3f,odp,"x3f to odp",TIER-2,enumerated (heuristic order),,,image,presentation,cross-category,https://cloudconvert.com/image-converter
7869,x3f,odt,"x3f to odt",TIER-2,enumerated (heuristic order),,,image,document,cross-category,https://cloudconvert.com/image-converter
7870,x3f,pages,"x3f to pages",TIER-2,enumerated (heuristic order),,,image,document,cross-category,https://cloudconvert.com/image-converter
7871,x3f,rtf,"x3f to rtf",TIER-2,enumerated (heuristic order),,,image,document,cross-category,https://cloudconvert.com/image-converter
7872,xcf,cdr,"xcf to cdr",TIER-2,enumerated (heuristic order),,,image,vector,cross-category,https://cloudconvert.com/image-converter
7873,xcf,dxf,"xcf to dxf",TIER-2,enumerated (heuristic order),,,image,vector,cross-category,https://cloudconvert.com/image-converter
7874,xcf,key,"xcf to key",TIER-2,enumerated (heuristic order),,,image,presentation,cross-category,https://cloudconvert.com/image-converter
7875,xcf,md,"xcf to md",TIER-2,enumerated (heuristic order),,,image,document,cross-category,https://cloudconvert.com/image-converter
7876,xcf,odp,"xcf to odp",TIER-2,enumerated (heuristic order),,,image,presentation,cross-category,https://cloudconvert.com/image-converter
7877,xcf,odt,"xcf to odt",TIER-2,enumerated (heuristic order),,,image,document,cross-category,https://cloudconvert.com/image-converter
7878,xcf,pages,"xcf to pages",TIER-2,enumerated (heuristic order),,,image,document,cross-category,https://cloudconvert.com/image-converter
7879,xcf,rtf,"xcf to rtf",TIER-2,enumerated (heuristic order),,,image,document,cross-category,https://cloudconvert.com/image-converter
7880,xps,cdr,"xps to cdr",TIER-2,enumerated (heuristic order),,,image,vector,cross-category,https://cloudconvert.com/image-converter
7881,xps,dxf,"xps to dxf",TIER-2,enumerated (heuristic order),,,image,vector,cross-category,https://cloudconvert.com/image-converter
7882,xps,key,"xps to key",TIER-2,enumerated (heuristic order),,,image,presentation,cross-category,https://cloudconvert.com/image-converter
7883,xps,md,"xps to md",TIER-2,enumerated (heuristic order),,,image,document,cross-category,https://cloudconvert.com/image-converter
7884,xps,odp,"xps to odp",TIER-2,enumerated (heuristic order),,,image,presentation,cross-category,https://cloudconvert.com/image-converter
7885,xps,odt,"xps to odt",TIER-2,enumerated (heuristic order),,,image,document,cross-category,https://cloudconvert.com/image-converter
7886,xps,pages,"xps to pages",TIER-2,enumerated (heuristic order),,,image,document,cross-category,https://cloudconvert.com/image-converter
7887,xps,rtf,"xps to rtf",TIER-2,enumerated (heuristic order),,,image,document,cross-category,https://cloudconvert.com/image-converter
7909,3gp,3fr,"3gp to 3fr",TIER-2,enumerated (heuristic order),,,video,image,cross-category,https://cloudconvert.com/mp4-converter
7910,3gp,ac3,"3gp to ac3",TIER-2,enumerated (heuristic order),,,video,audio,cross-category,https://cloudconvert.com/mp4-converter
7911,3gp,amr,"3gp to amr",TIER-2,enumerated (heuristic order),,,video,audio,cross-category,https://cloudconvert.com/mp4-converter
7912,3gp,au,"3gp to au",TIER-2,enumerated (heuristic order),,,video,audio,cross-category,https://cloudconvert.com/mp4-converter
7913,3gp,caf,"3gp to caf",TIER-2,enumerated (heuristic order),,,video,audio,cross-category,https://cloudconvert.com/mp4-converter
7914,3gp,cr3,"3gp to cr3",TIER-2,enumerated (heuristic order),,,video,image,cross-category,https://cloudconvert.com/mp4-converter
7915,3gp,crw,"3gp to crw",TIER-2,enumerated (heuristic order),,,video,image,cross-category,https://cloudconvert.com/mp4-converter
7916,3gp,dcr,"3gp to dcr",TIER-2,enumerated (heuristic order),,,video,image,cross-category,https://cloudconvert.com/mp4-converter
7917,3gp,dss,"3gp to dss",TIER-2,enumerated (heuristic order),,,video,audio,cross-category,https://cloudconvert.com/mp4-converter
7918,3gp,erf,"3gp to erf",TIER-2,enumerated (heuristic order),,,video,image,cross-category,https://cloudconvert.com/mp4-converter
7919,3gp,icns,"3gp to icns",TIER-2,enumerated (heuristic order),,,video,image,cross-category,https://cloudconvert.com/mp4-converter
7920,3gp,m4b,"3gp to m4b",TIER-2,enumerated (heuristic order),,,video,audio,cross-category,https://cloudconvert.com/mp4-converter
7921,3gp,mos,"3gp to mos",TIER-2,enumerated (heuristic order),,,video,image,cross-category,https://cloudconvert.com/mp4-converter
7922,3gp,mrw,"3gp to mrw",TIER-2,enumerated (heuristic order),,,video,image,cross-category,https://cloudconvert.com/mp4-converter
7923,3gp,odd,"3gp to odd",TIER-2,enumerated (heuristic order),,,video,image,cross-category,https://cloudconvert.com/mp4-converter
7924,3gp,odg,"3gp to odg",TIER-2,enumerated (heuristic order),,,video,image,cross-category,https://cloudconvert.com/mp4-converter
7925,3gp,orf,"3gp to orf",TIER-2,enumerated (heuristic order),,,video,image,cross-category,https://cloudconvert.com/mp4-converter
7926,3gp,pef,"3gp to pef",TIER-2,enumerated (heuristic order),,,video,image,cross-category,https://cloudconvert.com/mp4-converter
7927,3gp,ppm,"3gp to ppm",TIER-2,enumerated (heuristic order),,,video,image,cross-category,https://cloudconvert.com/mp4-converter
7928,3gp,ps,"3gp to ps",TIER-2,enumerated (heuristic order),,,video,image,cross-category,https://cloudconvert.com/mp4-converter
7929,3gp,psb,"3gp to psb",TIER-2,enumerated (heuristic order),,,video,image,cross-category,https://cloudconvert.com/mp4-converter
7930,3gp,pub,"3gp to pub",TIER-2,enumerated (heuristic order),,,video,image,cross-category,https://cloudconvert.com/mp4-converter
7931,3gp,raf,"3gp to raf",TIER-2,enumerated (heuristic order),,,video,image,cross-category,https://cloudconvert.com/mp4-converter
7932,3gp,rw2,"3gp to rw2",TIER-2,enumerated (heuristic order),,,video,image,cross-category,https://cloudconvert.com/mp4-converter
7933,3gp,sf2,"3gp to sf2",TIER-2,enumerated (heuristic order),,,video,audio,cross-category,https://cloudconvert.com/mp4-converter
7934,3gp,sfark,"3gp to sfark",TIER-2,enumerated (heuristic order),,,video,audio,cross-category,https://cloudconvert.com/mp4-converter
7935,3gp,tga,"3gp to tga",TIER-2,enumerated (heuristic order),,,video,image,cross-category,https://cloudconvert.com/mp4-converter
7936,3gp,voc,"3gp to voc",TIER-2,enumerated (heuristic order),,,video,audio,cross-category,https://cloudconvert.com/mp4-converter
7937,3gp,weba,"3gp to weba",TIER-2,enumerated (heuristic order),,,video,audio,cross-category,https://cloudconvert.com/mp4-converter
7938,3gp,x3f,"3gp to x3f",TIER-2,enumerated (heuristic order),,,video,image,cross-category,https://cloudconvert.com/mp4-converter
7939,3gp,xcf,"3gp to xcf",TIER-2,enumerated (heuristic order),,,video,image,cross-category,https://cloudconvert.com/mp4-converter
7940,3gp,xps,"3gp to xps",TIER-2,enumerated (heuristic order),,,video,image,cross-category,https://cloudconvert.com/mp4-converter
7941,aif,3g2,"aif to 3g2",TIER-2,enumerated (heuristic order),,,audio,video,cross-category,https://cloudconvert.com/audio-converter
7942,aif,3gpp,"aif to 3gpp",TIER-2,enumerated (heuristic order),,,audio,video,cross-category,https://cloudconvert.com/audio-converter
7943,aif,cavs,"aif to cavs",TIER-2,enumerated (heuristic order),,,audio,video,cross-category,https://cloudconvert.com/audio-converter
7944,aif,dv,"aif to dv",TIER-2,enumerated (heuristic order),,,audio,video,cross-category,https://cloudconvert.com/audio-converter
7945,aif,dvr,"aif to dvr",TIER-2,enumerated (heuristic order),,,audio,video,cross-category,https://cloudconvert.com/audio-converter
7946,aif,m2ts,"aif to m2ts",TIER-2,enumerated (heuristic order),,,audio,video,cross-category,https://cloudconvert.com/audio-converter
7947,aif,mod,"aif to mod",TIER-2,enumerated (heuristic order),,,audio,video,cross-category,https://cloudconvert.com/audio-converter
7948,aif,mts,"aif to mts",TIER-2,enumerated (heuristic order),,,audio,video,cross-category,https://cloudconvert.com/audio-converter
7949,aif,mxf,"aif to mxf",TIER-2,enumerated (heuristic order),,,audio,video,cross-category,https://cloudconvert.com/audio-converter
7950,aif,ogv,"aif to ogv",TIER-2,enumerated (heuristic order),,,audio,video,cross-category,https://cloudconvert.com/audio-converter
7951,aif,rm,"aif to rm",TIER-2,enumerated (heuristic order),,,audio,video,cross-category,https://cloudconvert.com/audio-converter
7952,aif,rmvb,"aif to rmvb",TIER-2,enumerated (heuristic order),,,audio,video,cross-category,https://cloudconvert.com/audio-converter
7953,aif,swf,"aif to swf",TIER-2,enumerated (heuristic order),,,audio,video,cross-category,https://cloudconvert.com/audio-converter
7954,aif,vob,"aif to vob",TIER-2,enumerated (heuristic order),,,audio,video,cross-category,https://cloudconvert.com/audio-converter
7955,aif,wtv,"aif to wtv",TIER-2,enumerated (heuristic order),,,audio,video,cross-category,https://cloudconvert.com/audio-converter
7956,aiff,3g2,"aiff to 3g2",TIER-2,enumerated (heuristic order),,,audio,video,cross-category,https://cloudconvert.com/audio-converter
7957,aiff,3gpp,"aiff to 3gpp",TIER-2,enumerated (heuristic order),,,audio,video,cross-category,https://cloudconvert.com/audio-converter
7958,aiff,cavs,"aiff to cavs",TIER-2,enumerated (heuristic order),,,audio,video,cross-category,https://cloudconvert.com/audio-converter
7959,aiff,dv,"aiff to dv",TIER-2,enumerated (heuristic order),,,audio,video,cross-category,https://cloudconvert.com/audio-converter
7960,aiff,dvr,"aiff to dvr",TIER-2,enumerated (heuristic order),,,audio,video,cross-category,https://cloudconvert.com/audio-converter
7961,aiff,m2ts,"aiff to m2ts",TIER-2,enumerated (heuristic order),,,audio,video,cross-category,https://cloudconvert.com/audio-converter
7962,aiff,mod,"aiff to mod",TIER-2,enumerated (heuristic order),,,audio,video,cross-category,https://cloudconvert.com/audio-converter
7963,aiff,mts,"aiff to mts",TIER-2,enumerated (heuristic order),,,audio,video,cross-category,https://cloudconvert.com/audio-converter
7964,aiff,mxf,"aiff to mxf",TIER-2,enumerated (heuristic order),,,audio,video,cross-category,https://cloudconvert.com/audio-converter
7965,aiff,ogv,"aiff to ogv",TIER-2,enumerated (heuristic order),,,audio,video,cross-category,https://cloudconvert.com/audio-converter
7966,aiff,rm,"aiff to rm",TIER-2,enumerated (heuristic order),,,audio,video,cross-category,https://cloudconvert.com/audio-converter
7967,aiff,rmvb,"aiff to rmvb",TIER-2,enumerated (heuristic order),,,audio,video,cross-category,https://cloudconvert.com/audio-converter
7968,aiff,swf,"aiff to swf",TIER-2,enumerated (heuristic order),,,audio,video,cross-category,https://cloudconvert.com/audio-converter
7969,aiff,vob,"aiff to vob",TIER-2,enumerated (heuristic order),,,audio,video,cross-category,https://cloudconvert.com/audio-converter
7970,aiff,wtv,"aiff to wtv",TIER-2,enumerated (heuristic order),,,audio,video,cross-category,https://cloudconvert.com/audio-converter
7971,arw,abw,"arw to abw",TIER-2,enumerated (heuristic order),,,image,document,cross-category,https://cloudconvert.com/image-converter
7972,arw,cgm,"arw to cgm",TIER-2,enumerated (heuristic order),,,image,vector,cross-category,https://cloudconvert.com/image-converter
7973,arw,djvu,"arw to djvu",TIER-2,enumerated (heuristic order),,,image,document,cross-category,https://cloudconvert.com/image-converter
7974,arw,docm,"arw to docm",TIER-2,enumerated (heuristic order),,,image,document,cross-category,https://cloudconvert.com/image-converter
7975,arw,dot,"arw to dot",TIER-2,enumerated (heuristic order),,,image,document,cross-category,https://cloudconvert.com/image-converter
7976,arw,dotx,"arw to dotx",TIER-2,enumerated (heuristic order),,,image,document,cross-category,https://cloudconvert.com/image-converter
7977,arw,dps,"arw to dps",TIER-2,enumerated (heuristic order),,,image,presentation,cross-category,https://cloudconvert.com/image-converter
7978,arw,emf,"arw to emf",TIER-2,enumerated (heuristic order),,,image,vector,cross-category,https://cloudconvert.com/image-converter
7979,arw,hwp,"arw to hwp",TIER-2,enumerated (heuristic order),,,image,document,cross-category,https://cloudconvert.com/image-converter
7980,arw,hwpx,"arw to hwpx",TIER-2,enumerated (heuristic order),,,image,document,cross-category,https://cloudconvert.com/image-converter
7981,arw,lwp,"arw to lwp",TIER-2,enumerated (heuristic order),,,image,document,cross-category,https://cloudconvert.com/image-converter
7982,arw,pot,"arw to pot",TIER-2,enumerated (heuristic order),,,image,presentation,cross-category,https://cloudconvert.com/image-converter
7983,arw,potx,"arw to potx",TIER-2,enumerated (heuristic order),,,image,presentation,cross-category,https://cloudconvert.com/image-converter
7984,arw,pps,"arw to pps",TIER-2,enumerated (heuristic order),,,image,presentation,cross-category,https://cloudconvert.com/image-converter
7985,arw,ppsx,"arw to ppsx",TIER-2,enumerated (heuristic order),,,image,presentation,cross-category,https://cloudconvert.com/image-converter
7986,arw,pptm,"arw to pptm",TIER-2,enumerated (heuristic order),,,image,presentation,cross-category,https://cloudconvert.com/image-converter
7987,arw,rst,"arw to rst",TIER-2,enumerated (heuristic order),,,image,document,cross-category,https://cloudconvert.com/image-converter
7988,arw,sda,"arw to sda",TIER-2,enumerated (heuristic order),,,image,presentation,cross-category,https://cloudconvert.com/image-converter
7989,arw,sdw,"arw to sdw",TIER-2,enumerated (heuristic order),,,image,document,cross-category,https://cloudconvert.com/image-converter
7990,arw,sk,"arw to sk",TIER-2,enumerated (heuristic order),,,image,vector,cross-category,https://cloudconvert.com/image-converter
7991,arw,sk1,"arw to sk1",TIER-2,enumerated (heuristic order),,,image,vector,cross-category,https://cloudconvert.com/image-converter
7992,arw,svgz,"arw to svgz",TIER-2,enumerated (heuristic order),,,image,vector,cross-category,https://cloudconvert.com/image-converter
7993,arw,tex,"arw to tex",TIER-2,enumerated (heuristic order),,,image,document,cross-category,https://cloudconvert.com/image-converter
7994,arw,vsd,"arw to vsd",TIER-2,enumerated (heuristic order),,,image,vector,cross-category,https://cloudconvert.com/image-converter
7995,arw,wmf,"arw to wmf",TIER-2,enumerated (heuristic order),,,image,vector,cross-category,https://cloudconvert.com/image-converter
7996,arw,wpd,"arw to wpd",TIER-2,enumerated (heuristic order),,,image,document,cross-category,https://cloudconvert.com/image-converter
7997,arw,wps,"arw to wps",TIER-2,enumerated (heuristic order),,,image,document,cross-category,https://cloudconvert.com/image-converter
7998,arw,zabw,"arw to zabw",TIER-2,enumerated (heuristic order),,,image,document,cross-category,https://cloudconvert.com/image-converter
7999,avif,abw,"avif to abw",TIER-2,enumerated (heuristic order),,,image,document,cross-category,https://cloudconvert.com/image-converter
8000,avif,cgm,"avif to cgm",TIER-2,enumerated (heuristic order),,,image,vector,cross-category,https://cloudconvert.com/image-converter
8001,avif,djvu,"avif to djvu",TIER-2,enumerated (heuristic order),,,image,document,cross-category,https://cloudconvert.com/image-converter
8002,avif,docm,"avif to docm",TIER-2,enumerated (heuristic order),,,image,document,cross-category,https://cloudconvert.com/image-converter
8003,avif,dot,"avif to dot",TIER-2,enumerated (heuristic order),,,image,document,cross-category,https://cloudconvert.com/image-converter
8004,avif,dotx,"avif to dotx",TIER-2,enumerated (heuristic order),,,image,document,cross-category,https://cloudconvert.com/image-converter
8005,avif,dps,"avif to dps",TIER-2,enumerated (heuristic order),,,image,presentation,cross-category,https://cloudconvert.com/image-converter
8006,avif,emf,"avif to emf",TIER-2,enumerated (heuristic order),,,image,vector,cross-category,https://cloudconvert.com/image-converter
8007,avif,hwp,"avif to hwp",TIER-2,enumerated (heuristic order),,,image,document,cross-category,https://cloudconvert.com/image-converter
8008,avif,hwpx,"avif to hwpx",TIER-2,enumerated (heuristic order),,,image,document,cross-category,https://cloudconvert.com/image-converter
8009,avif,lwp,"avif to lwp",TIER-2,enumerated (heuristic order),,,image,document,cross-category,https://cloudconvert.com/image-converter
8010,avif,pot,"avif to pot",TIER-2,enumerated (heuristic order),,,image,presentation,cross-category,https://cloudconvert.com/image-converter
8011,avif,potx,"avif to potx",TIER-2,enumerated (heuristic order),,,image,presentation,cross-category,https://cloudconvert.com/image-converter
8012,avif,pps,"avif to pps",TIER-2,enumerated (heuristic order),,,image,presentation,cross-category,https://cloudconvert.com/image-converter
8013,avif,ppsx,"avif to ppsx",TIER-2,enumerated (heuristic order),,,image,presentation,cross-category,https://cloudconvert.com/image-converter
8014,avif,pptm,"avif to pptm",TIER-2,enumerated (heuristic order),,,image,presentation,cross-category,https://cloudconvert.com/image-converter
8015,avif,rst,"avif to rst",TIER-2,enumerated (heuristic order),,,image,document,cross-category,https://cloudconvert.com/image-converter
8016,avif,sda,"avif to sda",TIER-2,enumerated (heuristic order),,,image,presentation,cross-category,https://cloudconvert.com/image-converter
8017,avif,sdw,"avif to sdw",TIER-2,enumerated (heuristic order),,,image,document,cross-category,https://cloudconvert.com/image-converter
8018,avif,sk,"avif to sk",TIER-2,enumerated (heuristic order),,,image,vector,cross-category,https://cloudconvert.com/image-converter
8019,avif,sk1,"avif to sk1",TIER-2,enumerated (heuristic order),,,image,vector,cross-category,https://cloudconvert.com/image-converter
8020,avif,svgz,"avif to svgz",TIER-2,enumerated (heuristic order),,,image,vector,cross-category,https://cloudconvert.com/image-converter
8021,avif,tex,"avif to tex",TIER-2,enumerated (heuristic order),,,image,document,cross-category,https://cloudconvert.com/image-converter
8022,avif,vsd,"avif to vsd",TIER-2,enumerated (heuristic order),,,image,vector,cross-category,https://cloudconvert.com/image-converter
8023,avif,wmf,"avif to wmf",TIER-2,enumerated (heuristic order),,,image,vector,cross-category,https://cloudconvert.com/image-converter
8024,avif,wpd,"avif to wpd",TIER-2,enumerated (heuristic order),,,image,document,cross-category,https://cloudconvert.com/image-converter
8025,avif,wps,"avif to wps",TIER-2,enumerated (heuristic order),,,image,document,cross-category,https://cloudconvert.com/image-converter
8026,avif,zabw,"avif to zabw",TIER-2,enumerated (heuristic order),,,image,document,cross-category,https://cloudconvert.com/image-converter
8099,bmp,abw,"bmp to abw",TIER-2,enumerated (heuristic order),,,image,document,cross-category,https://cloudconvert.com/image-converter
8100,bmp,cgm,"bmp to cgm",TIER-2,enumerated (heuristic order),,,image,vector,cross-category,https://cloudconvert.com/image-converter
8101,bmp,djvu,"bmp to djvu",TIER-2,enumerated (heuristic order),,,image,document,cross-category,https://cloudconvert.com/image-converter
8102,bmp,docm,"bmp to docm",TIER-2,enumerated (heuristic order),,,image,document,cross-category,https://cloudconvert.com/image-converter
8103,bmp,dot,"bmp to dot",TIER-2,enumerated (heuristic order),,,image,document,cross-category,https://cloudconvert.com/image-converter
8104,bmp,dotx,"bmp to dotx",TIER-2,enumerated (heuristic order),,,image,document,cross-category,https://cloudconvert.com/image-converter
8105,bmp,dps,"bmp to dps",TIER-2,enumerated (heuristic order),,,image,presentation,cross-category,https://cloudconvert.com/image-converter
8106,bmp,emf,"bmp to emf",TIER-2,enumerated (heuristic order),,,image,vector,cross-category,https://cloudconvert.com/image-converter
8107,bmp,hwp,"bmp to hwp",TIER-2,enumerated (heuristic order),,,image,document,cross-category,https://cloudconvert.com/image-converter
8108,bmp,hwpx,"bmp to hwpx",TIER-2,enumerated (heuristic order),,,image,document,cross-category,https://cloudconvert.com/image-converter
8109,bmp,lwp,"bmp to lwp",TIER-2,enumerated (heuristic order),,,image,document,cross-category,https://cloudconvert.com/image-converter
8110,bmp,pot,"bmp to pot",TIER-2,enumerated (heuristic order),,,image,presentation,cross-category,https://cloudconvert.com/image-converter
8111,bmp,potx,"bmp to potx",TIER-2,enumerated (heuristic order),,,image,presentation,cross-category,https://cloudconvert.com/image-converter
8112,bmp,pps,"bmp to pps",TIER-2,enumerated (heuristic order),,,image,presentation,cross-category,https://cloudconvert.com/image-converter
8113,bmp,ppsx,"bmp to ppsx",TIER-2,enumerated (heuristic order),,,image,presentation,cross-category,https://cloudconvert.com/image-converter
8114,bmp,pptm,"bmp to pptm",TIER-2,enumerated (heuristic order),,,image,presentation,cross-category,https://cloudconvert.com/image-converter
8115,bmp,rst,"bmp to rst",TIER-2,enumerated (heuristic order),,,image,document,cross-category,https://cloudconvert.com/image-converter
8116,bmp,sda,"bmp to sda",TIER-2,enumerated (heuristic order),,,image,presentation,cross-category,https://cloudconvert.com/image-converter
8117,bmp,sdw,"bmp to sdw",TIER-2,enumerated (heuristic order),,,image,document,cross-category,https://cloudconvert.com/image-converter
8118,bmp,sk,"bmp to sk",TIER-2,enumerated (heuristic order),,,image,vector,cross-category,https://cloudconvert.com/image-converter
8119,bmp,sk1,"bmp to sk1",TIER-2,enumerated (heuristic order),,,image,vector,cross-category,https://cloudconvert.com/image-converter
8120,bmp,svgz,"bmp to svgz",TIER-2,enumerated (heuristic order),,,image,vector,cross-category,https://cloudconvert.com/image-converter
8121,bmp,tex,"bmp to tex",TIER-2,enumerated (heuristic order),,,image,document,cross-category,https://cloudconvert.com/image-converter
8122,bmp,vsd,"bmp to vsd",TIER-2,enumerated (heuristic order),,,image,vector,cross-category,https://cloudconvert.com/image-converter
8123,bmp,wmf,"bmp to wmf",TIER-2,enumerated (heuristic order),,,image,vector,cross-category,https://cloudconvert.com/image-converter
8124,bmp,wpd,"bmp to wpd",TIER-2,enumerated (heuristic order),,,image,document,cross-category,https://cloudconvert.com/image-converter
8125,bmp,wps,"bmp to wps",TIER-2,enumerated (heuristic order),,,image,document,cross-category,https://cloudconvert.com/image-converter
8126,bmp,zabw,"bmp to zabw",TIER-2,enumerated (heuristic order),,,image,document,cross-category,https://cloudconvert.com/image-converter
8235,cr2,abw,"cr2 to abw",TIER-2,enumerated (heuristic order),,,image,document,cross-category,https://cloudconvert.com/image-converter
8236,cr2,cgm,"cr2 to cgm",TIER-2,enumerated (heuristic order),,,image,vector,cross-category,https://cloudconvert.com/image-converter
8237,cr2,djvu,"cr2 to djvu",TIER-2,enumerated (heuristic order),,,image,document,cross-category,https://cloudconvert.com/image-converter
8238,cr2,docm,"cr2 to docm",TIER-2,enumerated (heuristic order),,,image,document,cross-category,https://cloudconvert.com/image-converter
8239,cr2,dot,"cr2 to dot",TIER-2,enumerated (heuristic order),,,image,document,cross-category,https://cloudconvert.com/image-converter
8240,cr2,dotx,"cr2 to dotx",TIER-2,enumerated (heuristic order),,,image,document,cross-category,https://cloudconvert.com/image-converter
8241,cr2,dps,"cr2 to dps",TIER-2,enumerated (heuristic order),,,image,presentation,cross-category,https://cloudconvert.com/image-converter
8242,cr2,emf,"cr2 to emf",TIER-2,enumerated (heuristic order),,,image,vector,cross-category,https://cloudconvert.com/image-converter
8243,cr2,hwp,"cr2 to hwp",TIER-2,enumerated (heuristic order),,,image,document,cross-category,https://cloudconvert.com/image-converter
8244,cr2,hwpx,"cr2 to hwpx",TIER-2,enumerated (heuristic order),,,image,document,cross-category,https://cloudconvert.com/image-converter
8245,cr2,lwp,"cr2 to lwp",TIER-2,enumerated (heuristic order),,,image,document,cross-category,https://cloudconvert.com/image-converter
8246,cr2,pot,"cr2 to pot",TIER-2,enumerated (heuristic order),,,image,presentation,cross-category,https://cloudconvert.com/image-converter
8247,cr2,potx,"cr2 to potx",TIER-2,enumerated (heuristic order),,,image,presentation,cross-category,https://cloudconvert.com/image-converter
8248,cr2,pps,"cr2 to pps",TIER-2,enumerated (heuristic order),,,image,presentation,cross-category,https://cloudconvert.com/image-converter
8249,cr2,ppsx,"cr2 to ppsx",TIER-2,enumerated (heuristic order),,,image,presentation,cross-category,https://cloudconvert.com/image-converter
8250,cr2,pptm,"cr2 to pptm",TIER-2,enumerated (heuristic order),,,image,presentation,cross-category,https://cloudconvert.com/image-converter
8251,cr2,rst,"cr2 to rst",TIER-2,enumerated (heuristic order),,,image,document,cross-category,https://cloudconvert.com/image-converter
8252,cr2,sda,"cr2 to sda",TIER-2,enumerated (heuristic order),,,image,presentation,cross-category,https://cloudconvert.com/image-converter
8253,cr2,sdw,"cr2 to sdw",TIER-2,enumerated (heuristic order),,,image,document,cross-category,https://cloudconvert.com/image-converter
8254,cr2,sk,"cr2 to sk",TIER-2,enumerated (heuristic order),,,image,vector,cross-category,https://cloudconvert.com/image-converter
8255,cr2,sk1,"cr2 to sk1",TIER-2,enumerated (heuristic order),,,image,vector,cross-category,https://cloudconvert.com/image-converter
8256,cr2,svgz,"cr2 to svgz",TIER-2,enumerated (heuristic order),,,image,vector,cross-category,https://cloudconvert.com/image-converter
8257,cr2,tex,"cr2 to tex",TIER-2,enumerated (heuristic order),,,image,document,cross-category,https://cloudconvert.com/image-converter
8258,cr2,vsd,"cr2 to vsd",TIER-2,enumerated (heuristic order),,,image,vector,cross-category,https://cloudconvert.com/image-converter
8259,cr2,wmf,"cr2 to wmf",TIER-2,enumerated (heuristic order),,,image,vector,cross-category,https://cloudconvert.com/image-converter
8260,cr2,wpd,"cr2 to wpd",TIER-2,enumerated (heuristic order),,,image,document,cross-category,https://cloudconvert.com/image-converter
8261,cr2,wps,"cr2 to wps",TIER-2,enumerated (heuristic order),,,image,document,cross-category,https://cloudconvert.com/image-converter
8262,cr2,zabw,"cr2 to zabw",TIER-2,enumerated (heuristic order),,,image,document,cross-category,https://cloudconvert.com/image-converter
8263,dng,abw,"dng to abw",TIER-2,enumerated (heuristic order),,,image,document,cross-category,https://cloudconvert.com/image-converter
8264,dng,cgm,"dng to cgm",TIER-2,enumerated (heuristic order),,,image,vector,cross-category,https://cloudconvert.com/image-converter
8265,dng,djvu,"dng to djvu",TIER-2,enumerated (heuristic order),,,image,document,cross-category,https://cloudconvert.com/image-converter
8266,dng,docm,"dng to docm",TIER-2,enumerated (heuristic order),,,image,document,cross-category,https://cloudconvert.com/image-converter
8267,dng,dot,"dng to dot",TIER-2,enumerated (heuristic order),,,image,document,cross-category,https://cloudconvert.com/image-converter
8268,dng,dotx,"dng to dotx",TIER-2,enumerated (heuristic order),,,image,document,cross-category,https://cloudconvert.com/image-converter
8269,dng,dps,"dng to dps",TIER-2,enumerated (heuristic order),,,image,presentation,cross-category,https://cloudconvert.com/image-converter
8270,dng,emf,"dng to emf",TIER-2,enumerated (heuristic order),,,image,vector,cross-category,https://cloudconvert.com/image-converter
8271,dng,hwp,"dng to hwp",TIER-2,enumerated (heuristic order),,,image,document,cross-category,https://cloudconvert.com/image-converter
8272,dng,hwpx,"dng to hwpx",TIER-2,enumerated (heuristic order),,,image,document,cross-category,https://cloudconvert.com/image-converter
8273,dng,lwp,"dng to lwp",TIER-2,enumerated (heuristic order),,,image,document,cross-category,https://cloudconvert.com/image-converter
8274,dng,pot,"dng to pot",TIER-2,enumerated (heuristic order),,,image,presentation,cross-category,https://cloudconvert.com/image-converter
8275,dng,potx,"dng to potx",TIER-2,enumerated (heuristic order),,,image,presentation,cross-category,https://cloudconvert.com/image-converter
8276,dng,pps,"dng to pps",TIER-2,enumerated (heuristic order),,,image,presentation,cross-category,https://cloudconvert.com/image-converter
8277,dng,ppsx,"dng to ppsx",TIER-2,enumerated (heuristic order),,,image,presentation,cross-category,https://cloudconvert.com/image-converter
8278,dng,pptm,"dng to pptm",TIER-2,enumerated (heuristic order),,,image,presentation,cross-category,https://cloudconvert.com/image-converter
8279,dng,rst,"dng to rst",TIER-2,enumerated (heuristic order),,,image,document,cross-category,https://cloudconvert.com/image-converter
8280,dng,sda,"dng to sda",TIER-2,enumerated (heuristic order),,,image,presentation,cross-category,https://cloudconvert.com/image-converter
8281,dng,sdw,"dng to sdw",TIER-2,enumerated (heuristic order),,,image,document,cross-category,https://cloudconvert.com/image-converter
8282,dng,sk,"dng to sk",TIER-2,enumerated (heuristic order),,,image,vector,cross-category,https://cloudconvert.com/image-converter
8283,dng,sk1,"dng to sk1",TIER-2,enumerated (heuristic order),,,image,vector,cross-category,https://cloudconvert.com/image-converter
8284,dng,svgz,"dng to svgz",TIER-2,enumerated (heuristic order),,,image,vector,cross-category,https://cloudconvert.com/image-converter
8285,dng,tex,"dng to tex",TIER-2,enumerated (heuristic order),,,image,document,cross-category,https://cloudconvert.com/image-converter
8286,dng,vsd,"dng to vsd",TIER-2,enumerated (heuristic order),,,image,vector,cross-category,https://cloudconvert.com/image-converter
8287,dng,wmf,"dng to wmf",TIER-2,enumerated (heuristic order),,,image,vector,cross-category,https://cloudconvert.com/image-converter
8288,dng,wpd,"dng to wpd",TIER-2,enumerated (heuristic order),,,image,document,cross-category,https://cloudconvert.com/image-converter
8289,dng,wps,"dng to wps",TIER-2,enumerated (heuristic order),,,image,document,cross-category,https://cloudconvert.com/image-converter
8290,dng,zabw,"dng to zabw",TIER-2,enumerated (heuristic order),,,image,document,cross-category,https://cloudconvert.com/image-converter
8327,eps,abw,"eps to abw",TIER-2,enumerated (heuristic order),,,image,document,cross-category,https://cloudconvert.com/image-converter
8328,eps,cgm,"eps to cgm",TIER-2,enumerated (heuristic order),,,image,vector,cross-category,https://cloudconvert.com/image-converter
8329,eps,djvu,"eps to djvu",TIER-2,enumerated (heuristic order),,,image,document,cross-category,https://cloudconvert.com/image-converter
8330,eps,docm,"eps to docm",TIER-2,enumerated (heuristic order),,,image,document,cross-category,https://cloudconvert.com/image-converter
8331,eps,dot,"eps to dot",TIER-2,enumerated (heuristic order),,,image,document,cross-category,https://cloudconvert.com/image-converter
8332,eps,dotx,"eps to dotx",TIER-2,enumerated (heuristic order),,,image,document,cross-category,https://cloudconvert.com/image-converter
8333,eps,dps,"eps to dps",TIER-2,enumerated (heuristic order),,,image,presentation,cross-category,https://cloudconvert.com/image-converter
8334,eps,emf,"eps to emf",TIER-2,enumerated (heuristic order),,,image,vector,cross-category,https://cloudconvert.com/image-converter
8335,eps,hwp,"eps to hwp",TIER-2,enumerated (heuristic order),,,image,document,cross-category,https://cloudconvert.com/image-converter
8336,eps,hwpx,"eps to hwpx",TIER-2,enumerated (heuristic order),,,image,document,cross-category,https://cloudconvert.com/image-converter
8337,eps,lwp,"eps to lwp",TIER-2,enumerated (heuristic order),,,image,document,cross-category,https://cloudconvert.com/image-converter
8338,eps,pot,"eps to pot",TIER-2,enumerated (heuristic order),,,image,presentation,cross-category,https://cloudconvert.com/image-converter
8339,eps,potx,"eps to potx",TIER-2,enumerated (heuristic order),,,image,presentation,cross-category,https://cloudconvert.com/image-converter
8340,eps,pps,"eps to pps",TIER-2,enumerated (heuristic order),,,image,presentation,cross-category,https://cloudconvert.com/image-converter
8341,eps,ppsx,"eps to ppsx",TIER-2,enumerated (heuristic order),,,image,presentation,cross-category,https://cloudconvert.com/image-converter
8342,eps,pptm,"eps to pptm",TIER-2,enumerated (heuristic order),,,image,presentation,cross-category,https://cloudconvert.com/image-converter
8343,eps,rst,"eps to rst",TIER-2,enumerated (heuristic order),,,image,document,cross-category,https://cloudconvert.com/image-converter
8344,eps,sda,"eps to sda",TIER-2,enumerated (heuristic order),,,image,presentation,cross-category,https://cloudconvert.com/image-converter
8345,eps,sdw,"eps to sdw",TIER-2,enumerated (heuristic order),,,image,document,cross-category,https://cloudconvert.com/image-converter
8346,eps,sk,"eps to sk",TIER-2,enumerated (heuristic order),,,image,vector,cross-category,https://cloudconvert.com/image-converter
8347,eps,sk1,"eps to sk1",TIER-2,enumerated (heuristic order),,,image,vector,cross-category,https://cloudconvert.com/image-converter
8348,eps,svgz,"eps to svgz",TIER-2,enumerated (heuristic order),,,image,vector,cross-category,https://cloudconvert.com/image-converter
8349,eps,tex,"eps to tex",TIER-2,enumerated (heuristic order),,,image,document,cross-category,https://cloudconvert.com/image-converter
8350,eps,vsd,"eps to vsd",TIER-2,enumerated (heuristic order),,,image,vector,cross-category,https://cloudconvert.com/image-converter
8351,eps,wmf,"eps to wmf",TIER-2,enumerated (heuristic order),,,image,vector,cross-category,https://cloudconvert.com/image-converter
8352,eps,wpd,"eps to wpd",TIER-2,enumerated (heuristic order),,,image,document,cross-category,https://cloudconvert.com/image-converter
8353,eps,wps,"eps to wps",TIER-2,enumerated (heuristic order),,,image,document,cross-category,https://cloudconvert.com/image-converter
8354,eps,zabw,"eps to zabw",TIER-2,enumerated (heuristic order),,,image,document,cross-category,https://cloudconvert.com/image-converter
8391,flv,3fr,"flv to 3fr",TIER-2,enumerated (heuristic order),,,video,image,cross-category,https://cloudconvert.com/mp4-converter
8392,flv,ac3,"flv to ac3",TIER-2,enumerated (heuristic order),,,video,audio,cross-category,https://cloudconvert.com/mp4-converter
8393,flv,amr,"flv to amr",TIER-2,enumerated (heuristic order),,,video,audio,cross-category,https://cloudconvert.com/mp4-converter
8394,flv,au,"flv to au",TIER-2,enumerated (heuristic order),,,video,audio,cross-category,https://cloudconvert.com/mp4-converter
8395,flv,caf,"flv to caf",TIER-2,enumerated (heuristic order),,,video,audio,cross-category,https://cloudconvert.com/mp4-converter
8396,flv,cr3,"flv to cr3",TIER-2,enumerated (heuristic order),,,video,image,cross-category,https://cloudconvert.com/mp4-converter
8397,flv,crw,"flv to crw",TIER-2,enumerated (heuristic order),,,video,image,cross-category,https://cloudconvert.com/mp4-converter
8398,flv,dcr,"flv to dcr",TIER-2,enumerated (heuristic order),,,video,image,cross-category,https://cloudconvert.com/mp4-converter
8399,flv,dss,"flv to dss",TIER-2,enumerated (heuristic order),,,video,audio,cross-category,https://cloudconvert.com/mp4-converter
8400,flv,erf,"flv to erf",TIER-2,enumerated (heuristic order),,,video,image,cross-category,https://cloudconvert.com/mp4-converter
8401,flv,icns,"flv to icns",TIER-2,enumerated (heuristic order),,,video,image,cross-category,https://cloudconvert.com/mp4-converter
8402,flv,m4b,"flv to m4b",TIER-2,enumerated (heuristic order),,,video,audio,cross-category,https://cloudconvert.com/mp4-converter
8403,flv,mos,"flv to mos",TIER-2,enumerated (heuristic order),,,video,image,cross-category,https://cloudconvert.com/mp4-converter
8404,flv,mrw,"flv to mrw",TIER-2,enumerated (heuristic order),,,video,image,cross-category,https://cloudconvert.com/mp4-converter
8405,flv,odd,"flv to odd",TIER-2,enumerated (heuristic order),,,video,image,cross-category,https://cloudconvert.com/mp4-converter
8406,flv,odg,"flv to odg",TIER-2,enumerated (heuristic order),,,video,image,cross-category,https://cloudconvert.com/mp4-converter
8407,flv,orf,"flv to orf",TIER-2,enumerated (heuristic order),,,video,image,cross-category,https://cloudconvert.com/mp4-converter
8408,flv,pef,"flv to pef",TIER-2,enumerated (heuristic order),,,video,image,cross-category,https://cloudconvert.com/mp4-converter
8409,flv,ppm,"flv to ppm",TIER-2,enumerated (heuristic order),,,video,image,cross-category,https://cloudconvert.com/mp4-converter
8410,flv,ps,"flv to ps",TIER-2,enumerated (heuristic order),,,video,image,cross-category,https://cloudconvert.com/mp4-converter
8411,flv,psb,"flv to psb",TIER-2,enumerated (heuristic order),,,video,image,cross-category,https://cloudconvert.com/mp4-converter
8412,flv,pub,"flv to pub",TIER-2,enumerated (heuristic order),,,video,image,cross-category,https://cloudconvert.com/mp4-converter
8413,flv,raf,"flv to raf",TIER-2,enumerated (heuristic order),,,video,image,cross-category,https://cloudconvert.com/mp4-converter
8414,flv,rw2,"flv to rw2",TIER-2,enumerated (heuristic order),,,video,image,cross-category,https://cloudconvert.com/mp4-converter
8415,flv,sf2,"flv to sf2",TIER-2,enumerated (heuristic order),,,video,audio,cross-category,https://cloudconvert.com/mp4-converter
8416,flv,sfark,"flv to sfark",TIER-2,enumerated (heuristic order),,,video,audio,cross-category,https://cloudconvert.com/mp4-converter
8417,flv,tga,"flv to tga",TIER-2,enumerated (heuristic order),,,video,image,cross-category,https://cloudconvert.com/mp4-converter
8418,flv,voc,"flv to voc",TIER-2,enumerated (heuristic order),,,video,audio,cross-category,https://cloudconvert.com/mp4-converter
8419,flv,weba,"flv to weba",TIER-2,enumerated (heuristic order),,,video,audio,cross-category,https://cloudconvert.com/mp4-converter
8420,flv,x3f,"flv to x3f",TIER-2,enumerated (heuristic order),,,video,image,cross-category,https://cloudconvert.com/mp4-converter
8421,flv,xcf,"flv to xcf",TIER-2,enumerated (heuristic order),,,video,image,cross-category,https://cloudconvert.com/mp4-converter
8422,flv,xps,"flv to xps",TIER-2,enumerated (heuristic order),,,video,image,cross-category,https://cloudconvert.com/mp4-converter
8423,heif,abw,"heif to abw",TIER-2,enumerated (heuristic order),,,image,document,cross-category,https://cloudconvert.com/image-converter
8424,heif,cgm,"heif to cgm",TIER-2,enumerated (heuristic order),,,image,vector,cross-category,https://cloudconvert.com/image-converter
8425,heif,djvu,"heif to djvu",TIER-2,enumerated (heuristic order),,,image,document,cross-category,https://cloudconvert.com/image-converter
8426,heif,docm,"heif to docm",TIER-2,enumerated (heuristic order),,,image,document,cross-category,https://cloudconvert.com/image-converter
8427,heif,dot,"heif to dot",TIER-2,enumerated (heuristic order),,,image,document,cross-category,https://cloudconvert.com/image-converter
8428,heif,dotx,"heif to dotx",TIER-2,enumerated (heuristic order),,,image,document,cross-category,https://cloudconvert.com/image-converter
8429,heif,dps,"heif to dps",TIER-2,enumerated (heuristic order),,,image,presentation,cross-category,https://cloudconvert.com/image-converter
8430,heif,emf,"heif to emf",TIER-2,enumerated (heuristic order),,,image,vector,cross-category,https://cloudconvert.com/image-converter
8431,heif,hwp,"heif to hwp",TIER-2,enumerated (heuristic order),,,image,document,cross-category,https://cloudconvert.com/image-converter
8432,heif,hwpx,"heif to hwpx",TIER-2,enumerated (heuristic order),,,image,document,cross-category,https://cloudconvert.com/image-converter
8433,heif,lwp,"heif to lwp",TIER-2,enumerated (heuristic order),,,image,document,cross-category,https://cloudconvert.com/image-converter
8434,heif,pot,"heif to pot",TIER-2,enumerated (heuristic order),,,image,presentation,cross-category,https://cloudconvert.com/image-converter
8435,heif,potx,"heif to potx",TIER-2,enumerated (heuristic order),,,image,presentation,cross-category,https://cloudconvert.com/image-converter
8436,heif,pps,"heif to pps",TIER-2,enumerated (heuristic order),,,image,presentation,cross-category,https://cloudconvert.com/image-converter
8437,heif,ppsx,"heif to ppsx",TIER-2,enumerated (heuristic order),,,image,presentation,cross-category,https://cloudconvert.com/image-converter
8438,heif,pptm,"heif to pptm",TIER-2,enumerated (heuristic order),,,image,presentation,cross-category,https://cloudconvert.com/image-converter
8439,heif,rst,"heif to rst",TIER-2,enumerated (heuristic order),,,image,document,cross-category,https://cloudconvert.com/image-converter
8440,heif,sda,"heif to sda",TIER-2,enumerated (heuristic order),,,image,presentation,cross-category,https://cloudconvert.com/image-converter
8441,heif,sdw,"heif to sdw",TIER-2,enumerated (heuristic order),,,image,document,cross-category,https://cloudconvert.com/image-converter
8442,heif,sk,"heif to sk",TIER-2,enumerated (heuristic order),,,image,vector,cross-category,https://cloudconvert.com/image-converter
8443,heif,sk1,"heif to sk1",TIER-2,enumerated (heuristic order),,,image,vector,cross-category,https://cloudconvert.com/image-converter
8444,heif,svgz,"heif to svgz",TIER-2,enumerated (heuristic order),,,image,vector,cross-category,https://cloudconvert.com/image-converter
8445,heif,tex,"heif to tex",TIER-2,enumerated (heuristic order),,,image,document,cross-category,https://cloudconvert.com/image-converter
8446,heif,vsd,"heif to vsd",TIER-2,enumerated (heuristic order),,,image,vector,cross-category,https://cloudconvert.com/image-converter
8447,heif,wmf,"heif to wmf",TIER-2,enumerated (heuristic order),,,image,vector,cross-category,https://cloudconvert.com/image-converter
8448,heif,wpd,"heif to wpd",TIER-2,enumerated (heuristic order),,,image,document,cross-category,https://cloudconvert.com/image-converter
8449,heif,wps,"heif to wps",TIER-2,enumerated (heuristic order),,,image,document,cross-category,https://cloudconvert.com/image-converter
8450,heif,zabw,"heif to zabw",TIER-2,enumerated (heuristic order),,,image,document,cross-category,https://cloudconvert.com/image-converter
8451,ico,abw,"ico to abw",TIER-2,enumerated (heuristic order),,,image,document,cross-category,https://cloudconvert.com/image-converter
8452,ico,cgm,"ico to cgm",TIER-2,enumerated (heuristic order),,,image,vector,cross-category,https://cloudconvert.com/image-converter
8453,ico,djvu,"ico to djvu",TIER-2,enumerated (heuristic order),,,image,document,cross-category,https://cloudconvert.com/image-converter
8454,ico,docm,"ico to docm",TIER-2,enumerated (heuristic order),,,image,document,cross-category,https://cloudconvert.com/image-converter
8455,ico,dot,"ico to dot",TIER-2,enumerated (heuristic order),,,image,document,cross-category,https://cloudconvert.com/image-converter
8456,ico,dotx,"ico to dotx",TIER-2,enumerated (heuristic order),,,image,document,cross-category,https://cloudconvert.com/image-converter
8457,ico,dps,"ico to dps",TIER-2,enumerated (heuristic order),,,image,presentation,cross-category,https://cloudconvert.com/image-converter
8458,ico,emf,"ico to emf",TIER-2,enumerated (heuristic order),,,image,vector,cross-category,https://cloudconvert.com/image-converter
8459,ico,hwp,"ico to hwp",TIER-2,enumerated (heuristic order),,,image,document,cross-category,https://cloudconvert.com/image-converter
8460,ico,hwpx,"ico to hwpx",TIER-2,enumerated (heuristic order),,,image,document,cross-category,https://cloudconvert.com/image-converter
8461,ico,lwp,"ico to lwp",TIER-2,enumerated (heuristic order),,,image,document,cross-category,https://cloudconvert.com/image-converter
8462,ico,pot,"ico to pot",TIER-2,enumerated (heuristic order),,,image,presentation,cross-category,https://cloudconvert.com/image-converter
8463,ico,potx,"ico to potx",TIER-2,enumerated (heuristic order),,,image,presentation,cross-category,https://cloudconvert.com/image-converter
8464,ico,pps,"ico to pps",TIER-2,enumerated (heuristic order),,,image,presentation,cross-category,https://cloudconvert.com/image-converter
8465,ico,ppsx,"ico to ppsx",TIER-2,enumerated (heuristic order),,,image,presentation,cross-category,https://cloudconvert.com/image-converter
8466,ico,pptm,"ico to pptm",TIER-2,enumerated (heuristic order),,,image,presentation,cross-category,https://cloudconvert.com/image-converter
8467,ico,rst,"ico to rst",TIER-2,enumerated (heuristic order),,,image,document,cross-category,https://cloudconvert.com/image-converter
8468,ico,sda,"ico to sda",TIER-2,enumerated (heuristic order),,,image,presentation,cross-category,https://cloudconvert.com/image-converter
8469,ico,sdw,"ico to sdw",TIER-2,enumerated (heuristic order),,,image,document,cross-category,https://cloudconvert.com/image-converter
8470,ico,sk,"ico to sk",TIER-2,enumerated (heuristic order),,,image,vector,cross-category,https://cloudconvert.com/image-converter
8471,ico,sk1,"ico to sk1",TIER-2,enumerated (heuristic order),,,image,vector,cross-category,https://cloudconvert.com/image-converter
8472,ico,svgz,"ico to svgz",TIER-2,enumerated (heuristic order),,,image,vector,cross-category,https://cloudconvert.com/image-converter
8473,ico,tex,"ico to tex",TIER-2,enumerated (heuristic order),,,image,document,cross-category,https://cloudconvert.com/image-converter
8474,ico,vsd,"ico to vsd",TIER-2,enumerated (heuristic order),,,image,vector,cross-category,https://cloudconvert.com/image-converter
8475,ico,wmf,"ico to wmf",TIER-2,enumerated (heuristic order),,,image,vector,cross-category,https://cloudconvert.com/image-converter
8476,ico,wpd,"ico to wpd",TIER-2,enumerated (heuristic order),,,image,document,cross-category,https://cloudconvert.com/image-converter
8477,ico,wps,"ico to wps",TIER-2,enumerated (heuristic order),,,image,document,cross-category,https://cloudconvert.com/image-converter
8478,ico,zabw,"ico to zabw",TIER-2,enumerated (heuristic order),,,image,document,cross-category,https://cloudconvert.com/image-converter
8479,jfif,abw,"jfif to abw",TIER-2,enumerated (heuristic order),,,image,document,cross-category,https://cloudconvert.com/image-converter
8480,jfif,cgm,"jfif to cgm",TIER-2,enumerated (heuristic order),,,image,vector,cross-category,https://cloudconvert.com/image-converter
8481,jfif,djvu,"jfif to djvu",TIER-2,enumerated (heuristic order),,,image,document,cross-category,https://cloudconvert.com/image-converter
8482,jfif,docm,"jfif to docm",TIER-2,enumerated (heuristic order),,,image,document,cross-category,https://cloudconvert.com/image-converter
8483,jfif,dot,"jfif to dot",TIER-2,enumerated (heuristic order),,,image,document,cross-category,https://cloudconvert.com/image-converter
8484,jfif,dotx,"jfif to dotx",TIER-2,enumerated (heuristic order),,,image,document,cross-category,https://cloudconvert.com/image-converter
8485,jfif,dps,"jfif to dps",TIER-2,enumerated (heuristic order),,,image,presentation,cross-category,https://cloudconvert.com/image-converter
8486,jfif,emf,"jfif to emf",TIER-2,enumerated (heuristic order),,,image,vector,cross-category,https://cloudconvert.com/image-converter
8487,jfif,hwp,"jfif to hwp",TIER-2,enumerated (heuristic order),,,image,document,cross-category,https://cloudconvert.com/image-converter
8488,jfif,hwpx,"jfif to hwpx",TIER-2,enumerated (heuristic order),,,image,document,cross-category,https://cloudconvert.com/image-converter
8489,jfif,lwp,"jfif to lwp",TIER-2,enumerated (heuristic order),,,image,document,cross-category,https://cloudconvert.com/image-converter
8490,jfif,pot,"jfif to pot",TIER-2,enumerated (heuristic order),,,image,presentation,cross-category,https://cloudconvert.com/image-converter
8491,jfif,potx,"jfif to potx",TIER-2,enumerated (heuristic order),,,image,presentation,cross-category,https://cloudconvert.com/image-converter
8492,jfif,pps,"jfif to pps",TIER-2,enumerated (heuristic order),,,image,presentation,cross-category,https://cloudconvert.com/image-converter
8493,jfif,ppsx,"jfif to ppsx",TIER-2,enumerated (heuristic order),,,image,presentation,cross-category,https://cloudconvert.com/image-converter
8494,jfif,pptm,"jfif to pptm",TIER-2,enumerated (heuristic order),,,image,presentation,cross-category,https://cloudconvert.com/image-converter
8495,jfif,rst,"jfif to rst",TIER-2,enumerated (heuristic order),,,image,document,cross-category,https://cloudconvert.com/image-converter
8496,jfif,sda,"jfif to sda",TIER-2,enumerated (heuristic order),,,image,presentation,cross-category,https://cloudconvert.com/image-converter
8497,jfif,sdw,"jfif to sdw",TIER-2,enumerated (heuristic order),,,image,document,cross-category,https://cloudconvert.com/image-converter
8498,jfif,sk,"jfif to sk",TIER-2,enumerated (heuristic order),,,image,vector,cross-category,https://cloudconvert.com/image-converter
8499,jfif,sk1,"jfif to sk1",TIER-2,enumerated (heuristic order),,,image,vector,cross-category,https://cloudconvert.com/image-converter
8500,jfif,svgz,"jfif to svgz",TIER-2,enumerated (heuristic order),,,image,vector,cross-category,https://cloudconvert.com/image-converter
8501,jfif,tex,"jfif to tex",TIER-2,enumerated (heuristic order),,,image,document,cross-category,https://cloudconvert.com/image-converter
8502,jfif,vsd,"jfif to vsd",TIER-2,enumerated (heuristic order),,,image,vector,cross-category,https://cloudconvert.com/image-converter
8503,jfif,wmf,"jfif to wmf",TIER-2,enumerated (heuristic order),,,image,vector,cross-category,https://cloudconvert.com/image-converter
8504,jfif,wpd,"jfif to wpd",TIER-2,enumerated (heuristic order),,,image,document,cross-category,https://cloudconvert.com/image-converter
8505,jfif,wps,"jfif to wps",TIER-2,enumerated (heuristic order),,,image,document,cross-category,https://cloudconvert.com/image-converter
8506,jfif,zabw,"jfif to zabw",TIER-2,enumerated (heuristic order),,,image,document,cross-category,https://cloudconvert.com/image-converter
8543,m4v,3fr,"m4v to 3fr",TIER-2,enumerated (heuristic order),,,video,image,cross-category,https://cloudconvert.com/mp4-converter
8544,m4v,ac3,"m4v to ac3",TIER-2,enumerated (heuristic order),,,video,audio,cross-category,https://cloudconvert.com/mp4-converter
8545,m4v,amr,"m4v to amr",TIER-2,enumerated (heuristic order),,,video,audio,cross-category,https://cloudconvert.com/mp4-converter
8546,m4v,au,"m4v to au",TIER-2,enumerated (heuristic order),,,video,audio,cross-category,https://cloudconvert.com/mp4-converter
8547,m4v,caf,"m4v to caf",TIER-2,enumerated (heuristic order),,,video,audio,cross-category,https://cloudconvert.com/mp4-converter
8548,m4v,cr3,"m4v to cr3",TIER-2,enumerated (heuristic order),,,video,image,cross-category,https://cloudconvert.com/mp4-converter
8549,m4v,crw,"m4v to crw",TIER-2,enumerated (heuristic order),,,video,image,cross-category,https://cloudconvert.com/mp4-converter
8550,m4v,dcr,"m4v to dcr",TIER-2,enumerated (heuristic order),,,video,image,cross-category,https://cloudconvert.com/mp4-converter
8551,m4v,dss,"m4v to dss",TIER-2,enumerated (heuristic order),,,video,audio,cross-category,https://cloudconvert.com/mp4-converter
8552,m4v,erf,"m4v to erf",TIER-2,enumerated (heuristic order),,,video,image,cross-category,https://cloudconvert.com/mp4-converter
8553,m4v,icns,"m4v to icns",TIER-2,enumerated (heuristic order),,,video,image,cross-category,https://cloudconvert.com/mp4-converter
8554,m4v,m4b,"m4v to m4b",TIER-2,enumerated (heuristic order),,,video,audio,cross-category,https://cloudconvert.com/mp4-converter
8555,m4v,mos,"m4v to mos",TIER-2,enumerated (heuristic order),,,video,image,cross-category,https://cloudconvert.com/mp4-converter
8556,m4v,mrw,"m4v to mrw",TIER-2,enumerated (heuristic order),,,video,image,cross-category,https://cloudconvert.com/mp4-converter
8557,m4v,odd,"m4v to odd",TIER-2,enumerated (heuristic order),,,video,image,cross-category,https://cloudconvert.com/mp4-converter
8558,m4v,odg,"m4v to odg",TIER-2,enumerated (heuristic order),,,video,image,cross-category,https://cloudconvert.com/mp4-converter
8559,m4v,orf,"m4v to orf",TIER-2,enumerated (heuristic order),,,video,image,cross-category,https://cloudconvert.com/mp4-converter
8560,m4v,pef,"m4v to pef",TIER-2,enumerated (heuristic order),,,video,image,cross-category,https://cloudconvert.com/mp4-converter
8561,m4v,ppm,"m4v to ppm",TIER-2,enumerated (heuristic order),,,video,image,cross-category,https://cloudconvert.com/mp4-converter
8562,m4v,ps,"m4v to ps",TIER-2,enumerated (heuristic order),,,video,image,cross-category,https://cloudconvert.com/mp4-converter
8563,m4v,psb,"m4v to psb",TIER-2,enumerated (heuristic order),,,video,image,cross-category,https://cloudconvert.com/mp4-converter
8564,m4v,pub,"m4v to pub",TIER-2,enumerated (heuristic order),,,video,image,cross-category,https://cloudconvert.com/mp4-converter
8565,m4v,raf,"m4v to raf",TIER-2,enumerated (heuristic order),,,video,image,cross-category,https://cloudconvert.com/mp4-converter
8566,m4v,rw2,"m4v to rw2",TIER-2,enumerated (heuristic order),,,video,image,cross-category,https://cloudconvert.com/mp4-converter
8567,m4v,sf2,"m4v to sf2",TIER-2,enumerated (heuristic order),,,video,audio,cross-category,https://cloudconvert.com/mp4-converter
8568,m4v,sfark,"m4v to sfark",TIER-2,enumerated (heuristic order),,,video,audio,cross-category,https://cloudconvert.com/mp4-converter
8569,m4v,tga,"m4v to tga",TIER-2,enumerated (heuristic order),,,video,image,cross-category,https://cloudconvert.com/mp4-converter
8570,m4v,voc,"m4v to voc",TIER-2,enumerated (heuristic order),,,video,audio,cross-category,https://cloudconvert.com/mp4-converter
8571,m4v,weba,"m4v to weba",TIER-2,enumerated (heuristic order),,,video,audio,cross-category,https://cloudconvert.com/mp4-converter
8572,m4v,x3f,"m4v to x3f",TIER-2,enumerated (heuristic order),,,video,image,cross-category,https://cloudconvert.com/mp4-converter
8573,m4v,xcf,"m4v to xcf",TIER-2,enumerated (heuristic order),,,video,image,cross-category,https://cloudconvert.com/mp4-converter
8574,m4v,xps,"m4v to xps",TIER-2,enumerated (heuristic order),,,video,image,cross-category,https://cloudconvert.com/mp4-converter
8618,mpeg,3fr,"mpeg to 3fr",TIER-2,enumerated (heuristic order),,,video,image,cross-category,https://cloudconvert.com/mp4-converter
8619,mpeg,ac3,"mpeg to ac3",TIER-2,enumerated (heuristic order),,,video,audio,cross-category,https://cloudconvert.com/mp4-converter
8620,mpeg,amr,"mpeg to amr",TIER-2,enumerated (heuristic order),,,video,audio,cross-category,https://cloudconvert.com/mp4-converter
8621,mpeg,au,"mpeg to au",TIER-2,enumerated (heuristic order),,,video,audio,cross-category,https://cloudconvert.com/mp4-converter
8622,mpeg,caf,"mpeg to caf",TIER-2,enumerated (heuristic order),,,video,audio,cross-category,https://cloudconvert.com/mp4-converter
8623,mpeg,cr3,"mpeg to cr3",TIER-2,enumerated (heuristic order),,,video,image,cross-category,https://cloudconvert.com/mp4-converter
8624,mpeg,crw,"mpeg to crw",TIER-2,enumerated (heuristic order),,,video,image,cross-category,https://cloudconvert.com/mp4-converter
8625,mpeg,dcr,"mpeg to dcr",TIER-2,enumerated (heuristic order),,,video,image,cross-category,https://cloudconvert.com/mp4-converter
8626,mpeg,dss,"mpeg to dss",TIER-2,enumerated (heuristic order),,,video,audio,cross-category,https://cloudconvert.com/mp4-converter
8627,mpeg,erf,"mpeg to erf",TIER-2,enumerated (heuristic order),,,video,image,cross-category,https://cloudconvert.com/mp4-converter
8628,mpeg,icns,"mpeg to icns",TIER-2,enumerated (heuristic order),,,video,image,cross-category,https://cloudconvert.com/mp4-converter
8629,mpeg,m4b,"mpeg to m4b",TIER-2,enumerated (heuristic order),,,video,audio,cross-category,https://cloudconvert.com/mp4-converter
8630,mpeg,mos,"mpeg to mos",TIER-2,enumerated (heuristic order),,,video,image,cross-category,https://cloudconvert.com/mp4-converter
8631,mpeg,mrw,"mpeg to mrw",TIER-2,enumerated (heuristic order),,,video,image,cross-category,https://cloudconvert.com/mp4-converter
8632,mpeg,odd,"mpeg to odd",TIER-2,enumerated (heuristic order),,,video,image,cross-category,https://cloudconvert.com/mp4-converter
8633,mpeg,odg,"mpeg to odg",TIER-2,enumerated (heuristic order),,,video,image,cross-category,https://cloudconvert.com/mp4-converter
8634,mpeg,orf,"mpeg to orf",TIER-2,enumerated (heuristic order),,,video,image,cross-category,https://cloudconvert.com/mp4-converter
8635,mpeg,pef,"mpeg to pef",TIER-2,enumerated (heuristic order),,,video,image,cross-category,https://cloudconvert.com/mp4-converter
8636,mpeg,ppm,"mpeg to ppm",TIER-2,enumerated (heuristic order),,,video,image,cross-category,https://cloudconvert.com/mp4-converter
8637,mpeg,ps,"mpeg to ps",TIER-2,enumerated (heuristic order),,,video,image,cross-category,https://cloudconvert.com/mp4-converter
8638,mpeg,psb,"mpeg to psb",TIER-2,enumerated (heuristic order),,,video,image,cross-category,https://cloudconvert.com/mp4-converter
8639,mpeg,pub,"mpeg to pub",TIER-2,enumerated (heuristic order),,,video,image,cross-category,https://cloudconvert.com/mp4-converter
8640,mpeg,raf,"mpeg to raf",TIER-2,enumerated (heuristic order),,,video,image,cross-category,https://cloudconvert.com/mp4-converter
8641,mpeg,rw2,"mpeg to rw2",TIER-2,enumerated (heuristic order),,,video,image,cross-category,https://cloudconvert.com/mp4-converter
8642,mpeg,sf2,"mpeg to sf2",TIER-2,enumerated (heuristic order),,,video,audio,cross-category,https://cloudconvert.com/mp4-converter
8643,mpeg,sfark,"mpeg to sfark",TIER-2,enumerated (heuristic order),,,video,audio,cross-category,https://cloudconvert.com/mp4-converter
8644,mpeg,tga,"mpeg to tga",TIER-2,enumerated (heuristic order),,,video,image,cross-category,https://cloudconvert.com/mp4-converter
8645,mpeg,voc,"mpeg to voc",TIER-2,enumerated (heuristic order),,,video,audio,cross-category,https://cloudconvert.com/mp4-converter
8646,mpeg,weba,"mpeg to weba",TIER-2,enumerated (heuristic order),,,video,audio,cross-category,https://cloudconvert.com/mp4-converter
8647,mpeg,x3f,"mpeg to x3f",TIER-2,enumerated (heuristic order),,,video,image,cross-category,https://cloudconvert.com/mp4-converter
8648,mpeg,xcf,"mpeg to xcf",TIER-2,enumerated (heuristic order),,,video,image,cross-category,https://cloudconvert.com/mp4-converter
8649,mpeg,xps,"mpeg to xps",TIER-2,enumerated (heuristic order),,,video,image,cross-category,https://cloudconvert.com/mp4-converter
8650,mpg,3fr,"mpg to 3fr",TIER-2,enumerated (heuristic order),,,video,image,cross-category,https://cloudconvert.com/mp4-converter
8651,mpg,ac3,"mpg to ac3",TIER-2,enumerated (heuristic order),,,video,audio,cross-category,https://cloudconvert.com/mp4-converter
8652,mpg,amr,"mpg to amr",TIER-2,enumerated (heuristic order),,,video,audio,cross-category,https://cloudconvert.com/mp4-converter
8653,mpg,au,"mpg to au",TIER-2,enumerated (heuristic order),,,video,audio,cross-category,https://cloudconvert.com/mp4-converter
8654,mpg,caf,"mpg to caf",TIER-2,enumerated (heuristic order),,,video,audio,cross-category,https://cloudconvert.com/mp4-converter
8655,mpg,cr3,"mpg to cr3",TIER-2,enumerated (heuristic order),,,video,image,cross-category,https://cloudconvert.com/mp4-converter
8656,mpg,crw,"mpg to crw",TIER-2,enumerated (heuristic order),,,video,image,cross-category,https://cloudconvert.com/mp4-converter
8657,mpg,dcr,"mpg to dcr",TIER-2,enumerated (heuristic order),,,video,image,cross-category,https://cloudconvert.com/mp4-converter
8658,mpg,dss,"mpg to dss",TIER-2,enumerated (heuristic order),,,video,audio,cross-category,https://cloudconvert.com/mp4-converter
8659,mpg,erf,"mpg to erf",TIER-2,enumerated (heuristic order),,,video,image,cross-category,https://cloudconvert.com/mp4-converter
8660,mpg,icns,"mpg to icns",TIER-2,enumerated (heuristic order),,,video,image,cross-category,https://cloudconvert.com/mp4-converter
8661,mpg,m4b,"mpg to m4b",TIER-2,enumerated (heuristic order),,,video,audio,cross-category,https://cloudconvert.com/mp4-converter
8662,mpg,mos,"mpg to mos",TIER-2,enumerated (heuristic order),,,video,image,cross-category,https://cloudconvert.com/mp4-converter
8663,mpg,mrw,"mpg to mrw",TIER-2,enumerated (heuristic order),,,video,image,cross-category,https://cloudconvert.com/mp4-converter
8664,mpg,odd,"mpg to odd",TIER-2,enumerated (heuristic order),,,video,image,cross-category,https://cloudconvert.com/mp4-converter
8665,mpg,odg,"mpg to odg",TIER-2,enumerated (heuristic order),,,video,image,cross-category,https://cloudconvert.com/mp4-converter
8666,mpg,orf,"mpg to orf",TIER-2,enumerated (heuristic order),,,video,image,cross-category,https://cloudconvert.com/mp4-converter
8667,mpg,pef,"mpg to pef",TIER-2,enumerated (heuristic order),,,video,image,cross-category,https://cloudconvert.com/mp4-converter
8668,mpg,ppm,"mpg to ppm",TIER-2,enumerated (heuristic order),,,video,image,cross-category,https://cloudconvert.com/mp4-converter
8669,mpg,ps,"mpg to ps",TIER-2,enumerated (heuristic order),,,video,image,cross-category,https://cloudconvert.com/mp4-converter
8670,mpg,psb,"mpg to psb",TIER-2,enumerated (heuristic order),,,video,image,cross-category,https://cloudconvert.com/mp4-converter
8671,mpg,pub,"mpg to pub",TIER-2,enumerated (heuristic order),,,video,image,cross-category,https://cloudconvert.com/mp4-converter
8672,mpg,raf,"mpg to raf",TIER-2,enumerated (heuristic order),,,video,image,cross-category,https://cloudconvert.com/mp4-converter
8673,mpg,rw2,"mpg to rw2",TIER-2,enumerated (heuristic order),,,video,image,cross-category,https://cloudconvert.com/mp4-converter
8674,mpg,sf2,"mpg to sf2",TIER-2,enumerated (heuristic order),,,video,audio,cross-category,https://cloudconvert.com/mp4-converter
8675,mpg,sfark,"mpg to sfark",TIER-2,enumerated (heuristic order),,,video,audio,cross-category,https://cloudconvert.com/mp4-converter
8676,mpg,tga,"mpg to tga",TIER-2,enumerated (heuristic order),,,video,image,cross-category,https://cloudconvert.com/mp4-converter
8677,mpg,voc,"mpg to voc",TIER-2,enumerated (heuristic order),,,video,audio,cross-category,https://cloudconvert.com/mp4-converter
8678,mpg,weba,"mpg to weba",TIER-2,enumerated (heuristic order),,,video,audio,cross-category,https://cloudconvert.com/mp4-converter
8679,mpg,x3f,"mpg to x3f",TIER-2,enumerated (heuristic order),,,video,image,cross-category,https://cloudconvert.com/mp4-converter
8680,mpg,xcf,"mpg to xcf",TIER-2,enumerated (heuristic order),,,video,image,cross-category,https://cloudconvert.com/mp4-converter
8681,mpg,xps,"mpg to xps",TIER-2,enumerated (heuristic order),,,video,image,cross-category,https://cloudconvert.com/mp4-converter
8682,nef,abw,"nef to abw",TIER-2,enumerated (heuristic order),,,image,document,cross-category,https://cloudconvert.com/image-converter
8683,nef,cgm,"nef to cgm",TIER-2,enumerated (heuristic order),,,image,vector,cross-category,https://cloudconvert.com/image-converter
8684,nef,djvu,"nef to djvu",TIER-2,enumerated (heuristic order),,,image,document,cross-category,https://cloudconvert.com/image-converter
8685,nef,docm,"nef to docm",TIER-2,enumerated (heuristic order),,,image,document,cross-category,https://cloudconvert.com/image-converter
8686,nef,dot,"nef to dot",TIER-2,enumerated (heuristic order),,,image,document,cross-category,https://cloudconvert.com/image-converter
8687,nef,dotx,"nef to dotx",TIER-2,enumerated (heuristic order),,,image,document,cross-category,https://cloudconvert.com/image-converter
8688,nef,dps,"nef to dps",TIER-2,enumerated (heuristic order),,,image,presentation,cross-category,https://cloudconvert.com/image-converter
8689,nef,emf,"nef to emf",TIER-2,enumerated (heuristic order),,,image,vector,cross-category,https://cloudconvert.com/image-converter
8690,nef,hwp,"nef to hwp",TIER-2,enumerated (heuristic order),,,image,document,cross-category,https://cloudconvert.com/image-converter
8691,nef,hwpx,"nef to hwpx",TIER-2,enumerated (heuristic order),,,image,document,cross-category,https://cloudconvert.com/image-converter
8692,nef,lwp,"nef to lwp",TIER-2,enumerated (heuristic order),,,image,document,cross-category,https://cloudconvert.com/image-converter
8693,nef,pot,"nef to pot",TIER-2,enumerated (heuristic order),,,image,presentation,cross-category,https://cloudconvert.com/image-converter
8694,nef,potx,"nef to potx",TIER-2,enumerated (heuristic order),,,image,presentation,cross-category,https://cloudconvert.com/image-converter
8695,nef,pps,"nef to pps",TIER-2,enumerated (heuristic order),,,image,presentation,cross-category,https://cloudconvert.com/image-converter
8696,nef,ppsx,"nef to ppsx",TIER-2,enumerated (heuristic order),,,image,presentation,cross-category,https://cloudconvert.com/image-converter
8697,nef,pptm,"nef to pptm",TIER-2,enumerated (heuristic order),,,image,presentation,cross-category,https://cloudconvert.com/image-converter
8698,nef,rst,"nef to rst",TIER-2,enumerated (heuristic order),,,image,document,cross-category,https://cloudconvert.com/image-converter
8699,nef,sda,"nef to sda",TIER-2,enumerated (heuristic order),,,image,presentation,cross-category,https://cloudconvert.com/image-converter
8700,nef,sdw,"nef to sdw",TIER-2,enumerated (heuristic order),,,image,document,cross-category,https://cloudconvert.com/image-converter
8701,nef,sk,"nef to sk",TIER-2,enumerated (heuristic order),,,image,vector,cross-category,https://cloudconvert.com/image-converter
8702,nef,sk1,"nef to sk1",TIER-2,enumerated (heuristic order),,,image,vector,cross-category,https://cloudconvert.com/image-converter
8703,nef,svgz,"nef to svgz",TIER-2,enumerated (heuristic order),,,image,vector,cross-category,https://cloudconvert.com/image-converter
8704,nef,tex,"nef to tex",TIER-2,enumerated (heuristic order),,,image,document,cross-category,https://cloudconvert.com/image-converter
8705,nef,vsd,"nef to vsd",TIER-2,enumerated (heuristic order),,,image,vector,cross-category,https://cloudconvert.com/image-converter
8706,nef,wmf,"nef to wmf",TIER-2,enumerated (heuristic order),,,image,vector,cross-category,https://cloudconvert.com/image-converter
8707,nef,wpd,"nef to wpd",TIER-2,enumerated (heuristic order),,,image,document,cross-category,https://cloudconvert.com/image-converter
8708,nef,wps,"nef to wps",TIER-2,enumerated (heuristic order),,,image,document,cross-category,https://cloudconvert.com/image-converter
8709,nef,zabw,"nef to zabw",TIER-2,enumerated (heuristic order),,,image,document,cross-category,https://cloudconvert.com/image-converter
8861,oga,3g2,"oga to 3g2",TIER-2,enumerated (heuristic order),,,audio,video,cross-category,https://cloudconvert.com/audio-converter
8862,oga,3gpp,"oga to 3gpp",TIER-2,enumerated (heuristic order),,,audio,video,cross-category,https://cloudconvert.com/audio-converter
8863,oga,cavs,"oga to cavs",TIER-2,enumerated (heuristic order),,,audio,video,cross-category,https://cloudconvert.com/audio-converter
8864,oga,dv,"oga to dv",TIER-2,enumerated (heuristic order),,,audio,video,cross-category,https://cloudconvert.com/audio-converter
8865,oga,dvr,"oga to dvr",TIER-2,enumerated (heuristic order),,,audio,video,cross-category,https://cloudconvert.com/audio-converter
8866,oga,m2ts,"oga to m2ts",TIER-2,enumerated (heuristic order),,,audio,video,cross-category,https://cloudconvert.com/audio-converter
8867,oga,mod,"oga to mod",TIER-2,enumerated (heuristic order),,,audio,video,cross-category,https://cloudconvert.com/audio-converter
8868,oga,mts,"oga to mts",TIER-2,enumerated (heuristic order),,,audio,video,cross-category,https://cloudconvert.com/audio-converter
8869,oga,mxf,"oga to mxf",TIER-2,enumerated (heuristic order),,,audio,video,cross-category,https://cloudconvert.com/audio-converter
8870,oga,ogv,"oga to ogv",TIER-2,enumerated (heuristic order),,,audio,video,cross-category,https://cloudconvert.com/audio-converter
8871,oga,rm,"oga to rm",TIER-2,enumerated (heuristic order),,,audio,video,cross-category,https://cloudconvert.com/audio-converter
8872,oga,rmvb,"oga to rmvb",TIER-2,enumerated (heuristic order),,,audio,video,cross-category,https://cloudconvert.com/audio-converter
8873,oga,swf,"oga to swf",TIER-2,enumerated (heuristic order),,,audio,video,cross-category,https://cloudconvert.com/audio-converter
8874,oga,vob,"oga to vob",TIER-2,enumerated (heuristic order),,,audio,video,cross-category,https://cloudconvert.com/audio-converter
8875,oga,wtv,"oga to wtv",TIER-2,enumerated (heuristic order),,,audio,video,cross-category,https://cloudconvert.com/audio-converter
8876,ogg,3g2,"ogg to 3g2",TIER-2,enumerated (heuristic order),,,audio,video,cross-category,https://cloudconvert.com/audio-converter
8877,ogg,3gpp,"ogg to 3gpp",TIER-2,enumerated (heuristic order),,,audio,video,cross-category,https://cloudconvert.com/audio-converter
8878,ogg,cavs,"ogg to cavs",TIER-2,enumerated (heuristic order),,,audio,video,cross-category,https://cloudconvert.com/audio-converter
8879,ogg,dv,"ogg to dv",TIER-2,enumerated (heuristic order),,,audio,video,cross-category,https://cloudconvert.com/audio-converter
8880,ogg,dvr,"ogg to dvr",TIER-2,enumerated (heuristic order),,,audio,video,cross-category,https://cloudconvert.com/audio-converter
8881,ogg,m2ts,"ogg to m2ts",TIER-2,enumerated (heuristic order),,,audio,video,cross-category,https://cloudconvert.com/audio-converter
8882,ogg,mod,"ogg to mod",TIER-2,enumerated (heuristic order),,,audio,video,cross-category,https://cloudconvert.com/audio-converter
8883,ogg,mts,"ogg to mts",TIER-2,enumerated (heuristic order),,,audio,video,cross-category,https://cloudconvert.com/audio-converter
8884,ogg,mxf,"ogg to mxf",TIER-2,enumerated (heuristic order),,,audio,video,cross-category,https://cloudconvert.com/audio-converter
8885,ogg,ogv,"ogg to ogv",TIER-2,enumerated (heuristic order),,,audio,video,cross-category,https://cloudconvert.com/audio-converter
8886,ogg,rm,"ogg to rm",TIER-2,enumerated (heuristic order),,,audio,video,cross-category,https://cloudconvert.com/audio-converter
8887,ogg,rmvb,"ogg to rmvb",TIER-2,enumerated (heuristic order),,,audio,video,cross-category,https://cloudconvert.com/audio-converter
8888,ogg,swf,"ogg to swf",TIER-2,enumerated (heuristic order),,,audio,video,cross-category,https://cloudconvert.com/audio-converter
8889,ogg,vob,"ogg to vob",TIER-2,enumerated (heuristic order),,,audio,video,cross-category,https://cloudconvert.com/audio-converter
8890,ogg,wtv,"ogg to wtv",TIER-2,enumerated (heuristic order),,,audio,video,cross-category,https://cloudconvert.com/audio-converter
8891,opus,3g2,"opus to 3g2",TIER-2,enumerated (heuristic order),,,audio,video,cross-category,https://cloudconvert.com/audio-converter
8892,opus,3gpp,"opus to 3gpp",TIER-2,enumerated (heuristic order),,,audio,video,cross-category,https://cloudconvert.com/audio-converter
8893,opus,cavs,"opus to cavs",TIER-2,enumerated (heuristic order),,,audio,video,cross-category,https://cloudconvert.com/audio-converter
8894,opus,dv,"opus to dv",TIER-2,enumerated (heuristic order),,,audio,video,cross-category,https://cloudconvert.com/audio-converter
8895,opus,dvr,"opus to dvr",TIER-2,enumerated (heuristic order),,,audio,video,cross-category,https://cloudconvert.com/audio-converter
8896,opus,m2ts,"opus to m2ts",TIER-2,enumerated (heuristic order),,,audio,video,cross-category,https://cloudconvert.com/audio-converter
8897,opus,mod,"opus to mod",TIER-2,enumerated (heuristic order),,,audio,video,cross-category,https://cloudconvert.com/audio-converter
8898,opus,mts,"opus to mts",TIER-2,enumerated (heuristic order),,,audio,video,cross-category,https://cloudconvert.com/audio-converter
8899,opus,mxf,"opus to mxf",TIER-2,enumerated (heuristic order),,,audio,video,cross-category,https://cloudconvert.com/audio-converter
8900,opus,ogv,"opus to ogv",TIER-2,enumerated (heuristic order),,,audio,video,cross-category,https://cloudconvert.com/audio-converter
8901,opus,rm,"opus to rm",TIER-2,enumerated (heuristic order),,,audio,video,cross-category,https://cloudconvert.com/audio-converter
8902,opus,rmvb,"opus to rmvb",TIER-2,enumerated (heuristic order),,,audio,video,cross-category,https://cloudconvert.com/audio-converter
8903,opus,swf,"opus to swf",TIER-2,enumerated (heuristic order),,,audio,video,cross-category,https://cloudconvert.com/audio-converter
8904,opus,vob,"opus to vob",TIER-2,enumerated (heuristic order),,,audio,video,cross-category,https://cloudconvert.com/audio-converter
8905,opus,wtv,"opus to wtv",TIER-2,enumerated (heuristic order),,,audio,video,cross-category,https://cloudconvert.com/audio-converter
8949,psd,abw,"psd to abw",TIER-2,enumerated (heuristic order),,,image,document,cross-category,https://cloudconvert.com/image-converter
8950,psd,cgm,"psd to cgm",TIER-2,enumerated (heuristic order),,,image,vector,cross-category,https://cloudconvert.com/image-converter
8951,psd,djvu,"psd to djvu",TIER-2,enumerated (heuristic order),,,image,document,cross-category,https://cloudconvert.com/image-converter
8952,psd,docm,"psd to docm",TIER-2,enumerated (heuristic order),,,image,document,cross-category,https://cloudconvert.com/image-converter
8953,psd,dot,"psd to dot",TIER-2,enumerated (heuristic order),,,image,document,cross-category,https://cloudconvert.com/image-converter
8954,psd,dotx,"psd to dotx",TIER-2,enumerated (heuristic order),,,image,document,cross-category,https://cloudconvert.com/image-converter
8955,psd,dps,"psd to dps",TIER-2,enumerated (heuristic order),,,image,presentation,cross-category,https://cloudconvert.com/image-converter
8956,psd,emf,"psd to emf",TIER-2,enumerated (heuristic order),,,image,vector,cross-category,https://cloudconvert.com/image-converter
8957,psd,hwp,"psd to hwp",TIER-2,enumerated (heuristic order),,,image,document,cross-category,https://cloudconvert.com/image-converter
8958,psd,hwpx,"psd to hwpx",TIER-2,enumerated (heuristic order),,,image,document,cross-category,https://cloudconvert.com/image-converter
8959,psd,lwp,"psd to lwp",TIER-2,enumerated (heuristic order),,,image,document,cross-category,https://cloudconvert.com/image-converter
8960,psd,pot,"psd to pot",TIER-2,enumerated (heuristic order),,,image,presentation,cross-category,https://cloudconvert.com/image-converter
8961,psd,potx,"psd to potx",TIER-2,enumerated (heuristic order),,,image,presentation,cross-category,https://cloudconvert.com/image-converter
8962,psd,pps,"psd to pps",TIER-2,enumerated (heuristic order),,,image,presentation,cross-category,https://cloudconvert.com/image-converter
8963,psd,ppsx,"psd to ppsx",TIER-2,enumerated (heuristic order),,,image,presentation,cross-category,https://cloudconvert.com/image-converter
8964,psd,pptm,"psd to pptm",TIER-2,enumerated (heuristic order),,,image,presentation,cross-category,https://cloudconvert.com/image-converter
8965,psd,rst,"psd to rst",TIER-2,enumerated (heuristic order),,,image,document,cross-category,https://cloudconvert.com/image-converter
8966,psd,sda,"psd to sda",TIER-2,enumerated (heuristic order),,,image,presentation,cross-category,https://cloudconvert.com/image-converter
8967,psd,sdw,"psd to sdw",TIER-2,enumerated (heuristic order),,,image,document,cross-category,https://cloudconvert.com/image-converter
8968,psd,sk,"psd to sk",TIER-2,enumerated (heuristic order),,,image,vector,cross-category,https://cloudconvert.com/image-converter
8969,psd,sk1,"psd to sk1",TIER-2,enumerated (heuristic order),,,image,vector,cross-category,https://cloudconvert.com/image-converter
8970,psd,svgz,"psd to svgz",TIER-2,enumerated (heuristic order),,,image,vector,cross-category,https://cloudconvert.com/image-converter
8971,psd,tex,"psd to tex",TIER-2,enumerated (heuristic order),,,image,document,cross-category,https://cloudconvert.com/image-converter
8972,psd,vsd,"psd to vsd",TIER-2,enumerated (heuristic order),,,image,vector,cross-category,https://cloudconvert.com/image-converter
8973,psd,wmf,"psd to wmf",TIER-2,enumerated (heuristic order),,,image,vector,cross-category,https://cloudconvert.com/image-converter
8974,psd,wpd,"psd to wpd",TIER-2,enumerated (heuristic order),,,image,document,cross-category,https://cloudconvert.com/image-converter
8975,psd,wps,"psd to wps",TIER-2,enumerated (heuristic order),,,image,document,cross-category,https://cloudconvert.com/image-converter
8976,psd,zabw,"psd to zabw",TIER-2,enumerated (heuristic order),,,image,document,cross-category,https://cloudconvert.com/image-converter
8977,raw,abw,"raw to abw",TIER-2,enumerated (heuristic order),,,image,document,cross-category,https://cloudconvert.com/image-converter
8978,raw,cgm,"raw to cgm",TIER-2,enumerated (heuristic order),,,image,vector,cross-category,https://cloudconvert.com/image-converter
8979,raw,djvu,"raw to djvu",TIER-2,enumerated (heuristic order),,,image,document,cross-category,https://cloudconvert.com/image-converter
8980,raw,docm,"raw to docm",TIER-2,enumerated (heuristic order),,,image,document,cross-category,https://cloudconvert.com/image-converter
8981,raw,dot,"raw to dot",TIER-2,enumerated (heuristic order),,,image,document,cross-category,https://cloudconvert.com/image-converter
8982,raw,dotx,"raw to dotx",TIER-2,enumerated (heuristic order),,,image,document,cross-category,https://cloudconvert.com/image-converter
8983,raw,dps,"raw to dps",TIER-2,enumerated (heuristic order),,,image,presentation,cross-category,https://cloudconvert.com/image-converter
8984,raw,emf,"raw to emf",TIER-2,enumerated (heuristic order),,,image,vector,cross-category,https://cloudconvert.com/image-converter
8985,raw,hwp,"raw to hwp",TIER-2,enumerated (heuristic order),,,image,document,cross-category,https://cloudconvert.com/image-converter
8986,raw,hwpx,"raw to hwpx",TIER-2,enumerated (heuristic order),,,image,document,cross-category,https://cloudconvert.com/image-converter
8987,raw,lwp,"raw to lwp",TIER-2,enumerated (heuristic order),,,image,document,cross-category,https://cloudconvert.com/image-converter
8988,raw,pot,"raw to pot",TIER-2,enumerated (heuristic order),,,image,presentation,cross-category,https://cloudconvert.com/image-converter
8989,raw,potx,"raw to potx",TIER-2,enumerated (heuristic order),,,image,presentation,cross-category,https://cloudconvert.com/image-converter
8990,raw,pps,"raw to pps",TIER-2,enumerated (heuristic order),,,image,presentation,cross-category,https://cloudconvert.com/image-converter
8991,raw,ppsx,"raw to ppsx",TIER-2,enumerated (heuristic order),,,image,presentation,cross-category,https://cloudconvert.com/image-converter
8992,raw,pptm,"raw to pptm",TIER-2,enumerated (heuristic order),,,image,presentation,cross-category,https://cloudconvert.com/image-converter
8993,raw,rst,"raw to rst",TIER-2,enumerated (heuristic order),,,image,document,cross-category,https://cloudconvert.com/image-converter
8994,raw,sda,"raw to sda",TIER-2,enumerated (heuristic order),,,image,presentation,cross-category,https://cloudconvert.com/image-converter
8995,raw,sdw,"raw to sdw",TIER-2,enumerated (heuristic order),,,image,document,cross-category,https://cloudconvert.com/image-converter
8996,raw,sk,"raw to sk",TIER-2,enumerated (heuristic order),,,image,vector,cross-category,https://cloudconvert.com/image-converter
8997,raw,sk1,"raw to sk1",TIER-2,enumerated (heuristic order),,,image,vector,cross-category,https://cloudconvert.com/image-converter
8998,raw,svgz,"raw to svgz",TIER-2,enumerated (heuristic order),,,image,vector,cross-category,https://cloudconvert.com/image-converter
8999,raw,tex,"raw to tex",TIER-2,enumerated (heuristic order),,,image,document,cross-category,https://cloudconvert.com/image-converter
9000,raw,vsd,"raw to vsd",TIER-2,enumerated (heuristic order),,,image,vector,cross-category,https://cloudconvert.com/image-converter
9001,raw,wmf,"raw to wmf",TIER-2,enumerated (heuristic order),,,image,vector,cross-category,https://cloudconvert.com/image-converter
9002,raw,wpd,"raw to wpd",TIER-2,enumerated (heuristic order),,,image,document,cross-category,https://cloudconvert.com/image-converter
9003,raw,wps,"raw to wps",TIER-2,enumerated (heuristic order),,,image,document,cross-category,https://cloudconvert.com/image-converter
9004,raw,zabw,"raw to zabw",TIER-2,enumerated (heuristic order),,,image,document,cross-category,https://cloudconvert.com/image-converter
9048,tif,abw,"tif to abw",TIER-2,enumerated (heuristic order),,,image,document,cross-category,https://cloudconvert.com/image-converter
9049,tif,cgm,"tif to cgm",TIER-2,enumerated (heuristic order),,,image,vector,cross-category,https://cloudconvert.com/image-converter
9050,tif,djvu,"tif to djvu",TIER-2,enumerated (heuristic order),,,image,document,cross-category,https://cloudconvert.com/image-converter
9051,tif,docm,"tif to docm",TIER-2,enumerated (heuristic order),,,image,document,cross-category,https://cloudconvert.com/image-converter
9052,tif,dot,"tif to dot",TIER-2,enumerated (heuristic order),,,image,document,cross-category,https://cloudconvert.com/image-converter
9053,tif,dotx,"tif to dotx",TIER-2,enumerated (heuristic order),,,image,document,cross-category,https://cloudconvert.com/image-converter
9054,tif,dps,"tif to dps",TIER-2,enumerated (heuristic order),,,image,presentation,cross-category,https://cloudconvert.com/image-converter
9055,tif,emf,"tif to emf",TIER-2,enumerated (heuristic order),,,image,vector,cross-category,https://cloudconvert.com/image-converter
9056,tif,hwp,"tif to hwp",TIER-2,enumerated (heuristic order),,,image,document,cross-category,https://cloudconvert.com/image-converter
9057,tif,hwpx,"tif to hwpx",TIER-2,enumerated (heuristic order),,,image,document,cross-category,https://cloudconvert.com/image-converter
9058,tif,lwp,"tif to lwp",TIER-2,enumerated (heuristic order),,,image,document,cross-category,https://cloudconvert.com/image-converter
9059,tif,pot,"tif to pot",TIER-2,enumerated (heuristic order),,,image,presentation,cross-category,https://cloudconvert.com/image-converter
9060,tif,potx,"tif to potx",TIER-2,enumerated (heuristic order),,,image,presentation,cross-category,https://cloudconvert.com/image-converter
9061,tif,pps,"tif to pps",TIER-2,enumerated (heuristic order),,,image,presentation,cross-category,https://cloudconvert.com/image-converter
9062,tif,ppsx,"tif to ppsx",TIER-2,enumerated (heuristic order),,,image,presentation,cross-category,https://cloudconvert.com/image-converter
9063,tif,pptm,"tif to pptm",TIER-2,enumerated (heuristic order),,,image,presentation,cross-category,https://cloudconvert.com/image-converter
9064,tif,rst,"tif to rst",TIER-2,enumerated (heuristic order),,,image,document,cross-category,https://cloudconvert.com/image-converter
9065,tif,sda,"tif to sda",TIER-2,enumerated (heuristic order),,,image,presentation,cross-category,https://cloudconvert.com/image-converter
9066,tif,sdw,"tif to sdw",TIER-2,enumerated (heuristic order),,,image,document,cross-category,https://cloudconvert.com/image-converter
9067,tif,sk,"tif to sk",TIER-2,enumerated (heuristic order),,,image,vector,cross-category,https://cloudconvert.com/image-converter
9068,tif,sk1,"tif to sk1",TIER-2,enumerated (heuristic order),,,image,vector,cross-category,https://cloudconvert.com/image-converter
9069,tif,svgz,"tif to svgz",TIER-2,enumerated (heuristic order),,,image,vector,cross-category,https://cloudconvert.com/image-converter
9070,tif,tex,"tif to tex",TIER-2,enumerated (heuristic order),,,image,document,cross-category,https://cloudconvert.com/image-converter
9071,tif,vsd,"tif to vsd",TIER-2,enumerated (heuristic order),,,image,vector,cross-category,https://cloudconvert.com/image-converter
9072,tif,wmf,"tif to wmf",TIER-2,enumerated (heuristic order),,,image,vector,cross-category,https://cloudconvert.com/image-converter
9073,tif,wpd,"tif to wpd",TIER-2,enumerated (heuristic order),,,image,document,cross-category,https://cloudconvert.com/image-converter
9074,tif,wps,"tif to wps",TIER-2,enumerated (heuristic order),,,image,document,cross-category,https://cloudconvert.com/image-converter
9075,tif,zabw,"tif to zabw",TIER-2,enumerated (heuristic order),,,image,document,cross-category,https://cloudconvert.com/image-converter
9076,tiff,abw,"tiff to abw",TIER-2,enumerated (heuristic order),,,image,document,cross-category,https://cloudconvert.com/image-converter
9077,tiff,cgm,"tiff to cgm",TIER-2,enumerated (heuristic order),,,image,vector,cross-category,https://cloudconvert.com/image-converter
9078,tiff,djvu,"tiff to djvu",TIER-2,enumerated (heuristic order),,,image,document,cross-category,https://cloudconvert.com/image-converter
9079,tiff,docm,"tiff to docm",TIER-2,enumerated (heuristic order),,,image,document,cross-category,https://cloudconvert.com/image-converter
9080,tiff,dot,"tiff to dot",TIER-2,enumerated (heuristic order),,,image,document,cross-category,https://cloudconvert.com/image-converter
9081,tiff,dotx,"tiff to dotx",TIER-2,enumerated (heuristic order),,,image,document,cross-category,https://cloudconvert.com/image-converter
9082,tiff,dps,"tiff to dps",TIER-2,enumerated (heuristic order),,,image,presentation,cross-category,https://cloudconvert.com/image-converter
9083,tiff,emf,"tiff to emf",TIER-2,enumerated (heuristic order),,,image,vector,cross-category,https://cloudconvert.com/image-converter
9084,tiff,hwp,"tiff to hwp",TIER-2,enumerated (heuristic order),,,image,document,cross-category,https://cloudconvert.com/image-converter
9085,tiff,hwpx,"tiff to hwpx",TIER-2,enumerated (heuristic order),,,image,document,cross-category,https://cloudconvert.com/image-converter
9086,tiff,lwp,"tiff to lwp",TIER-2,enumerated (heuristic order),,,image,document,cross-category,https://cloudconvert.com/image-converter
9087,tiff,pot,"tiff to pot",TIER-2,enumerated (heuristic order),,,image,presentation,cross-category,https://cloudconvert.com/image-converter
9088,tiff,potx,"tiff to potx",TIER-2,enumerated (heuristic order),,,image,presentation,cross-category,https://cloudconvert.com/image-converter
9089,tiff,pps,"tiff to pps",TIER-2,enumerated (heuristic order),,,image,presentation,cross-category,https://cloudconvert.com/image-converter
9090,tiff,ppsx,"tiff to ppsx",TIER-2,enumerated (heuristic order),,,image,presentation,cross-category,https://cloudconvert.com/image-converter
9091,tiff,pptm,"tiff to pptm",TIER-2,enumerated (heuristic order),,,image,presentation,cross-category,https://cloudconvert.com/image-converter
9092,tiff,rst,"tiff to rst",TIER-2,enumerated (heuristic order),,,image,document,cross-category,https://cloudconvert.com/image-converter
9093,tiff,sda,"tiff to sda",TIER-2,enumerated (heuristic order),,,image,presentation,cross-category,https://cloudconvert.com/image-converter
9094,tiff,sdw,"tiff to sdw",TIER-2,enumerated (heuristic order),,,image,document,cross-category,https://cloudconvert.com/image-converter
9095,tiff,sk,"tiff to sk",TIER-2,enumerated (heuristic order),,,image,vector,cross-category,https://cloudconvert.com/image-converter
9096,tiff,sk1,"tiff to sk1",TIER-2,enumerated (heuristic order),,,image,vector,cross-category,https://cloudconvert.com/image-converter
9097,tiff,svgz,"tiff to svgz",TIER-2,enumerated (heuristic order),,,image,vector,cross-category,https://cloudconvert.com/image-converter
9098,tiff,tex,"tiff to tex",TIER-2,enumerated (heuristic order),,,image,document,cross-category,https://cloudconvert.com/image-converter
9099,tiff,vsd,"tiff to vsd",TIER-2,enumerated (heuristic order),,,image,vector,cross-category,https://cloudconvert.com/image-converter
9100,tiff,wmf,"tiff to wmf",TIER-2,enumerated (heuristic order),,,image,vector,cross-category,https://cloudconvert.com/image-converter
9101,tiff,wpd,"tiff to wpd",TIER-2,enumerated (heuristic order),,,image,document,cross-category,https://cloudconvert.com/image-converter
9102,tiff,wps,"tiff to wps",TIER-2,enumerated (heuristic order),,,image,document,cross-category,https://cloudconvert.com/image-converter
9103,tiff,zabw,"tiff to zabw",TIER-2,enumerated (heuristic order),,,image,document,cross-category,https://cloudconvert.com/image-converter
9104,ts,3fr,"ts to 3fr",TIER-2,enumerated (heuristic order),,,video,image,cross-category,https://cloudconvert.com/mp4-converter
9105,ts,ac3,"ts to ac3",TIER-2,enumerated (heuristic order),,,video,audio,cross-category,https://cloudconvert.com/mp4-converter
9106,ts,amr,"ts to amr",TIER-2,enumerated (heuristic order),,,video,audio,cross-category,https://cloudconvert.com/mp4-converter
9107,ts,au,"ts to au",TIER-2,enumerated (heuristic order),,,video,audio,cross-category,https://cloudconvert.com/mp4-converter
9108,ts,caf,"ts to caf",TIER-2,enumerated (heuristic order),,,video,audio,cross-category,https://cloudconvert.com/mp4-converter
9109,ts,cr3,"ts to cr3",TIER-2,enumerated (heuristic order),,,video,image,cross-category,https://cloudconvert.com/mp4-converter
9110,ts,crw,"ts to crw",TIER-2,enumerated (heuristic order),,,video,image,cross-category,https://cloudconvert.com/mp4-converter
9111,ts,dcr,"ts to dcr",TIER-2,enumerated (heuristic order),,,video,image,cross-category,https://cloudconvert.com/mp4-converter
9112,ts,dss,"ts to dss",TIER-2,enumerated (heuristic order),,,video,audio,cross-category,https://cloudconvert.com/mp4-converter
9113,ts,erf,"ts to erf",TIER-2,enumerated (heuristic order),,,video,image,cross-category,https://cloudconvert.com/mp4-converter
9114,ts,icns,"ts to icns",TIER-2,enumerated (heuristic order),,,video,image,cross-category,https://cloudconvert.com/mp4-converter
9115,ts,m4b,"ts to m4b",TIER-2,enumerated (heuristic order),,,video,audio,cross-category,https://cloudconvert.com/mp4-converter
9116,ts,mos,"ts to mos",TIER-2,enumerated (heuristic order),,,video,image,cross-category,https://cloudconvert.com/mp4-converter
9117,ts,mrw,"ts to mrw",TIER-2,enumerated (heuristic order),,,video,image,cross-category,https://cloudconvert.com/mp4-converter
9118,ts,odd,"ts to odd",TIER-2,enumerated (heuristic order),,,video,image,cross-category,https://cloudconvert.com/mp4-converter
9119,ts,odg,"ts to odg",TIER-2,enumerated (heuristic order),,,video,image,cross-category,https://cloudconvert.com/mp4-converter
9120,ts,orf,"ts to orf",TIER-2,enumerated (heuristic order),,,video,image,cross-category,https://cloudconvert.com/mp4-converter
9121,ts,pef,"ts to pef",TIER-2,enumerated (heuristic order),,,video,image,cross-category,https://cloudconvert.com/mp4-converter
9122,ts,ppm,"ts to ppm",TIER-2,enumerated (heuristic order),,,video,image,cross-category,https://cloudconvert.com/mp4-converter
9123,ts,ps,"ts to ps",TIER-2,enumerated (heuristic order),,,video,image,cross-category,https://cloudconvert.com/mp4-converter
9124,ts,psb,"ts to psb",TIER-2,enumerated (heuristic order),,,video,image,cross-category,https://cloudconvert.com/mp4-converter
9125,ts,pub,"ts to pub",TIER-2,enumerated (heuristic order),,,video,image,cross-category,https://cloudconvert.com/mp4-converter
9126,ts,raf,"ts to raf",TIER-2,enumerated (heuristic order),,,video,image,cross-category,https://cloudconvert.com/mp4-converter
9127,ts,rw2,"ts to rw2",TIER-2,enumerated (heuristic order),,,video,image,cross-category,https://cloudconvert.com/mp4-converter
9128,ts,sf2,"ts to sf2",TIER-2,enumerated (heuristic order),,,video,audio,cross-category,https://cloudconvert.com/mp4-converter
9129,ts,sfark,"ts to sfark",TIER-2,enumerated (heuristic order),,,video,audio,cross-category,https://cloudconvert.com/mp4-converter
9130,ts,tga,"ts to tga",TIER-2,enumerated (heuristic order),,,video,image,cross-category,https://cloudconvert.com/mp4-converter
9131,ts,voc,"ts to voc",TIER-2,enumerated (heuristic order),,,video,audio,cross-category,https://cloudconvert.com/mp4-converter
9132,ts,weba,"ts to weba",TIER-2,enumerated (heuristic order),,,video,audio,cross-category,https://cloudconvert.com/mp4-converter
9133,ts,x3f,"ts to x3f",TIER-2,enumerated (heuristic order),,,video,image,cross-category,https://cloudconvert.com/mp4-converter
9134,ts,xcf,"ts to xcf",TIER-2,enumerated (heuristic order),,,video,image,cross-category,https://cloudconvert.com/mp4-converter
9135,ts,xps,"ts to xps",TIER-2,enumerated (heuristic order),,,video,image,cross-category,https://cloudconvert.com/mp4-converter
9136,wma,3g2,"wma to 3g2",TIER-2,enumerated (heuristic order),,,audio,video,cross-category,https://cloudconvert.com/audio-converter
9137,wma,3gpp,"wma to 3gpp",TIER-2,enumerated (heuristic order),,,audio,video,cross-category,https://cloudconvert.com/audio-converter
9138,wma,cavs,"wma to cavs",TIER-2,enumerated (heuristic order),,,audio,video,cross-category,https://cloudconvert.com/audio-converter
9139,wma,dv,"wma to dv",TIER-2,enumerated (heuristic order),,,audio,video,cross-category,https://cloudconvert.com/audio-converter
9140,wma,dvr,"wma to dvr",TIER-2,enumerated (heuristic order),,,audio,video,cross-category,https://cloudconvert.com/audio-converter
9141,wma,m2ts,"wma to m2ts",TIER-2,enumerated (heuristic order),,,audio,video,cross-category,https://cloudconvert.com/audio-converter
9142,wma,mod,"wma to mod",TIER-2,enumerated (heuristic order),,,audio,video,cross-category,https://cloudconvert.com/audio-converter
9143,wma,mts,"wma to mts",TIER-2,enumerated (heuristic order),,,audio,video,cross-category,https://cloudconvert.com/audio-converter
9144,wma,mxf,"wma to mxf",TIER-2,enumerated (heuristic order),,,audio,video,cross-category,https://cloudconvert.com/audio-converter
9145,wma,ogv,"wma to ogv",TIER-2,enumerated (heuristic order),,,audio,video,cross-category,https://cloudconvert.com/audio-converter
9146,wma,rm,"wma to rm",TIER-2,enumerated (heuristic order),,,audio,video,cross-category,https://cloudconvert.com/audio-converter
9147,wma,rmvb,"wma to rmvb",TIER-2,enumerated (heuristic order),,,audio,video,cross-category,https://cloudconvert.com/audio-converter
9148,wma,swf,"wma to swf",TIER-2,enumerated (heuristic order),,,audio,video,cross-category,https://cloudconvert.com/audio-converter
9149,wma,vob,"wma to vob",TIER-2,enumerated (heuristic order),,,audio,video,cross-category,https://cloudconvert.com/audio-converter
9150,wma,wtv,"wma to wtv",TIER-2,enumerated (heuristic order),,,audio,video,cross-category,https://cloudconvert.com/audio-converter
9151,wmv,3fr,"wmv to 3fr",TIER-2,enumerated (heuristic order),,,video,image,cross-category,https://cloudconvert.com/mp4-converter
9152,wmv,ac3,"wmv to ac3",TIER-2,enumerated (heuristic order),,,video,audio,cross-category,https://cloudconvert.com/mp4-converter
9153,wmv,amr,"wmv to amr",TIER-2,enumerated (heuristic order),,,video,audio,cross-category,https://cloudconvert.com/mp4-converter
9154,wmv,au,"wmv to au",TIER-2,enumerated (heuristic order),,,video,audio,cross-category,https://cloudconvert.com/mp4-converter
9155,wmv,caf,"wmv to caf",TIER-2,enumerated (heuristic order),,,video,audio,cross-category,https://cloudconvert.com/mp4-converter
9156,wmv,cr3,"wmv to cr3",TIER-2,enumerated (heuristic order),,,video,image,cross-category,https://cloudconvert.com/mp4-converter
9157,wmv,crw,"wmv to crw",TIER-2,enumerated (heuristic order),,,video,image,cross-category,https://cloudconvert.com/mp4-converter
9158,wmv,dcr,"wmv to dcr",TIER-2,enumerated (heuristic order),,,video,image,cross-category,https://cloudconvert.com/mp4-converter
9159,wmv,dss,"wmv to dss",TIER-2,enumerated (heuristic order),,,video,audio,cross-category,https://cloudconvert.com/mp4-converter
9160,wmv,erf,"wmv to erf",TIER-2,enumerated (heuristic order),,,video,image,cross-category,https://cloudconvert.com/mp4-converter
9161,wmv,icns,"wmv to icns",TIER-2,enumerated (heuristic order),,,video,image,cross-category,https://cloudconvert.com/mp4-converter
9162,wmv,m4b,"wmv to m4b",TIER-2,enumerated (heuristic order),,,video,audio,cross-category,https://cloudconvert.com/mp4-converter
9163,wmv,mos,"wmv to mos",TIER-2,enumerated (heuristic order),,,video,image,cross-category,https://cloudconvert.com/mp4-converter
9164,wmv,mrw,"wmv to mrw",TIER-2,enumerated (heuristic order),,,video,image,cross-category,https://cloudconvert.com/mp4-converter
9165,wmv,odd,"wmv to odd",TIER-2,enumerated (heuristic order),,,video,image,cross-category,https://cloudconvert.com/mp4-converter
9166,wmv,odg,"wmv to odg",TIER-2,enumerated (heuristic order),,,video,image,cross-category,https://cloudconvert.com/mp4-converter
9167,wmv,orf,"wmv to orf",TIER-2,enumerated (heuristic order),,,video,image,cross-category,https://cloudconvert.com/mp4-converter
9168,wmv,pef,"wmv to pef",TIER-2,enumerated (heuristic order),,,video,image,cross-category,https://cloudconvert.com/mp4-converter
9169,wmv,ppm,"wmv to ppm",TIER-2,enumerated (heuristic order),,,video,image,cross-category,https://cloudconvert.com/mp4-converter
9170,wmv,ps,"wmv to ps",TIER-2,enumerated (heuristic order),,,video,image,cross-category,https://cloudconvert.com/mp4-converter
9171,wmv,psb,"wmv to psb",TIER-2,enumerated (heuristic order),,,video,image,cross-category,https://cloudconvert.com/mp4-converter
9172,wmv,pub,"wmv to pub",TIER-2,enumerated (heuristic order),,,video,image,cross-category,https://cloudconvert.com/mp4-converter
9173,wmv,raf,"wmv to raf",TIER-2,enumerated (heuristic order),,,video,image,cross-category,https://cloudconvert.com/mp4-converter
9174,wmv,rw2,"wmv to rw2",TIER-2,enumerated (heuristic order),,,video,image,cross-category,https://cloudconvert.com/mp4-converter
9175,wmv,sf2,"wmv to sf2",TIER-2,enumerated (heuristic order),,,video,audio,cross-category,https://cloudconvert.com/mp4-converter
9176,wmv,sfark,"wmv to sfark",TIER-2,enumerated (heuristic order),,,video,audio,cross-category,https://cloudconvert.com/mp4-converter
9177,wmv,tga,"wmv to tga",TIER-2,enumerated (heuristic order),,,video,image,cross-category,https://cloudconvert.com/mp4-converter
9178,wmv,voc,"wmv to voc",TIER-2,enumerated (heuristic order),,,video,audio,cross-category,https://cloudconvert.com/mp4-converter
9179,wmv,weba,"wmv to weba",TIER-2,enumerated (heuristic order),,,video,audio,cross-category,https://cloudconvert.com/mp4-converter
9180,wmv,x3f,"wmv to x3f",TIER-2,enumerated (heuristic order),,,video,image,cross-category,https://cloudconvert.com/mp4-converter
9181,wmv,xcf,"wmv to xcf",TIER-2,enumerated (heuristic order),,,video,image,cross-category,https://cloudconvert.com/mp4-converter
9182,wmv,xps,"wmv to xps",TIER-2,enumerated (heuristic order),,,video,image,cross-category,https://cloudconvert.com/mp4-converter
9219,3fr,cr3,"3fr to cr3",TIER-2,enumerated (heuristic order),,,image,image,same-category,https://cloudconvert.com/image-converter
9220,3fr,crw,"3fr to crw",TIER-2,enumerated (heuristic order),,,image,image,same-category,https://cloudconvert.com/image-converter
9221,3fr,dcr,"3fr to dcr",TIER-2,enumerated (heuristic order),,,image,image,same-category,https://cloudconvert.com/image-converter
9222,3fr,erf,"3fr to erf",TIER-2,enumerated (heuristic order),,,image,image,same-category,https://cloudconvert.com/image-converter
9223,3fr,icns,"3fr to icns",TIER-2,enumerated (heuristic order),,,image,image,same-category,https://cloudconvert.com/image-converter
9224,3fr,mos,"3fr to mos",TIER-2,enumerated (heuristic order),,,image,image,same-category,https://cloudconvert.com/image-converter
9225,3fr,mrw,"3fr to mrw",TIER-2,enumerated (heuristic order),,,image,image,same-category,https://cloudconvert.com/image-converter
9226,3fr,odd,"3fr to odd",TIER-2,enumerated (heuristic order),,,image,image,same-category,https://cloudconvert.com/image-converter
9227,3fr,odg,"3fr to odg",TIER-2,enumerated (heuristic order),,,image,image,same-category,https://cloudconvert.com/image-converter
9228,3fr,orf,"3fr to orf",TIER-2,enumerated (heuristic order),,,image,image,same-category,https://cloudconvert.com/image-converter
9229,3fr,pef,"3fr to pef",TIER-2,enumerated (heuristic order),,,image,image,same-category,https://cloudconvert.com/image-converter
9230,3fr,ppm,"3fr to ppm",TIER-2,enumerated (heuristic order),,,image,image,same-category,https://cloudconvert.com/image-converter
9231,3fr,ps,"3fr to ps",TIER-2,enumerated (heuristic order),,,image,image,same-category,https://cloudconvert.com/image-converter
9232,3fr,psb,"3fr to psb",TIER-2,enumerated (heuristic order),,,image,image,same-category,https://cloudconvert.com/image-converter
9233,3fr,pub,"3fr to pub",TIER-2,enumerated (heuristic order),,,image,image,same-category,https://cloudconvert.com/image-converter
9234,3fr,raf,"3fr to raf",TIER-2,enumerated (heuristic order),,,image,image,same-category,https://cloudconvert.com/image-converter
9235,3fr,rw2,"3fr to rw2",TIER-2,enumerated (heuristic order),,,image,image,same-category,https://cloudconvert.com/image-converter
9236,3fr,tga,"3fr to tga",TIER-2,enumerated (heuristic order),,,image,image,same-category,https://cloudconvert.com/image-converter
9237,3fr,x3f,"3fr to x3f",TIER-2,enumerated (heuristic order),,,image,image,same-category,https://cloudconvert.com/image-converter
9238,3fr,xcf,"3fr to xcf",TIER-2,enumerated (heuristic order),,,image,image,same-category,https://cloudconvert.com/image-converter
9239,3fr,xps,"3fr to xps",TIER-2,enumerated (heuristic order),,,image,image,same-category,https://cloudconvert.com/image-converter
9240,3g2,3gpp,"3g2 to 3gpp",TIER-2,enumerated (heuristic order),,,video,video,same-category,https://cloudconvert.com/mp4-converter
9241,3g2,cavs,"3g2 to cavs",TIER-2,enumerated (heuristic order),,,video,video,same-category,https://cloudconvert.com/mp4-converter
9242,3g2,dv,"3g2 to dv",TIER-2,enumerated (heuristic order),,,video,video,same-category,https://cloudconvert.com/mp4-converter
9243,3g2,dvr,"3g2 to dvr",TIER-2,enumerated (heuristic order),,,video,video,same-category,https://cloudconvert.com/mp4-converter
9244,3g2,m2ts,"3g2 to m2ts",TIER-2,enumerated (heuristic order),,,video,video,same-category,https://cloudconvert.com/mp4-converter
9245,3g2,mod,"3g2 to mod",TIER-2,enumerated (heuristic order),,,video,video,same-category,https://cloudconvert.com/mp4-converter
9246,3g2,mts,"3g2 to mts",TIER-2,enumerated (heuristic order),,,video,video,same-category,https://cloudconvert.com/mp4-converter
9247,3g2,mxf,"3g2 to mxf",TIER-2,enumerated (heuristic order),,,video,video,same-category,https://cloudconvert.com/mp4-converter
9248,3g2,ogv,"3g2 to ogv",TIER-2,enumerated (heuristic order),,,video,video,same-category,https://cloudconvert.com/mp4-converter
9249,3g2,rm,"3g2 to rm",TIER-2,enumerated (heuristic order),,,video,video,same-category,https://cloudconvert.com/mp4-converter
9250,3g2,rmvb,"3g2 to rmvb",TIER-2,enumerated (heuristic order),,,video,video,same-category,https://cloudconvert.com/mp4-converter
9251,3g2,swf,"3g2 to swf",TIER-2,enumerated (heuristic order),,,video,video,same-category,https://cloudconvert.com/mp4-converter
9252,3g2,vob,"3g2 to vob",TIER-2,enumerated (heuristic order),,,video,video,same-category,https://cloudconvert.com/mp4-converter
9253,3g2,wtv,"3g2 to wtv",TIER-2,enumerated (heuristic order),,,video,video,same-category,https://cloudconvert.com/mp4-converter
9254,3gpp,3g2,"3gpp to 3g2",TIER-2,enumerated (heuristic order),,,video,video,same-category,https://cloudconvert.com/mp4-converter
9255,3gpp,cavs,"3gpp to cavs",TIER-2,enumerated (heuristic order),,,video,video,same-category,https://cloudconvert.com/mp4-converter
9256,3gpp,dv,"3gpp to dv",TIER-2,enumerated (heuristic order),,,video,video,same-category,https://cloudconvert.com/mp4-converter
9257,3gpp,dvr,"3gpp to dvr",TIER-2,enumerated (heuristic order),,,video,video,same-category,https://cloudconvert.com/mp4-converter
9258,3gpp,m2ts,"3gpp to m2ts",TIER-2,enumerated (heuristic order),,,video,video,same-category,https://cloudconvert.com/mp4-converter
9259,3gpp,mod,"3gpp to mod",TIER-2,enumerated (heuristic order),,,video,video,same-category,https://cloudconvert.com/mp4-converter
9260,3gpp,mts,"3gpp to mts",TIER-2,enumerated (heuristic order),,,video,video,same-category,https://cloudconvert.com/mp4-converter
9261,3gpp,mxf,"3gpp to mxf",TIER-2,enumerated (heuristic order),,,video,video,same-category,https://cloudconvert.com/mp4-converter
9262,3gpp,ogv,"3gpp to ogv",TIER-2,enumerated (heuristic order),,,video,video,same-category,https://cloudconvert.com/mp4-converter
9263,3gpp,rm,"3gpp to rm",TIER-2,enumerated (heuristic order),,,video,video,same-category,https://cloudconvert.com/mp4-converter
9264,3gpp,rmvb,"3gpp to rmvb",TIER-2,enumerated (heuristic order),,,video,video,same-category,https://cloudconvert.com/mp4-converter
9265,3gpp,swf,"3gpp to swf",TIER-2,enumerated (heuristic order),,,video,video,same-category,https://cloudconvert.com/mp4-converter
9266,3gpp,vob,"3gpp to vob",TIER-2,enumerated (heuristic order),,,video,video,same-category,https://cloudconvert.com/mp4-converter
9267,3gpp,wtv,"3gpp to wtv",TIER-2,enumerated (heuristic order),,,video,video,same-category,https://cloudconvert.com/mp4-converter
9281,ac3,amr,"ac3 to amr",TIER-2,enumerated (heuristic order),,,audio,audio,same-category,https://cloudconvert.com/audio-converter
9282,ac3,au,"ac3 to au",TIER-2,enumerated (heuristic order),,,audio,audio,same-category,https://cloudconvert.com/audio-converter
9283,ac3,caf,"ac3 to caf",TIER-2,enumerated (heuristic order),,,audio,audio,same-category,https://cloudconvert.com/audio-converter
9284,ac3,dss,"ac3 to dss",TIER-2,enumerated (heuristic order),,,audio,audio,same-category,https://cloudconvert.com/audio-converter
9285,ac3,m4b,"ac3 to m4b",TIER-2,enumerated (heuristic order),,,audio,audio,same-category,https://cloudconvert.com/audio-converter
9286,ac3,sf2,"ac3 to sf2",TIER-2,enumerated (heuristic order),,,audio,audio,same-category,https://cloudconvert.com/audio-converter
9287,ac3,sfark,"ac3 to sfark",TIER-2,enumerated (heuristic order),,,audio,audio,same-category,https://cloudconvert.com/audio-converter
9288,ac3,voc,"ac3 to voc",TIER-2,enumerated (heuristic order),,,audio,audio,same-category,https://cloudconvert.com/audio-converter
9289,ac3,weba,"ac3 to weba",TIER-2,enumerated (heuristic order),,,audio,audio,same-category,https://cloudconvert.com/audio-converter
9290,amr,ac3,"amr to ac3",TIER-2,enumerated (heuristic order),,,audio,audio,same-category,https://cloudconvert.com/audio-converter
9291,amr,au,"amr to au",TIER-2,enumerated (heuristic order),,,audio,audio,same-category,https://cloudconvert.com/audio-converter
9292,amr,caf,"amr to caf",TIER-2,enumerated (heuristic order),,,audio,audio,same-category,https://cloudconvert.com/audio-converter
9293,amr,dss,"amr to dss",TIER-2,enumerated (heuristic order),,,audio,audio,same-category,https://cloudconvert.com/audio-converter
9294,amr,m4b,"amr to m4b",TIER-2,enumerated (heuristic order),,,audio,audio,same-category,https://cloudconvert.com/audio-converter
9295,amr,sf2,"amr to sf2",TIER-2,enumerated (heuristic order),,,audio,audio,same-category,https://cloudconvert.com/audio-converter
9296,amr,sfark,"amr to sfark",TIER-2,enumerated (heuristic order),,,audio,audio,same-category,https://cloudconvert.com/audio-converter
9297,amr,voc,"amr to voc",TIER-2,enumerated (heuristic order),,,audio,audio,same-category,https://cloudconvert.com/audio-converter
9298,amr,weba,"amr to weba",TIER-2,enumerated (heuristic order),,,audio,audio,same-category,https://cloudconvert.com/audio-converter
9299,au,ac3,"au to ac3",TIER-2,enumerated (heuristic order),,,audio,audio,same-category,https://cloudconvert.com/audio-converter
9300,au,amr,"au to amr",TIER-2,enumerated (heuristic order),,,audio,audio,same-category,https://cloudconvert.com/audio-converter
9301,au,caf,"au to caf",TIER-2,enumerated (heuristic order),,,audio,audio,same-category,https://cloudconvert.com/audio-converter
9302,au,dss,"au to dss",TIER-2,enumerated (heuristic order),,,audio,audio,same-category,https://cloudconvert.com/audio-converter
9303,au,m4b,"au to m4b",TIER-2,enumerated (heuristic order),,,audio,audio,same-category,https://cloudconvert.com/audio-converter
9304,au,sf2,"au to sf2",TIER-2,enumerated (heuristic order),,,audio,audio,same-category,https://cloudconvert.com/audio-converter
9305,au,sfark,"au to sfark",TIER-2,enumerated (heuristic order),,,audio,audio,same-category,https://cloudconvert.com/audio-converter
9306,au,voc,"au to voc",TIER-2,enumerated (heuristic order),,,audio,audio,same-category,https://cloudconvert.com/audio-converter
9307,au,weba,"au to weba",TIER-2,enumerated (heuristic order),,,audio,audio,same-category,https://cloudconvert.com/audio-converter
9321,caf,ac3,"caf to ac3",TIER-2,enumerated (heuristic order),,,audio,audio,same-category,https://cloudconvert.com/audio-converter
9322,caf,amr,"caf to amr",TIER-2,enumerated (heuristic order),,,audio,audio,same-category,https://cloudconvert.com/audio-converter
9323,caf,au,"caf to au",TIER-2,enumerated (heuristic order),,,audio,audio,same-category,https://cloudconvert.com/audio-converter
9324,caf,dss,"caf to dss",TIER-2,enumerated (heuristic order),,,audio,audio,same-category,https://cloudconvert.com/audio-converter
9325,caf,m4b,"caf to m4b",TIER-2,enumerated (heuristic order),,,audio,audio,same-category,https://cloudconvert.com/audio-converter
9326,caf,sf2,"caf to sf2",TIER-2,enumerated (heuristic order),,,audio,audio,same-category,https://cloudconvert.com/audio-converter
9327,caf,sfark,"caf to sfark",TIER-2,enumerated (heuristic order),,,audio,audio,same-category,https://cloudconvert.com/audio-converter
9328,caf,voc,"caf to voc",TIER-2,enumerated (heuristic order),,,audio,audio,same-category,https://cloudconvert.com/audio-converter
9329,caf,weba,"caf to weba",TIER-2,enumerated (heuristic order),,,audio,audio,same-category,https://cloudconvert.com/audio-converter
9330,cavs,3g2,"cavs to 3g2",TIER-2,enumerated (heuristic order),,,video,video,same-category,https://cloudconvert.com/mp4-converter
9331,cavs,3gpp,"cavs to 3gpp",TIER-2,enumerated (heuristic order),,,video,video,same-category,https://cloudconvert.com/mp4-converter
9332,cavs,dv,"cavs to dv",TIER-2,enumerated (heuristic order),,,video,video,same-category,https://cloudconvert.com/mp4-converter
9333,cavs,dvr,"cavs to dvr",TIER-2,enumerated (heuristic order),,,video,video,same-category,https://cloudconvert.com/mp4-converter
9334,cavs,m2ts,"cavs to m2ts",TIER-2,enumerated (heuristic order),,,video,video,same-category,https://cloudconvert.com/mp4-converter
9335,cavs,mod,"cavs to mod",TIER-2,enumerated (heuristic order),,,video,video,same-category,https://cloudconvert.com/mp4-converter
9336,cavs,mts,"cavs to mts",TIER-2,enumerated (heuristic order),,,video,video,same-category,https://cloudconvert.com/mp4-converter
9337,cavs,mxf,"cavs to mxf",TIER-2,enumerated (heuristic order),,,video,video,same-category,https://cloudconvert.com/mp4-converter
9338,cavs,ogv,"cavs to ogv",TIER-2,enumerated (heuristic order),,,video,video,same-category,https://cloudconvert.com/mp4-converter
9339,cavs,rm,"cavs to rm",TIER-2,enumerated (heuristic order),,,video,video,same-category,https://cloudconvert.com/mp4-converter
9340,cavs,rmvb,"cavs to rmvb",TIER-2,enumerated (heuristic order),,,video,video,same-category,https://cloudconvert.com/mp4-converter
9341,cavs,swf,"cavs to swf",TIER-2,enumerated (heuristic order),,,video,video,same-category,https://cloudconvert.com/mp4-converter
9342,cavs,vob,"cavs to vob",TIER-2,enumerated (heuristic order),,,video,video,same-category,https://cloudconvert.com/mp4-converter
9343,cavs,wtv,"cavs to wtv",TIER-2,enumerated (heuristic order),,,video,video,same-category,https://cloudconvert.com/mp4-converter
9376,cr3,3fr,"cr3 to 3fr",TIER-2,enumerated (heuristic order),,,image,image,same-category,https://cloudconvert.com/image-converter
9377,cr3,crw,"cr3 to crw",TIER-2,enumerated (heuristic order),,,image,image,same-category,https://cloudconvert.com/image-converter
9378,cr3,dcr,"cr3 to dcr",TIER-2,enumerated (heuristic order),,,image,image,same-category,https://cloudconvert.com/image-converter
9379,cr3,erf,"cr3 to erf",TIER-2,enumerated (heuristic order),,,image,image,same-category,https://cloudconvert.com/image-converter
9380,cr3,icns,"cr3 to icns",TIER-2,enumerated (heuristic order),,,image,image,same-category,https://cloudconvert.com/image-converter
9381,cr3,mos,"cr3 to mos",TIER-2,enumerated (heuristic order),,,image,image,same-category,https://cloudconvert.com/image-converter
9382,cr3,mrw,"cr3 to mrw",TIER-2,enumerated (heuristic order),,,image,image,same-category,https://cloudconvert.com/image-converter
9383,cr3,odd,"cr3 to odd",TIER-2,enumerated (heuristic order),,,image,image,same-category,https://cloudconvert.com/image-converter
9384,cr3,odg,"cr3 to odg",TIER-2,enumerated (heuristic order),,,image,image,same-category,https://cloudconvert.com/image-converter
9385,cr3,orf,"cr3 to orf",TIER-2,enumerated (heuristic order),,,image,image,same-category,https://cloudconvert.com/image-converter
9386,cr3,pef,"cr3 to pef",TIER-2,enumerated (heuristic order),,,image,image,same-category,https://cloudconvert.com/image-converter
9387,cr3,ppm,"cr3 to ppm",TIER-2,enumerated (heuristic order),,,image,image,same-category,https://cloudconvert.com/image-converter
9388,cr3,ps,"cr3 to ps",TIER-2,enumerated (heuristic order),,,image,image,same-category,https://cloudconvert.com/image-converter
9389,cr3,psb,"cr3 to psb",TIER-2,enumerated (heuristic order),,,image,image,same-category,https://cloudconvert.com/image-converter
9390,cr3,pub,"cr3 to pub",TIER-2,enumerated (heuristic order),,,image,image,same-category,https://cloudconvert.com/image-converter
9391,cr3,raf,"cr3 to raf",TIER-2,enumerated (heuristic order),,,image,image,same-category,https://cloudconvert.com/image-converter
9392,cr3,rw2,"cr3 to rw2",TIER-2,enumerated (heuristic order),,,image,image,same-category,https://cloudconvert.com/image-converter
9393,cr3,tga,"cr3 to tga",TIER-2,enumerated (heuristic order),,,image,image,same-category,https://cloudconvert.com/image-converter
9394,cr3,x3f,"cr3 to x3f",TIER-2,enumerated (heuristic order),,,image,image,same-category,https://cloudconvert.com/image-converter
9395,cr3,xcf,"cr3 to xcf",TIER-2,enumerated (heuristic order),,,image,image,same-category,https://cloudconvert.com/image-converter
9396,cr3,xps,"cr3 to xps",TIER-2,enumerated (heuristic order),,,image,image,same-category,https://cloudconvert.com/image-converter
9397,crw,3fr,"crw to 3fr",TIER-2,enumerated (heuristic order),,,image,image,same-category,https://cloudconvert.com/image-converter
9398,crw,cr3,"crw to cr3",TIER-2,enumerated (heuristic order),,,image,image,same-category,https://cloudconvert.com/image-converter
9399,crw,dcr,"crw to dcr",TIER-2,enumerated (heuristic order),,,image,image,same-category,https://cloudconvert.com/image-converter
9400,crw,erf,"crw to erf",TIER-2,enumerated (heuristic order),,,image,image,same-category,https://cloudconvert.com/image-converter
9401,crw,icns,"crw to icns",TIER-2,enumerated (heuristic order),,,image,image,same-category,https://cloudconvert.com/image-converter
9402,crw,mos,"crw to mos",TIER-2,enumerated (heuristic order),,,image,image,same-category,https://cloudconvert.com/image-converter
9403,crw,mrw,"crw to mrw",TIER-2,enumerated (heuristic order),,,image,image,same-category,https://cloudconvert.com/image-converter
9404,crw,odd,"crw to odd",TIER-2,enumerated (heuristic order),,,image,image,same-category,https://cloudconvert.com/image-converter
9405,crw,odg,"crw to odg",TIER-2,enumerated (heuristic order),,,image,image,same-category,https://cloudconvert.com/image-converter
9406,crw,orf,"crw to orf",TIER-2,enumerated (heuristic order),,,image,image,same-category,https://cloudconvert.com/image-converter
9407,crw,pef,"crw to pef",TIER-2,enumerated (heuristic order),,,image,image,same-category,https://cloudconvert.com/image-converter
9408,crw,ppm,"crw to ppm",TIER-2,enumerated (heuristic order),,,image,image,same-category,https://cloudconvert.com/image-converter
9409,crw,ps,"crw to ps",TIER-2,enumerated (heuristic order),,,image,image,same-category,https://cloudconvert.com/image-converter
9410,crw,psb,"crw to psb",TIER-2,enumerated (heuristic order),,,image,image,same-category,https://cloudconvert.com/image-converter
9411,crw,pub,"crw to pub",TIER-2,enumerated (heuristic order),,,image,image,same-category,https://cloudconvert.com/image-converter
9412,crw,raf,"crw to raf",TIER-2,enumerated (heuristic order),,,image,image,same-category,https://cloudconvert.com/image-converter
9413,crw,rw2,"crw to rw2",TIER-2,enumerated (heuristic order),,,image,image,same-category,https://cloudconvert.com/image-converter
9414,crw,tga,"crw to tga",TIER-2,enumerated (heuristic order),,,image,image,same-category,https://cloudconvert.com/image-converter
9415,crw,x3f,"crw to x3f",TIER-2,enumerated (heuristic order),,,image,image,same-category,https://cloudconvert.com/image-converter
9416,crw,xcf,"crw to xcf",TIER-2,enumerated (heuristic order),,,image,image,same-category,https://cloudconvert.com/image-converter
9417,crw,xps,"crw to xps",TIER-2,enumerated (heuristic order),,,image,image,same-category,https://cloudconvert.com/image-converter
9418,dcr,3fr,"dcr to 3fr",TIER-2,enumerated (heuristic order),,,image,image,same-category,https://cloudconvert.com/image-converter
9419,dcr,cr3,"dcr to cr3",TIER-2,enumerated (heuristic order),,,image,image,same-category,https://cloudconvert.com/image-converter
9420,dcr,crw,"dcr to crw",TIER-2,enumerated (heuristic order),,,image,image,same-category,https://cloudconvert.com/image-converter
9421,dcr,erf,"dcr to erf",TIER-2,enumerated (heuristic order),,,image,image,same-category,https://cloudconvert.com/image-converter
9422,dcr,icns,"dcr to icns",TIER-2,enumerated (heuristic order),,,image,image,same-category,https://cloudconvert.com/image-converter
9423,dcr,mos,"dcr to mos",TIER-2,enumerated (heuristic order),,,image,image,same-category,https://cloudconvert.com/image-converter
9424,dcr,mrw,"dcr to mrw",TIER-2,enumerated (heuristic order),,,image,image,same-category,https://cloudconvert.com/image-converter
9425,dcr,odd,"dcr to odd",TIER-2,enumerated (heuristic order),,,image,image,same-category,https://cloudconvert.com/image-converter
9426,dcr,odg,"dcr to odg",TIER-2,enumerated (heuristic order),,,image,image,same-category,https://cloudconvert.com/image-converter
9427,dcr,orf,"dcr to orf",TIER-2,enumerated (heuristic order),,,image,image,same-category,https://cloudconvert.com/image-converter
9428,dcr,pef,"dcr to pef",TIER-2,enumerated (heuristic order),,,image,image,same-category,https://cloudconvert.com/image-converter
9429,dcr,ppm,"dcr to ppm",TIER-2,enumerated (heuristic order),,,image,image,same-category,https://cloudconvert.com/image-converter
9430,dcr,ps,"dcr to ps",TIER-2,enumerated (heuristic order),,,image,image,same-category,https://cloudconvert.com/image-converter
9431,dcr,psb,"dcr to psb",TIER-2,enumerated (heuristic order),,,image,image,same-category,https://cloudconvert.com/image-converter
9432,dcr,pub,"dcr to pub",TIER-2,enumerated (heuristic order),,,image,image,same-category,https://cloudconvert.com/image-converter
9433,dcr,raf,"dcr to raf",TIER-2,enumerated (heuristic order),,,image,image,same-category,https://cloudconvert.com/image-converter
9434,dcr,rw2,"dcr to rw2",TIER-2,enumerated (heuristic order),,,image,image,same-category,https://cloudconvert.com/image-converter
9435,dcr,tga,"dcr to tga",TIER-2,enumerated (heuristic order),,,image,image,same-category,https://cloudconvert.com/image-converter
9436,dcr,x3f,"dcr to x3f",TIER-2,enumerated (heuristic order),,,image,image,same-category,https://cloudconvert.com/image-converter
9437,dcr,xcf,"dcr to xcf",TIER-2,enumerated (heuristic order),,,image,image,same-category,https://cloudconvert.com/image-converter
9438,dcr,xps,"dcr to xps",TIER-2,enumerated (heuristic order),,,image,image,same-category,https://cloudconvert.com/image-converter
9497,dss,ac3,"dss to ac3",TIER-2,enumerated (heuristic order),,,audio,audio,same-category,https://cloudconvert.com/audio-converter
9498,dss,amr,"dss to amr",TIER-2,enumerated (heuristic order),,,audio,audio,same-category,https://cloudconvert.com/audio-converter
9499,dss,au,"dss to au",TIER-2,enumerated (heuristic order),,,audio,audio,same-category,https://cloudconvert.com/audio-converter
9500,dss,caf,"dss to caf",TIER-2,enumerated (heuristic order),,,audio,audio,same-category,https://cloudconvert.com/audio-converter
9501,dss,m4b,"dss to m4b",TIER-2,enumerated (heuristic order),,,audio,audio,same-category,https://cloudconvert.com/audio-converter
9502,dss,sf2,"dss to sf2",TIER-2,enumerated (heuristic order),,,audio,audio,same-category,https://cloudconvert.com/audio-converter
9503,dss,sfark,"dss to sfark",TIER-2,enumerated (heuristic order),,,audio,audio,same-category,https://cloudconvert.com/audio-converter
9504,dss,voc,"dss to voc",TIER-2,enumerated (heuristic order),,,audio,audio,same-category,https://cloudconvert.com/audio-converter
9505,dss,weba,"dss to weba",TIER-2,enumerated (heuristic order),,,audio,audio,same-category,https://cloudconvert.com/audio-converter
9506,dv,3g2,"dv to 3g2",TIER-2,enumerated (heuristic order),,,video,video,same-category,https://cloudconvert.com/mp4-converter
9507,dv,3gpp,"dv to 3gpp",TIER-2,enumerated (heuristic order),,,video,video,same-category,https://cloudconvert.com/mp4-converter
9508,dv,cavs,"dv to cavs",TIER-2,enumerated (heuristic order),,,video,video,same-category,https://cloudconvert.com/mp4-converter
9509,dv,dvr,"dv to dvr",TIER-2,enumerated (heuristic order),,,video,video,same-category,https://cloudconvert.com/mp4-converter
9510,dv,m2ts,"dv to m2ts",TIER-2,enumerated (heuristic order),,,video,video,same-category,https://cloudconvert.com/mp4-converter
9511,dv,mod,"dv to mod",TIER-2,enumerated (heuristic order),,,video,video,same-category,https://cloudconvert.com/mp4-converter
9512,dv,mts,"dv to mts",TIER-2,enumerated (heuristic order),,,video,video,same-category,https://cloudconvert.com/mp4-converter
9513,dv,mxf,"dv to mxf",TIER-2,enumerated (heuristic order),,,video,video,same-category,https://cloudconvert.com/mp4-converter
9514,dv,ogv,"dv to ogv",TIER-2,enumerated (heuristic order),,,video,video,same-category,https://cloudconvert.com/mp4-converter
9515,dv,rm,"dv to rm",TIER-2,enumerated (heuristic order),,,video,video,same-category,https://cloudconvert.com/mp4-converter
9516,dv,rmvb,"dv to rmvb",TIER-2,enumerated (heuristic order),,,video,video,same-category,https://cloudconvert.com/mp4-converter
9517,dv,swf,"dv to swf",TIER-2,enumerated (heuristic order),,,video,video,same-category,https://cloudconvert.com/mp4-converter
9518,dv,vob,"dv to vob",TIER-2,enumerated (heuristic order),,,video,video,same-category,https://cloudconvert.com/mp4-converter
9519,dv,wtv,"dv to wtv",TIER-2,enumerated (heuristic order),,,video,video,same-category,https://cloudconvert.com/mp4-converter
9520,dvr,3g2,"dvr to 3g2",TIER-2,enumerated (heuristic order),,,video,video,same-category,https://cloudconvert.com/mp4-converter
9521,dvr,3gpp,"dvr to 3gpp",TIER-2,enumerated (heuristic order),,,video,video,same-category,https://cloudconvert.com/mp4-converter
9522,dvr,cavs,"dvr to cavs",TIER-2,enumerated (heuristic order),,,video,video,same-category,https://cloudconvert.com/mp4-converter
9523,dvr,dv,"dvr to dv",TIER-2,enumerated (heuristic order),,,video,video,same-category,https://cloudconvert.com/mp4-converter
9524,dvr,m2ts,"dvr to m2ts",TIER-2,enumerated (heuristic order),,,video,video,same-category,https://cloudconvert.com/mp4-converter
9525,dvr,mod,"dvr to mod",TIER-2,enumerated (heuristic order),,,video,video,same-category,https://cloudconvert.com/mp4-converter
9526,dvr,mts,"dvr to mts",TIER-2,enumerated (heuristic order),,,video,video,same-category,https://cloudconvert.com/mp4-converter
9527,dvr,mxf,"dvr to mxf",TIER-2,enumerated (heuristic order),,,video,video,same-category,https://cloudconvert.com/mp4-converter
9528,dvr,ogv,"dvr to ogv",TIER-2,enumerated (heuristic order),,,video,video,same-category,https://cloudconvert.com/mp4-converter
9529,dvr,rm,"dvr to rm",TIER-2,enumerated (heuristic order),,,video,video,same-category,https://cloudconvert.com/mp4-converter
9530,dvr,rmvb,"dvr to rmvb",TIER-2,enumerated (heuristic order),,,video,video,same-category,https://cloudconvert.com/mp4-converter
9531,dvr,swf,"dvr to swf",TIER-2,enumerated (heuristic order),,,video,video,same-category,https://cloudconvert.com/mp4-converter
9532,dvr,vob,"dvr to vob",TIER-2,enumerated (heuristic order),,,video,video,same-category,https://cloudconvert.com/mp4-converter
9533,dvr,wtv,"dvr to wtv",TIER-2,enumerated (heuristic order),,,video,video,same-category,https://cloudconvert.com/mp4-converter
9540,erf,3fr,"erf to 3fr",TIER-2,enumerated (heuristic order),,,image,image,same-category,https://cloudconvert.com/image-converter
9541,erf,cr3,"erf to cr3",TIER-2,enumerated (heuristic order),,,image,image,same-category,https://cloudconvert.com/image-converter
9542,erf,crw,"erf to crw",TIER-2,enumerated (heuristic order),,,image,image,same-category,https://cloudconvert.com/image-converter
9543,erf,dcr,"erf to dcr",TIER-2,enumerated (heuristic order),,,image,image,same-category,https://cloudconvert.com/image-converter
9544,erf,icns,"erf to icns",TIER-2,enumerated (heuristic order),,,image,image,same-category,https://cloudconvert.com/image-converter
9545,erf,mos,"erf to mos",TIER-2,enumerated (heuristic order),,,image,image,same-category,https://cloudconvert.com/image-converter
9546,erf,mrw,"erf to mrw",TIER-2,enumerated (heuristic order),,,image,image,same-category,https://cloudconvert.com/image-converter
9547,erf,odd,"erf to odd",TIER-2,enumerated (heuristic order),,,image,image,same-category,https://cloudconvert.com/image-converter
9548,erf,odg,"erf to odg",TIER-2,enumerated (heuristic order),,,image,image,same-category,https://cloudconvert.com/image-converter
9549,erf,orf,"erf to orf",TIER-2,enumerated (heuristic order),,,image,image,same-category,https://cloudconvert.com/image-converter
9550,erf,pef,"erf to pef",TIER-2,enumerated (heuristic order),,,image,image,same-category,https://cloudconvert.com/image-converter
9551,erf,ppm,"erf to ppm",TIER-2,enumerated (heuristic order),,,image,image,same-category,https://cloudconvert.com/image-converter
9552,erf,ps,"erf to ps",TIER-2,enumerated (heuristic order),,,image,image,same-category,https://cloudconvert.com/image-converter
9553,erf,psb,"erf to psb",TIER-2,enumerated (heuristic order),,,image,image,same-category,https://cloudconvert.com/image-converter
9554,erf,pub,"erf to pub",TIER-2,enumerated (heuristic order),,,image,image,same-category,https://cloudconvert.com/image-converter
9555,erf,raf,"erf to raf",TIER-2,enumerated (heuristic order),,,image,image,same-category,https://cloudconvert.com/image-converter
9556,erf,rw2,"erf to rw2",TIER-2,enumerated (heuristic order),,,image,image,same-category,https://cloudconvert.com/image-converter
9557,erf,tga,"erf to tga",TIER-2,enumerated (heuristic order),,,image,image,same-category,https://cloudconvert.com/image-converter
9558,erf,x3f,"erf to x3f",TIER-2,enumerated (heuristic order),,,image,image,same-category,https://cloudconvert.com/image-converter
9559,erf,xcf,"erf to xcf",TIER-2,enumerated (heuristic order),,,image,image,same-category,https://cloudconvert.com/image-converter
9560,erf,xps,"erf to xps",TIER-2,enumerated (heuristic order),,,image,image,same-category,https://cloudconvert.com/image-converter
9601,icns,3fr,"icns to 3fr",TIER-2,enumerated (heuristic order),,,image,image,same-category,https://cloudconvert.com/image-converter
9602,icns,cr3,"icns to cr3",TIER-2,enumerated (heuristic order),,,image,image,same-category,https://cloudconvert.com/image-converter
9603,icns,crw,"icns to crw",TIER-2,enumerated (heuristic order),,,image,image,same-category,https://cloudconvert.com/image-converter
9604,icns,dcr,"icns to dcr",TIER-2,enumerated (heuristic order),,,image,image,same-category,https://cloudconvert.com/image-converter
9605,icns,erf,"icns to erf",TIER-2,enumerated (heuristic order),,,image,image,same-category,https://cloudconvert.com/image-converter
9606,icns,mos,"icns to mos",TIER-2,enumerated (heuristic order),,,image,image,same-category,https://cloudconvert.com/image-converter
9607,icns,mrw,"icns to mrw",TIER-2,enumerated (heuristic order),,,image,image,same-category,https://cloudconvert.com/image-converter
9608,icns,odd,"icns to odd",TIER-2,enumerated (heuristic order),,,image,image,same-category,https://cloudconvert.com/image-converter
9609,icns,odg,"icns to odg",TIER-2,enumerated (heuristic order),,,image,image,same-category,https://cloudconvert.com/image-converter
9610,icns,orf,"icns to orf",TIER-2,enumerated (heuristic order),,,image,image,same-category,https://cloudconvert.com/image-converter
9611,icns,pef,"icns to pef",TIER-2,enumerated (heuristic order),,,image,image,same-category,https://cloudconvert.com/image-converter
9612,icns,ppm,"icns to ppm",TIER-2,enumerated (heuristic order),,,image,image,same-category,https://cloudconvert.com/image-converter
9613,icns,ps,"icns to ps",TIER-2,enumerated (heuristic order),,,image,image,same-category,https://cloudconvert.com/image-converter
9614,icns,psb,"icns to psb",TIER-2,enumerated (heuristic order),,,image,image,same-category,https://cloudconvert.com/image-converter
9615,icns,pub,"icns to pub",TIER-2,enumerated (heuristic order),,,image,image,same-category,https://cloudconvert.com/image-converter
9616,icns,raf,"icns to raf",TIER-2,enumerated (heuristic order),,,image,image,same-category,https://cloudconvert.com/image-converter
9617,icns,rw2,"icns to rw2",TIER-2,enumerated (heuristic order),,,image,image,same-category,https://cloudconvert.com/image-converter
9618,icns,tga,"icns to tga",TIER-2,enumerated (heuristic order),,,image,image,same-category,https://cloudconvert.com/image-converter
9619,icns,x3f,"icns to x3f",TIER-2,enumerated (heuristic order),,,image,image,same-category,https://cloudconvert.com/image-converter
9620,icns,xcf,"icns to xcf",TIER-2,enumerated (heuristic order),,,image,image,same-category,https://cloudconvert.com/image-converter
9621,icns,xps,"icns to xps",TIER-2,enumerated (heuristic order),,,image,image,same-category,https://cloudconvert.com/image-converter
9661,m2ts,3g2,"m2ts to 3g2",TIER-2,enumerated (heuristic order),,,video,video,same-category,https://cloudconvert.com/mp4-converter
9662,m2ts,3gpp,"m2ts to 3gpp",TIER-2,enumerated (heuristic order),,,video,video,same-category,https://cloudconvert.com/mp4-converter
9663,m2ts,cavs,"m2ts to cavs",TIER-2,enumerated (heuristic order),,,video,video,same-category,https://cloudconvert.com/mp4-converter
9664,m2ts,dv,"m2ts to dv",TIER-2,enumerated (heuristic order),,,video,video,same-category,https://cloudconvert.com/mp4-converter
9665,m2ts,dvr,"m2ts to dvr",TIER-2,enumerated (heuristic order),,,video,video,same-category,https://cloudconvert.com/mp4-converter
9666,m2ts,mod,"m2ts to mod",TIER-2,enumerated (heuristic order),,,video,video,same-category,https://cloudconvert.com/mp4-converter
9667,m2ts,mts,"m2ts to mts",TIER-2,enumerated (heuristic order),,,video,video,same-category,https://cloudconvert.com/mp4-converter
9668,m2ts,mxf,"m2ts to mxf",TIER-2,enumerated (heuristic order),,,video,video,same-category,https://cloudconvert.com/mp4-converter
9669,m2ts,ogv,"m2ts to ogv",TIER-2,enumerated (heuristic order),,,video,video,same-category,https://cloudconvert.com/mp4-converter
9670,m2ts,rm,"m2ts to rm",TIER-2,enumerated (heuristic order),,,video,video,same-category,https://cloudconvert.com/mp4-converter
9671,m2ts,rmvb,"m2ts to rmvb",TIER-2,enumerated (heuristic order),,,video,video,same-category,https://cloudconvert.com/mp4-converter
9672,m2ts,swf,"m2ts to swf",TIER-2,enumerated (heuristic order),,,video,video,same-category,https://cloudconvert.com/mp4-converter
9673,m2ts,vob,"m2ts to vob",TIER-2,enumerated (heuristic order),,,video,video,same-category,https://cloudconvert.com/mp4-converter
9674,m2ts,wtv,"m2ts to wtv",TIER-2,enumerated (heuristic order),,,video,video,same-category,https://cloudconvert.com/mp4-converter
9675,m4b,ac3,"m4b to ac3",TIER-2,enumerated (heuristic order),,,audio,audio,same-category,https://cloudconvert.com/audio-converter
9676,m4b,amr,"m4b to amr",TIER-2,enumerated (heuristic order),,,audio,audio,same-category,https://cloudconvert.com/audio-converter
9677,m4b,au,"m4b to au",TIER-2,enumerated (heuristic order),,,audio,audio,same-category,https://cloudconvert.com/audio-converter
9678,m4b,caf,"m4b to caf",TIER-2,enumerated (heuristic order),,,audio,audio,same-category,https://cloudconvert.com/audio-converter
9679,m4b,dss,"m4b to dss",TIER-2,enumerated (heuristic order),,,audio,audio,same-category,https://cloudconvert.com/audio-converter
9680,m4b,sf2,"m4b to sf2",TIER-2,enumerated (heuristic order),,,audio,audio,same-category,https://cloudconvert.com/audio-converter
9681,m4b,sfark,"m4b to sfark",TIER-2,enumerated (heuristic order),,,audio,audio,same-category,https://cloudconvert.com/audio-converter
9682,m4b,voc,"m4b to voc",TIER-2,enumerated (heuristic order),,,audio,audio,same-category,https://cloudconvert.com/audio-converter
9683,m4b,weba,"m4b to weba",TIER-2,enumerated (heuristic order),,,audio,audio,same-category,https://cloudconvert.com/audio-converter
9684,mod,3g2,"mod to 3g2",TIER-2,enumerated (heuristic order),,,video,video,same-category,https://cloudconvert.com/mp4-converter
9685,mod,3gpp,"mod to 3gpp",TIER-2,enumerated (heuristic order),,,video,video,same-category,https://cloudconvert.com/mp4-converter
9686,mod,cavs,"mod to cavs",TIER-2,enumerated (heuristic order),,,video,video,same-category,https://cloudconvert.com/mp4-converter
9687,mod,dv,"mod to dv",TIER-2,enumerated (heuristic order),,,video,video,same-category,https://cloudconvert.com/mp4-converter
9688,mod,dvr,"mod to dvr",TIER-2,enumerated (heuristic order),,,video,video,same-category,https://cloudconvert.com/mp4-converter
9689,mod,m2ts,"mod to m2ts",TIER-2,enumerated (heuristic order),,,video,video,same-category,https://cloudconvert.com/mp4-converter
9690,mod,mts,"mod to mts",TIER-2,enumerated (heuristic order),,,video,video,same-category,https://cloudconvert.com/mp4-converter
9691,mod,mxf,"mod to mxf",TIER-2,enumerated (heuristic order),,,video,video,same-category,https://cloudconvert.com/mp4-converter
9692,mod,ogv,"mod to ogv",TIER-2,enumerated (heuristic order),,,video,video,same-category,https://cloudconvert.com/mp4-converter
9693,mod,rm,"mod to rm",TIER-2,enumerated (heuristic order),,,video,video,same-category,https://cloudconvert.com/mp4-converter
9694,mod,rmvb,"mod to rmvb",TIER-2,enumerated (heuristic order),,,video,video,same-category,https://cloudconvert.com/mp4-converter
9695,mod,swf,"mod to swf",TIER-2,enumerated (heuristic order),,,video,video,same-category,https://cloudconvert.com/mp4-converter
9696,mod,vob,"mod to vob",TIER-2,enumerated (heuristic order),,,video,video,same-category,https://cloudconvert.com/mp4-converter
9697,mod,wtv,"mod to wtv",TIER-2,enumerated (heuristic order),,,video,video,same-category,https://cloudconvert.com/mp4-converter
9698,mos,3fr,"mos to 3fr",TIER-2,enumerated (heuristic order),,,image,image,same-category,https://cloudconvert.com/image-converter
9699,mos,cr3,"mos to cr3",TIER-2,enumerated (heuristic order),,,image,image,same-category,https://cloudconvert.com/image-converter
9700,mos,crw,"mos to crw",TIER-2,enumerated (heuristic order),,,image,image,same-category,https://cloudconvert.com/image-converter
9701,mos,dcr,"mos to dcr",TIER-2,enumerated (heuristic order),,,image,image,same-category,https://cloudconvert.com/image-converter
9702,mos,erf,"mos to erf",TIER-2,enumerated (heuristic order),,,image,image,same-category,https://cloudconvert.com/image-converter
9703,mos,icns,"mos to icns",TIER-2,enumerated (heuristic order),,,image,image,same-category,https://cloudconvert.com/image-converter
9704,mos,mrw,"mos to mrw",TIER-2,enumerated (heuristic order),,,image,image,same-category,https://cloudconvert.com/image-converter
9705,mos,odd,"mos to odd",TIER-2,enumerated (heuristic order),,,image,image,same-category,https://cloudconvert.com/image-converter
9706,mos,odg,"mos to odg",TIER-2,enumerated (heuristic order),,,image,image,same-category,https://cloudconvert.com/image-converter
9707,mos,orf,"mos to orf",TIER-2,enumerated (heuristic order),,,image,image,same-category,https://cloudconvert.com/image-converter
9708,mos,pef,"mos to pef",TIER-2,enumerated (heuristic order),,,image,image,same-category,https://cloudconvert.com/image-converter
9709,mos,ppm,"mos to ppm",TIER-2,enumerated (heuristic order),,,image,image,same-category,https://cloudconvert.com/image-converter
9710,mos,ps,"mos to ps",TIER-2,enumerated (heuristic order),,,image,image,same-category,https://cloudconvert.com/image-converter
9711,mos,psb,"mos to psb",TIER-2,enumerated (heuristic order),,,image,image,same-category,https://cloudconvert.com/image-converter
9712,mos,pub,"mos to pub",TIER-2,enumerated (heuristic order),,,image,image,same-category,https://cloudconvert.com/image-converter
9713,mos,raf,"mos to raf",TIER-2,enumerated (heuristic order),,,image,image,same-category,https://cloudconvert.com/image-converter
9714,mos,rw2,"mos to rw2",TIER-2,enumerated (heuristic order),,,image,image,same-category,https://cloudconvert.com/image-converter
9715,mos,tga,"mos to tga",TIER-2,enumerated (heuristic order),,,image,image,same-category,https://cloudconvert.com/image-converter
9716,mos,x3f,"mos to x3f",TIER-2,enumerated (heuristic order),,,image,image,same-category,https://cloudconvert.com/image-converter
9717,mos,xcf,"mos to xcf",TIER-2,enumerated (heuristic order),,,image,image,same-category,https://cloudconvert.com/image-converter
9718,mos,xps,"mos to xps",TIER-2,enumerated (heuristic order),,,image,image,same-category,https://cloudconvert.com/image-converter
9719,mrw,3fr,"mrw to 3fr",TIER-2,enumerated (heuristic order),,,image,image,same-category,https://cloudconvert.com/image-converter
9720,mrw,cr3,"mrw to cr3",TIER-2,enumerated (heuristic order),,,image,image,same-category,https://cloudconvert.com/image-converter
9721,mrw,crw,"mrw to crw",TIER-2,enumerated (heuristic order),,,image,image,same-category,https://cloudconvert.com/image-converter
9722,mrw,dcr,"mrw to dcr",TIER-2,enumerated (heuristic order),,,image,image,same-category,https://cloudconvert.com/image-converter
9723,mrw,erf,"mrw to erf",TIER-2,enumerated (heuristic order),,,image,image,same-category,https://cloudconvert.com/image-converter
9724,mrw,icns,"mrw to icns",TIER-2,enumerated (heuristic order),,,image,image,same-category,https://cloudconvert.com/image-converter
9725,mrw,mos,"mrw to mos",TIER-2,enumerated (heuristic order),,,image,image,same-category,https://cloudconvert.com/image-converter
9726,mrw,odd,"mrw to odd",TIER-2,enumerated (heuristic order),,,image,image,same-category,https://cloudconvert.com/image-converter
9727,mrw,odg,"mrw to odg",TIER-2,enumerated (heuristic order),,,image,image,same-category,https://cloudconvert.com/image-converter
9728,mrw,orf,"mrw to orf",TIER-2,enumerated (heuristic order),,,image,image,same-category,https://cloudconvert.com/image-converter
9729,mrw,pef,"mrw to pef",TIER-2,enumerated (heuristic order),,,image,image,same-category,https://cloudconvert.com/image-converter
9730,mrw,ppm,"mrw to ppm",TIER-2,enumerated (heuristic order),,,image,image,same-category,https://cloudconvert.com/image-converter
9731,mrw,ps,"mrw to ps",TIER-2,enumerated (heuristic order),,,image,image,same-category,https://cloudconvert.com/image-converter
9732,mrw,psb,"mrw to psb",TIER-2,enumerated (heuristic order),,,image,image,same-category,https://cloudconvert.com/image-converter
9733,mrw,pub,"mrw to pub",TIER-2,enumerated (heuristic order),,,image,image,same-category,https://cloudconvert.com/image-converter
9734,mrw,raf,"mrw to raf",TIER-2,enumerated (heuristic order),,,image,image,same-category,https://cloudconvert.com/image-converter
9735,mrw,rw2,"mrw to rw2",TIER-2,enumerated (heuristic order),,,image,image,same-category,https://cloudconvert.com/image-converter
9736,mrw,tga,"mrw to tga",TIER-2,enumerated (heuristic order),,,image,image,same-category,https://cloudconvert.com/image-converter
9737,mrw,x3f,"mrw to x3f",TIER-2,enumerated (heuristic order),,,image,image,same-category,https://cloudconvert.com/image-converter
9738,mrw,xcf,"mrw to xcf",TIER-2,enumerated (heuristic order),,,image,image,same-category,https://cloudconvert.com/image-converter
9739,mrw,xps,"mrw to xps",TIER-2,enumerated (heuristic order),,,image,image,same-category,https://cloudconvert.com/image-converter
9740,mts,3g2,"mts to 3g2",TIER-2,enumerated (heuristic order),,,video,video,same-category,https://cloudconvert.com/mp4-converter
9741,mts,3gpp,"mts to 3gpp",TIER-2,enumerated (heuristic order),,,video,video,same-category,https://cloudconvert.com/mp4-converter
9742,mts,cavs,"mts to cavs",TIER-2,enumerated (heuristic order),,,video,video,same-category,https://cloudconvert.com/mp4-converter
9743,mts,dv,"mts to dv",TIER-2,enumerated (heuristic order),,,video,video,same-category,https://cloudconvert.com/mp4-converter
9744,mts,dvr,"mts to dvr",TIER-2,enumerated (heuristic order),,,video,video,same-category,https://cloudconvert.com/mp4-converter
9745,mts,m2ts,"mts to m2ts",TIER-2,enumerated (heuristic order),,,video,video,same-category,https://cloudconvert.com/mp4-converter
9746,mts,mod,"mts to mod",TIER-2,enumerated (heuristic order),,,video,video,same-category,https://cloudconvert.com/mp4-converter
9747,mts,mxf,"mts to mxf",TIER-2,enumerated (heuristic order),,,video,video,same-category,https://cloudconvert.com/mp4-converter
9748,mts,ogv,"mts to ogv",TIER-2,enumerated (heuristic order),,,video,video,same-category,https://cloudconvert.com/mp4-converter
9749,mts,rm,"mts to rm",TIER-2,enumerated (heuristic order),,,video,video,same-category,https://cloudconvert.com/mp4-converter
9750,mts,rmvb,"mts to rmvb",TIER-2,enumerated (heuristic order),,,video,video,same-category,https://cloudconvert.com/mp4-converter
9751,mts,swf,"mts to swf",TIER-2,enumerated (heuristic order),,,video,video,same-category,https://cloudconvert.com/mp4-converter
9752,mts,vob,"mts to vob",TIER-2,enumerated (heuristic order),,,video,video,same-category,https://cloudconvert.com/mp4-converter
9753,mts,wtv,"mts to wtv",TIER-2,enumerated (heuristic order),,,video,video,same-category,https://cloudconvert.com/mp4-converter
9754,mxf,3g2,"mxf to 3g2",TIER-2,enumerated (heuristic order),,,video,video,same-category,https://cloudconvert.com/mp4-converter
9755,mxf,3gpp,"mxf to 3gpp",TIER-2,enumerated (heuristic order),,,video,video,same-category,https://cloudconvert.com/mp4-converter
9756,mxf,cavs,"mxf to cavs",TIER-2,enumerated (heuristic order),,,video,video,same-category,https://cloudconvert.com/mp4-converter
9757,mxf,dv,"mxf to dv",TIER-2,enumerated (heuristic order),,,video,video,same-category,https://cloudconvert.com/mp4-converter
9758,mxf,dvr,"mxf to dvr",TIER-2,enumerated (heuristic order),,,video,video,same-category,https://cloudconvert.com/mp4-converter
9759,mxf,m2ts,"mxf to m2ts",TIER-2,enumerated (heuristic order),,,video,video,same-category,https://cloudconvert.com/mp4-converter
9760,mxf,mod,"mxf to mod",TIER-2,enumerated (heuristic order),,,video,video,same-category,https://cloudconvert.com/mp4-converter
9761,mxf,mts,"mxf to mts",TIER-2,enumerated (heuristic order),,,video,video,same-category,https://cloudconvert.com/mp4-converter
9762,mxf,ogv,"mxf to ogv",TIER-2,enumerated (heuristic order),,,video,video,same-category,https://cloudconvert.com/mp4-converter
9763,mxf,rm,"mxf to rm",TIER-2,enumerated (heuristic order),,,video,video,same-category,https://cloudconvert.com/mp4-converter
9764,mxf,rmvb,"mxf to rmvb",TIER-2,enumerated (heuristic order),,,video,video,same-category,https://cloudconvert.com/mp4-converter
9765,mxf,swf,"mxf to swf",TIER-2,enumerated (heuristic order),,,video,video,same-category,https://cloudconvert.com/mp4-converter
9766,mxf,vob,"mxf to vob",TIER-2,enumerated (heuristic order),,,video,video,same-category,https://cloudconvert.com/mp4-converter
9767,mxf,wtv,"mxf to wtv",TIER-2,enumerated (heuristic order),,,video,video,same-category,https://cloudconvert.com/mp4-converter
9768,odd,3fr,"odd to 3fr",TIER-2,enumerated (heuristic order),,,image,image,same-category,https://cloudconvert.com/image-converter
9769,odd,cr3,"odd to cr3",TIER-2,enumerated (heuristic order),,,image,image,same-category,https://cloudconvert.com/image-converter
9770,odd,crw,"odd to crw",TIER-2,enumerated (heuristic order),,,image,image,same-category,https://cloudconvert.com/image-converter
9771,odd,dcr,"odd to dcr",TIER-2,enumerated (heuristic order),,,image,image,same-category,https://cloudconvert.com/image-converter
9772,odd,erf,"odd to erf",TIER-2,enumerated (heuristic order),,,image,image,same-category,https://cloudconvert.com/image-converter
9773,odd,icns,"odd to icns",TIER-2,enumerated (heuristic order),,,image,image,same-category,https://cloudconvert.com/image-converter
9774,odd,mos,"odd to mos",TIER-2,enumerated (heuristic order),,,image,image,same-category,https://cloudconvert.com/image-converter
9775,odd,mrw,"odd to mrw",TIER-2,enumerated (heuristic order),,,image,image,same-category,https://cloudconvert.com/image-converter
9776,odd,odg,"odd to odg",TIER-2,enumerated (heuristic order),,,image,image,same-category,https://cloudconvert.com/image-converter
9777,odd,orf,"odd to orf",TIER-2,enumerated (heuristic order),,,image,image,same-category,https://cloudconvert.com/image-converter
9778,odd,pef,"odd to pef",TIER-2,enumerated (heuristic order),,,image,image,same-category,https://cloudconvert.com/image-converter
9779,odd,ppm,"odd to ppm",TIER-2,enumerated (heuristic order),,,image,image,same-category,https://cloudconvert.com/image-converter
9780,odd,ps,"odd to ps",TIER-2,enumerated (heuristic order),,,image,image,same-category,https://cloudconvert.com/image-converter
9781,odd,psb,"odd to psb",TIER-2,enumerated (heuristic order),,,image,image,same-category,https://cloudconvert.com/image-converter
9782,odd,pub,"odd to pub",TIER-2,enumerated (heuristic order),,,image,image,same-category,https://cloudconvert.com/image-converter
9783,odd,raf,"odd to raf",TIER-2,enumerated (heuristic order),,,image,image,same-category,https://cloudconvert.com/image-converter
9784,odd,rw2,"odd to rw2",TIER-2,enumerated (heuristic order),,,image,image,same-category,https://cloudconvert.com/image-converter
9785,odd,tga,"odd to tga",TIER-2,enumerated (heuristic order),,,image,image,same-category,https://cloudconvert.com/image-converter
9786,odd,x3f,"odd to x3f",TIER-2,enumerated (heuristic order),,,image,image,same-category,https://cloudconvert.com/image-converter
9787,odd,xcf,"odd to xcf",TIER-2,enumerated (heuristic order),,,image,image,same-category,https://cloudconvert.com/image-converter
9788,odd,xps,"odd to xps",TIER-2,enumerated (heuristic order),,,image,image,same-category,https://cloudconvert.com/image-converter
9789,odg,3fr,"odg to 3fr",TIER-2,enumerated (heuristic order),,,image,image,same-category,https://cloudconvert.com/image-converter
9790,odg,cr3,"odg to cr3",TIER-2,enumerated (heuristic order),,,image,image,same-category,https://cloudconvert.com/image-converter
9791,odg,crw,"odg to crw",TIER-2,enumerated (heuristic order),,,image,image,same-category,https://cloudconvert.com/image-converter
9792,odg,dcr,"odg to dcr",TIER-2,enumerated (heuristic order),,,image,image,same-category,https://cloudconvert.com/image-converter
9793,odg,erf,"odg to erf",TIER-2,enumerated (heuristic order),,,image,image,same-category,https://cloudconvert.com/image-converter
9794,odg,icns,"odg to icns",TIER-2,enumerated (heuristic order),,,image,image,same-category,https://cloudconvert.com/image-converter
9795,odg,mos,"odg to mos",TIER-2,enumerated (heuristic order),,,image,image,same-category,https://cloudconvert.com/image-converter
9796,odg,mrw,"odg to mrw",TIER-2,enumerated (heuristic order),,,image,image,same-category,https://cloudconvert.com/image-converter
9797,odg,odd,"odg to odd",TIER-2,enumerated (heuristic order),,,image,image,same-category,https://cloudconvert.com/image-converter
9798,odg,orf,"odg to orf",TIER-2,enumerated (heuristic order),,,image,image,same-category,https://cloudconvert.com/image-converter
9799,odg,pef,"odg to pef",TIER-2,enumerated (heuristic order),,,image,image,same-category,https://cloudconvert.com/image-converter
9800,odg,ppm,"odg to ppm",TIER-2,enumerated (heuristic order),,,image,image,same-category,https://cloudconvert.com/image-converter
9801,odg,ps,"odg to ps",TIER-2,enumerated (heuristic order),,,image,image,same-category,https://cloudconvert.com/image-converter
9802,odg,psb,"odg to psb",TIER-2,enumerated (heuristic order),,,image,image,same-category,https://cloudconvert.com/image-converter
9803,odg,pub,"odg to pub",TIER-2,enumerated (heuristic order),,,image,image,same-category,https://cloudconvert.com/image-converter
9804,odg,raf,"odg to raf",TIER-2,enumerated (heuristic order),,,image,image,same-category,https://cloudconvert.com/image-converter
9805,odg,rw2,"odg to rw2",TIER-2,enumerated (heuristic order),,,image,image,same-category,https://cloudconvert.com/image-converter
9806,odg,tga,"odg to tga",TIER-2,enumerated (heuristic order),,,image,image,same-category,https://cloudconvert.com/image-converter
9807,odg,x3f,"odg to x3f",TIER-2,enumerated (heuristic order),,,image,image,same-category,https://cloudconvert.com/image-converter
9808,odg,xcf,"odg to xcf",TIER-2,enumerated (heuristic order),,,image,image,same-category,https://cloudconvert.com/image-converter
9809,odg,xps,"odg to xps",TIER-2,enumerated (heuristic order),,,image,image,same-category,https://cloudconvert.com/image-converter
9823,ogv,3g2,"ogv to 3g2",TIER-2,enumerated (heuristic order),,,video,video,same-category,https://cloudconvert.com/mp4-converter
9824,ogv,3gpp,"ogv to 3gpp",TIER-2,enumerated (heuristic order),,,video,video,same-category,https://cloudconvert.com/mp4-converter
9825,ogv,cavs,"ogv to cavs",TIER-2,enumerated (heuristic order),,,video,video,same-category,https://cloudconvert.com/mp4-converter
9826,ogv,dv,"ogv to dv",TIER-2,enumerated (heuristic order),,,video,video,same-category,https://cloudconvert.com/mp4-converter
9827,ogv,dvr,"ogv to dvr",TIER-2,enumerated (heuristic order),,,video,video,same-category,https://cloudconvert.com/mp4-converter
9828,ogv,m2ts,"ogv to m2ts",TIER-2,enumerated (heuristic order),,,video,video,same-category,https://cloudconvert.com/mp4-converter
9829,ogv,mod,"ogv to mod",TIER-2,enumerated (heuristic order),,,video,video,same-category,https://cloudconvert.com/mp4-converter
9830,ogv,mts,"ogv to mts",TIER-2,enumerated (heuristic order),,,video,video,same-category,https://cloudconvert.com/mp4-converter
9831,ogv,mxf,"ogv to mxf",TIER-2,enumerated (heuristic order),,,video,video,same-category,https://cloudconvert.com/mp4-converter
9832,ogv,rm,"ogv to rm",TIER-2,enumerated (heuristic order),,,video,video,same-category,https://cloudconvert.com/mp4-converter
9833,ogv,rmvb,"ogv to rmvb",TIER-2,enumerated (heuristic order),,,video,video,same-category,https://cloudconvert.com/mp4-converter
9834,ogv,swf,"ogv to swf",TIER-2,enumerated (heuristic order),,,video,video,same-category,https://cloudconvert.com/mp4-converter
9835,ogv,vob,"ogv to vob",TIER-2,enumerated (heuristic order),,,video,video,same-category,https://cloudconvert.com/mp4-converter
9836,ogv,wtv,"ogv to wtv",TIER-2,enumerated (heuristic order),,,video,video,same-category,https://cloudconvert.com/mp4-converter
9837,orf,3fr,"orf to 3fr",TIER-2,enumerated (heuristic order),,,image,image,same-category,https://cloudconvert.com/image-converter
9838,orf,cr3,"orf to cr3",TIER-2,enumerated (heuristic order),,,image,image,same-category,https://cloudconvert.com/image-converter
9839,orf,crw,"orf to crw",TIER-2,enumerated (heuristic order),,,image,image,same-category,https://cloudconvert.com/image-converter
9840,orf,dcr,"orf to dcr",TIER-2,enumerated (heuristic order),,,image,image,same-category,https://cloudconvert.com/image-converter
9841,orf,erf,"orf to erf",TIER-2,enumerated (heuristic order),,,image,image,same-category,https://cloudconvert.com/image-converter
9842,orf,icns,"orf to icns",TIER-2,enumerated (heuristic order),,,image,image,same-category,https://cloudconvert.com/image-converter
9843,orf,mos,"orf to mos",TIER-2,enumerated (heuristic order),,,image,image,same-category,https://cloudconvert.com/image-converter
9844,orf,mrw,"orf to mrw",TIER-2,enumerated (heuristic order),,,image,image,same-category,https://cloudconvert.com/image-converter
9845,orf,odd,"orf to odd",TIER-2,enumerated (heuristic order),,,image,image,same-category,https://cloudconvert.com/image-converter
9846,orf,odg,"orf to odg",TIER-2,enumerated (heuristic order),,,image,image,same-category,https://cloudconvert.com/image-converter
9847,orf,pef,"orf to pef",TIER-2,enumerated (heuristic order),,,image,image,same-category,https://cloudconvert.com/image-converter
9848,orf,ppm,"orf to ppm",TIER-2,enumerated (heuristic order),,,image,image,same-category,https://cloudconvert.com/image-converter
9849,orf,ps,"orf to ps",TIER-2,enumerated (heuristic order),,,image,image,same-category,https://cloudconvert.com/image-converter
9850,orf,psb,"orf to psb",TIER-2,enumerated (heuristic order),,,image,image,same-category,https://cloudconvert.com/image-converter
9851,orf,pub,"orf to pub",TIER-2,enumerated (heuristic order),,,image,image,same-category,https://cloudconvert.com/image-converter
9852,orf,raf,"orf to raf",TIER-2,enumerated (heuristic order),,,image,image,same-category,https://cloudconvert.com/image-converter
9853,orf,rw2,"orf to rw2",TIER-2,enumerated (heuristic order),,,image,image,same-category,https://cloudconvert.com/image-converter
9854,orf,tga,"orf to tga",TIER-2,enumerated (heuristic order),,,image,image,same-category,https://cloudconvert.com/image-converter
9855,orf,x3f,"orf to x3f",TIER-2,enumerated (heuristic order),,,image,image,same-category,https://cloudconvert.com/image-converter
9856,orf,xcf,"orf to xcf",TIER-2,enumerated (heuristic order),,,image,image,same-category,https://cloudconvert.com/image-converter
9857,orf,xps,"orf to xps",TIER-2,enumerated (heuristic order),,,image,image,same-category,https://cloudconvert.com/image-converter
9871,pef,3fr,"pef to 3fr",TIER-2,enumerated (heuristic order),,,image,image,same-category,https://cloudconvert.com/image-converter
9872,pef,cr3,"pef to cr3",TIER-2,enumerated (heuristic order),,,image,image,same-category,https://cloudconvert.com/image-converter
9873,pef,crw,"pef to crw",TIER-2,enumerated (heuristic order),,,image,image,same-category,https://cloudconvert.com/image-converter
9874,pef,dcr,"pef to dcr",TIER-2,enumerated (heuristic order),,,image,image,same-category,https://cloudconvert.com/image-converter
9875,pef,erf,"pef to erf",TIER-2,enumerated (heuristic order),,,image,image,same-category,https://cloudconvert.com/image-converter
9876,pef,icns,"pef to icns",TIER-2,enumerated (heuristic order),,,image,image,same-category,https://cloudconvert.com/image-converter
9877,pef,mos,"pef to mos",TIER-2,enumerated (heuristic order),,,image,image,same-category,https://cloudconvert.com/image-converter
9878,pef,mrw,"pef to mrw",TIER-2,enumerated (heuristic order),,,image,image,same-category,https://cloudconvert.com/image-converter
9879,pef,odd,"pef to odd",TIER-2,enumerated (heuristic order),,,image,image,same-category,https://cloudconvert.com/image-converter
9880,pef,odg,"pef to odg",TIER-2,enumerated (heuristic order),,,image,image,same-category,https://cloudconvert.com/image-converter
9881,pef,orf,"pef to orf",TIER-2,enumerated (heuristic order),,,image,image,same-category,https://cloudconvert.com/image-converter
9882,pef,ppm,"pef to ppm",TIER-2,enumerated (heuristic order),,,image,image,same-category,https://cloudconvert.com/image-converter
9883,pef,ps,"pef to ps",TIER-2,enumerated (heuristic order),,,image,image,same-category,https://cloudconvert.com/image-converter
9884,pef,psb,"pef to psb",TIER-2,enumerated (heuristic order),,,image,image,same-category,https://cloudconvert.com/image-converter
9885,pef,pub,"pef to pub",TIER-2,enumerated (heuristic order),,,image,image,same-category,https://cloudconvert.com/image-converter
9886,pef,raf,"pef to raf",TIER-2,enumerated (heuristic order),,,image,image,same-category,https://cloudconvert.com/image-converter
9887,pef,rw2,"pef to rw2",TIER-2,enumerated (heuristic order),,,image,image,same-category,https://cloudconvert.com/image-converter
9888,pef,tga,"pef to tga",TIER-2,enumerated (heuristic order),,,image,image,same-category,https://cloudconvert.com/image-converter
9889,pef,x3f,"pef to x3f",TIER-2,enumerated (heuristic order),,,image,image,same-category,https://cloudconvert.com/image-converter
9890,pef,xcf,"pef to xcf",TIER-2,enumerated (heuristic order),,,image,image,same-category,https://cloudconvert.com/image-converter
9891,pef,xps,"pef to xps",TIER-2,enumerated (heuristic order),,,image,image,same-category,https://cloudconvert.com/image-converter
9917,ppm,3fr,"ppm to 3fr",TIER-2,enumerated (heuristic order),,,image,image,same-category,https://cloudconvert.com/image-converter
9918,ppm,cr3,"ppm to cr3",TIER-2,enumerated (heuristic order),,,image,image,same-category,https://cloudconvert.com/image-converter
9919,ppm,crw,"ppm to crw",TIER-2,enumerated (heuristic order),,,image,image,same-category,https://cloudconvert.com/image-converter
9920,ppm,dcr,"ppm to dcr",TIER-2,enumerated (heuristic order),,,image,image,same-category,https://cloudconvert.com/image-converter
9921,ppm,erf,"ppm to erf",TIER-2,enumerated (heuristic order),,,image,image,same-category,https://cloudconvert.com/image-converter
9922,ppm,icns,"ppm to icns",TIER-2,enumerated (heuristic order),,,image,image,same-category,https://cloudconvert.com/image-converter
9923,ppm,mos,"ppm to mos",TIER-2,enumerated (heuristic order),,,image,image,same-category,https://cloudconvert.com/image-converter
9924,ppm,mrw,"ppm to mrw",TIER-2,enumerated (heuristic order),,,image,image,same-category,https://cloudconvert.com/image-converter
9925,ppm,odd,"ppm to odd",TIER-2,enumerated (heuristic order),,,image,image,same-category,https://cloudconvert.com/image-converter
9926,ppm,odg,"ppm to odg",TIER-2,enumerated (heuristic order),,,image,image,same-category,https://cloudconvert.com/image-converter
9927,ppm,orf,"ppm to orf",TIER-2,enumerated (heuristic order),,,image,image,same-category,https://cloudconvert.com/image-converter
9928,ppm,pef,"ppm to pef",TIER-2,enumerated (heuristic order),,,image,image,same-category,https://cloudconvert.com/image-converter
9929,ppm,ps,"ppm to ps",TIER-2,enumerated (heuristic order),,,image,image,same-category,https://cloudconvert.com/image-converter
9930,ppm,psb,"ppm to psb",TIER-2,enumerated (heuristic order),,,image,image,same-category,https://cloudconvert.com/image-converter
9931,ppm,pub,"ppm to pub",TIER-2,enumerated (heuristic order),,,image,image,same-category,https://cloudconvert.com/image-converter
9932,ppm,raf,"ppm to raf",TIER-2,enumerated (heuristic order),,,image,image,same-category,https://cloudconvert.com/image-converter
9933,ppm,rw2,"ppm to rw2",TIER-2,enumerated (heuristic order),,,image,image,same-category,https://cloudconvert.com/image-converter
9934,ppm,tga,"ppm to tga",TIER-2,enumerated (heuristic order),,,image,image,same-category,https://cloudconvert.com/image-converter
9935,ppm,x3f,"ppm to x3f",TIER-2,enumerated (heuristic order),,,image,image,same-category,https://cloudconvert.com/image-converter
9936,ppm,xcf,"ppm to xcf",TIER-2,enumerated (heuristic order),,,image,image,same-category,https://cloudconvert.com/image-converter
9937,ppm,xps,"ppm to xps",TIER-2,enumerated (heuristic order),,,image,image,same-category,https://cloudconvert.com/image-converter
9969,ps,3fr,"ps to 3fr",TIER-2,enumerated (heuristic order),,,image,image,same-category,https://cloudconvert.com/image-converter
9970,ps,cr3,"ps to cr3",TIER-2,enumerated (heuristic order),,,image,image,same-category,https://cloudconvert.com/image-converter
9971,ps,crw,"ps to crw",TIER-2,enumerated (heuristic order),,,image,image,same-category,https://cloudconvert.com/image-converter
9972,ps,dcr,"ps to dcr",TIER-2,enumerated (heuristic order),,,image,image,same-category,https://cloudconvert.com/image-converter
9973,ps,erf,"ps to erf",TIER-2,enumerated (heuristic order),,,image,image,same-category,https://cloudconvert.com/image-converter
9974,ps,icns,"ps to icns",TIER-2,enumerated (heuristic order),,,image,image,same-category,https://cloudconvert.com/image-converter
9975,ps,mos,"ps to mos",TIER-2,enumerated (heuristic order),,,image,image,same-category,https://cloudconvert.com/image-converter
9976,ps,mrw,"ps to mrw",TIER-2,enumerated (heuristic order),,,image,image,same-category,https://cloudconvert.com/image-converter
9977,ps,odd,"ps to odd",TIER-2,enumerated (heuristic order),,,image,image,same-category,https://cloudconvert.com/image-converter
9978,ps,odg,"ps to odg",TIER-2,enumerated (heuristic order),,,image,image,same-category,https://cloudconvert.com/image-converter
9979,ps,orf,"ps to orf",TIER-2,enumerated (heuristic order),,,image,image,same-category,https://cloudconvert.com/image-converter
9980,ps,pef,"ps to pef",TIER-2,enumerated (heuristic order),,,image,image,same-category,https://cloudconvert.com/image-converter
9981,ps,ppm,"ps to ppm",TIER-2,enumerated (heuristic order),,,image,image,same-category,https://cloudconvert.com/image-converter
9982,ps,psb,"ps to psb",TIER-2,enumerated (heuristic order),,,image,image,same-category,https://cloudconvert.com/image-converter
9983,ps,pub,"ps to pub",TIER-2,enumerated (heuristic order),,,image,image,same-category,https://cloudconvert.com/image-converter
9984,ps,raf,"ps to raf",TIER-2,enumerated (heuristic order),,,image,image,same-category,https://cloudconvert.com/image-converter
9985,ps,rw2,"ps to rw2",TIER-2,enumerated (heuristic order),,,image,image,same-category,https://cloudconvert.com/image-converter
9986,ps,tga,"ps to tga",TIER-2,enumerated (heuristic order),,,image,image,same-category,https://cloudconvert.com/image-converter
9987,ps,x3f,"ps to x3f",TIER-2,enumerated (heuristic order),,,image,image,same-category,https://cloudconvert.com/image-converter
9988,ps,xcf,"ps to xcf",TIER-2,enumerated (heuristic order),,,image,image,same-category,https://cloudconvert.com/image-converter
9989,ps,xps,"ps to xps",TIER-2,enumerated (heuristic order),,,image,image,same-category,https://cloudconvert.com/image-converter
9990,psb,3fr,"psb to 3fr",TIER-2,enumerated (heuristic order),,,image,image,same-category,https://cloudconvert.com/image-converter
9991,psb,cr3,"psb to cr3",TIER-2,enumerated (heuristic order),,,image,image,same-category,https://cloudconvert.com/image-converter
9992,psb,crw,"psb to crw",TIER-2,enumerated (heuristic order),,,image,image,same-category,https://cloudconvert.com/image-converter
9993,psb,dcr,"psb to dcr",TIER-2,enumerated (heuristic order),,,image,image,same-category,https://cloudconvert.com/image-converter
9994,psb,erf,"psb to erf",TIER-2,enumerated (heuristic order),,,image,image,same-category,https://cloudconvert.com/image-converter
9995,psb,icns,"psb to icns",TIER-2,enumerated (heuristic order),,,image,image,same-category,https://cloudconvert.com/image-converter
9996,psb,mos,"psb to mos",TIER-2,enumerated (heuristic order),,,image,image,same-category,https://cloudconvert.com/image-converter
9997,psb,mrw,"psb to mrw",TIER-2,enumerated (heuristic order),,,image,image,same-category,https://cloudconvert.com/image-converter
9998,psb,odd,"psb to odd",TIER-2,enumerated (heuristic order),,,image,image,same-category,https://cloudconvert.com/image-converter
9999,psb,odg,"psb to odg",TIER-2,enumerated (heuristic order),,,image,image,same-category,https://cloudconvert.com/image-converter
10000,psb,orf,"psb to orf",TIER-2,enumerated (heuristic order),,,image,image,same-category,https://cloudconvert.com/image-converter
10001,psb,pef,"psb to pef",TIER-2,enumerated (heuristic order),,,image,image,same-category,https://cloudconvert.com/image-converter
10002,psb,ppm,"psb to ppm",TIER-2,enumerated (heuristic order),,,image,image,same-category,https://cloudconvert.com/image-converter
10003,psb,ps,"psb to ps",TIER-2,enumerated (heuristic order),,,image,image,same-category,https://cloudconvert.com/image-converter
10004,psb,pub,"psb to pub",TIER-2,enumerated (heuristic order),,,image,image,same-category,https://cloudconvert.com/image-converter
10005,psb,raf,"psb to raf",TIER-2,enumerated (heuristic order),,,image,image,same-category,https://cloudconvert.com/image-converter
10006,psb,rw2,"psb to rw2",TIER-2,enumerated (heuristic order),,,image,image,same-category,https://cloudconvert.com/image-converter
10007,psb,tga,"psb to tga",TIER-2,enumerated (heuristic order),,,image,image,same-category,https://cloudconvert.com/image-converter
10008,psb,x3f,"psb to x3f",TIER-2,enumerated (heuristic order),,,image,image,same-category,https://cloudconvert.com/image-converter
10009,psb,xcf,"psb to xcf",TIER-2,enumerated (heuristic order),,,image,image,same-category,https://cloudconvert.com/image-converter
10010,psb,xps,"psb to xps",TIER-2,enumerated (heuristic order),,,image,image,same-category,https://cloudconvert.com/image-converter
10011,pub,3fr,"pub to 3fr",TIER-2,enumerated (heuristic order),,,image,image,same-category,https://cloudconvert.com/image-converter
10012,pub,cr3,"pub to cr3",TIER-2,enumerated (heuristic order),,,image,image,same-category,https://cloudconvert.com/image-converter
10013,pub,crw,"pub to crw",TIER-2,enumerated (heuristic order),,,image,image,same-category,https://cloudconvert.com/image-converter
10014,pub,dcr,"pub to dcr",TIER-2,enumerated (heuristic order),,,image,image,same-category,https://cloudconvert.com/image-converter
10015,pub,erf,"pub to erf",TIER-2,enumerated (heuristic order),,,image,image,same-category,https://cloudconvert.com/image-converter
10016,pub,icns,"pub to icns",TIER-2,enumerated (heuristic order),,,image,image,same-category,https://cloudconvert.com/image-converter
10017,pub,mos,"pub to mos",TIER-2,enumerated (heuristic order),,,image,image,same-category,https://cloudconvert.com/image-converter
10018,pub,mrw,"pub to mrw",TIER-2,enumerated (heuristic order),,,image,image,same-category,https://cloudconvert.com/image-converter
10019,pub,odd,"pub to odd",TIER-2,enumerated (heuristic order),,,image,image,same-category,https://cloudconvert.com/image-converter
10020,pub,odg,"pub to odg",TIER-2,enumerated (heuristic order),,,image,image,same-category,https://cloudconvert.com/image-converter
10021,pub,orf,"pub to orf",TIER-2,enumerated (heuristic order),,,image,image,same-category,https://cloudconvert.com/image-converter
10022,pub,pef,"pub to pef",TIER-2,enumerated (heuristic order),,,image,image,same-category,https://cloudconvert.com/image-converter
10023,pub,ppm,"pub to ppm",TIER-2,enumerated (heuristic order),,,image,image,same-category,https://cloudconvert.com/image-converter
10024,pub,ps,"pub to ps",TIER-2,enumerated (heuristic order),,,image,image,same-category,https://cloudconvert.com/image-converter
10025,pub,psb,"pub to psb",TIER-2,enumerated (heuristic order),,,image,image,same-category,https://cloudconvert.com/image-converter
10026,pub,raf,"pub to raf",TIER-2,enumerated (heuristic order),,,image,image,same-category,https://cloudconvert.com/image-converter
10027,pub,rw2,"pub to rw2",TIER-2,enumerated (heuristic order),,,image,image,same-category,https://cloudconvert.com/image-converter
10028,pub,tga,"pub to tga",TIER-2,enumerated (heuristic order),,,image,image,same-category,https://cloudconvert.com/image-converter
10029,pub,x3f,"pub to x3f",TIER-2,enumerated (heuristic order),,,image,image,same-category,https://cloudconvert.com/image-converter
10030,pub,xcf,"pub to xcf",TIER-2,enumerated (heuristic order),,,image,image,same-category,https://cloudconvert.com/image-converter
10031,pub,xps,"pub to xps",TIER-2,enumerated (heuristic order),,,image,image,same-category,https://cloudconvert.com/image-converter
10032,raf,3fr,"raf to 3fr",TIER-2,enumerated (heuristic order),,,image,image,same-category,https://cloudconvert.com/image-converter
10033,raf,cr3,"raf to cr3",TIER-2,enumerated (heuristic order),,,image,image,same-category,https://cloudconvert.com/image-converter
10034,raf,crw,"raf to crw",TIER-2,enumerated (heuristic order),,,image,image,same-category,https://cloudconvert.com/image-converter
10035,raf,dcr,"raf to dcr",TIER-2,enumerated (heuristic order),,,image,image,same-category,https://cloudconvert.com/image-converter
10036,raf,erf,"raf to erf",TIER-2,enumerated (heuristic order),,,image,image,same-category,https://cloudconvert.com/image-converter
10037,raf,icns,"raf to icns",TIER-2,enumerated (heuristic order),,,image,image,same-category,https://cloudconvert.com/image-converter
10038,raf,mos,"raf to mos",TIER-2,enumerated (heuristic order),,,image,image,same-category,https://cloudconvert.com/image-converter
10039,raf,mrw,"raf to mrw",TIER-2,enumerated (heuristic order),,,image,image,same-category,https://cloudconvert.com/image-converter
10040,raf,odd,"raf to odd",TIER-2,enumerated (heuristic order),,,image,image,same-category,https://cloudconvert.com/image-converter
10041,raf,odg,"raf to odg",TIER-2,enumerated (heuristic order),,,image,image,same-category,https://cloudconvert.com/image-converter
10042,raf,orf,"raf to orf",TIER-2,enumerated (heuristic order),,,image,image,same-category,https://cloudconvert.com/image-converter
10043,raf,pef,"raf to pef",TIER-2,enumerated (heuristic order),,,image,image,same-category,https://cloudconvert.com/image-converter
10044,raf,ppm,"raf to ppm",TIER-2,enumerated (heuristic order),,,image,image,same-category,https://cloudconvert.com/image-converter
10045,raf,ps,"raf to ps",TIER-2,enumerated (heuristic order),,,image,image,same-category,https://cloudconvert.com/image-converter
10046,raf,psb,"raf to psb",TIER-2,enumerated (heuristic order),,,image,image,same-category,https://cloudconvert.com/image-converter
10047,raf,pub,"raf to pub",TIER-2,enumerated (heuristic order),,,image,image,same-category,https://cloudconvert.com/image-converter
10048,raf,rw2,"raf to rw2",TIER-2,enumerated (heuristic order),,,image,image,same-category,https://cloudconvert.com/image-converter
10049,raf,tga,"raf to tga",TIER-2,enumerated (heuristic order),,,image,image,same-category,https://cloudconvert.com/image-converter
10050,raf,x3f,"raf to x3f",TIER-2,enumerated (heuristic order),,,image,image,same-category,https://cloudconvert.com/image-converter
10051,raf,xcf,"raf to xcf",TIER-2,enumerated (heuristic order),,,image,image,same-category,https://cloudconvert.com/image-converter
10052,raf,xps,"raf to xps",TIER-2,enumerated (heuristic order),,,image,image,same-category,https://cloudconvert.com/image-converter
10066,rm,3g2,"rm to 3g2",TIER-2,enumerated (heuristic order),,,video,video,same-category,https://cloudconvert.com/mp4-converter
10067,rm,3gpp,"rm to 3gpp",TIER-2,enumerated (heuristic order),,,video,video,same-category,https://cloudconvert.com/mp4-converter
10068,rm,cavs,"rm to cavs",TIER-2,enumerated (heuristic order),,,video,video,same-category,https://cloudconvert.com/mp4-converter
10069,rm,dv,"rm to dv",TIER-2,enumerated (heuristic order),,,video,video,same-category,https://cloudconvert.com/mp4-converter
10070,rm,dvr,"rm to dvr",TIER-2,enumerated (heuristic order),,,video,video,same-category,https://cloudconvert.com/mp4-converter
10071,rm,m2ts,"rm to m2ts",TIER-2,enumerated (heuristic order),,,video,video,same-category,https://cloudconvert.com/mp4-converter
10072,rm,mod,"rm to mod",TIER-2,enumerated (heuristic order),,,video,video,same-category,https://cloudconvert.com/mp4-converter
10073,rm,mts,"rm to mts",TIER-2,enumerated (heuristic order),,,video,video,same-category,https://cloudconvert.com/mp4-converter
10074,rm,mxf,"rm to mxf",TIER-2,enumerated (heuristic order),,,video,video,same-category,https://cloudconvert.com/mp4-converter
10075,rm,ogv,"rm to ogv",TIER-2,enumerated (heuristic order),,,video,video,same-category,https://cloudconvert.com/mp4-converter
10076,rm,rmvb,"rm to rmvb",TIER-2,enumerated (heuristic order),,,video,video,same-category,https://cloudconvert.com/mp4-converter
10077,rm,swf,"rm to swf",TIER-2,enumerated (heuristic order),,,video,video,same-category,https://cloudconvert.com/mp4-converter
10078,rm,vob,"rm to vob",TIER-2,enumerated (heuristic order),,,video,video,same-category,https://cloudconvert.com/mp4-converter
10079,rm,wtv,"rm to wtv",TIER-2,enumerated (heuristic order),,,video,video,same-category,https://cloudconvert.com/mp4-converter
10080,rmvb,3g2,"rmvb to 3g2",TIER-2,enumerated (heuristic order),,,video,video,same-category,https://cloudconvert.com/mp4-converter
10081,rmvb,3gpp,"rmvb to 3gpp",TIER-2,enumerated (heuristic order),,,video,video,same-category,https://cloudconvert.com/mp4-converter
10082,rmvb,cavs,"rmvb to cavs",TIER-2,enumerated (heuristic order),,,video,video,same-category,https://cloudconvert.com/mp4-converter
10083,rmvb,dv,"rmvb to dv",TIER-2,enumerated (heuristic order),,,video,video,same-category,https://cloudconvert.com/mp4-converter
10084,rmvb,dvr,"rmvb to dvr",TIER-2,enumerated (heuristic order),,,video,video,same-category,https://cloudconvert.com/mp4-converter
10085,rmvb,m2ts,"rmvb to m2ts",TIER-2,enumerated (heuristic order),,,video,video,same-category,https://cloudconvert.com/mp4-converter
10086,rmvb,mod,"rmvb to mod",TIER-2,enumerated (heuristic order),,,video,video,same-category,https://cloudconvert.com/mp4-converter
10087,rmvb,mts,"rmvb to mts",TIER-2,enumerated (heuristic order),,,video,video,same-category,https://cloudconvert.com/mp4-converter
10088,rmvb,mxf,"rmvb to mxf",TIER-2,enumerated (heuristic order),,,video,video,same-category,https://cloudconvert.com/mp4-converter
10089,rmvb,ogv,"rmvb to ogv",TIER-2,enumerated (heuristic order),,,video,video,same-category,https://cloudconvert.com/mp4-converter
10090,rmvb,rm,"rmvb to rm",TIER-2,enumerated (heuristic order),,,video,video,same-category,https://cloudconvert.com/mp4-converter
10091,rmvb,swf,"rmvb to swf",TIER-2,enumerated (heuristic order),,,video,video,same-category,https://cloudconvert.com/mp4-converter
10092,rmvb,vob,"rmvb to vob",TIER-2,enumerated (heuristic order),,,video,video,same-category,https://cloudconvert.com/mp4-converter
10093,rmvb,wtv,"rmvb to wtv",TIER-2,enumerated (heuristic order),,,video,video,same-category,https://cloudconvert.com/mp4-converter
10107,rw2,3fr,"rw2 to 3fr",TIER-2,enumerated (heuristic order),,,image,image,same-category,https://cloudconvert.com/image-converter
10108,rw2,cr3,"rw2 to cr3",TIER-2,enumerated (heuristic order),,,image,image,same-category,https://cloudconvert.com/image-converter
10109,rw2,crw,"rw2 to crw",TIER-2,enumerated (heuristic order),,,image,image,same-category,https://cloudconvert.com/image-converter
10110,rw2,dcr,"rw2 to dcr",TIER-2,enumerated (heuristic order),,,image,image,same-category,https://cloudconvert.com/image-converter
10111,rw2,erf,"rw2 to erf",TIER-2,enumerated (heuristic order),,,image,image,same-category,https://cloudconvert.com/image-converter
10112,rw2,icns,"rw2 to icns",TIER-2,enumerated (heuristic order),,,image,image,same-category,https://cloudconvert.com/image-converter
10113,rw2,mos,"rw2 to mos",TIER-2,enumerated (heuristic order),,,image,image,same-category,https://cloudconvert.com/image-converter
10114,rw2,mrw,"rw2 to mrw",TIER-2,enumerated (heuristic order),,,image,image,same-category,https://cloudconvert.com/image-converter
10115,rw2,odd,"rw2 to odd",TIER-2,enumerated (heuristic order),,,image,image,same-category,https://cloudconvert.com/image-converter
10116,rw2,odg,"rw2 to odg",TIER-2,enumerated (heuristic order),,,image,image,same-category,https://cloudconvert.com/image-converter
10117,rw2,orf,"rw2 to orf",TIER-2,enumerated (heuristic order),,,image,image,same-category,https://cloudconvert.com/image-converter
10118,rw2,pef,"rw2 to pef",TIER-2,enumerated (heuristic order),,,image,image,same-category,https://cloudconvert.com/image-converter
10119,rw2,ppm,"rw2 to ppm",TIER-2,enumerated (heuristic order),,,image,image,same-category,https://cloudconvert.com/image-converter
10120,rw2,ps,"rw2 to ps",TIER-2,enumerated (heuristic order),,,image,image,same-category,https://cloudconvert.com/image-converter
10121,rw2,psb,"rw2 to psb",TIER-2,enumerated (heuristic order),,,image,image,same-category,https://cloudconvert.com/image-converter
10122,rw2,pub,"rw2 to pub",TIER-2,enumerated (heuristic order),,,image,image,same-category,https://cloudconvert.com/image-converter
10123,rw2,raf,"rw2 to raf",TIER-2,enumerated (heuristic order),,,image,image,same-category,https://cloudconvert.com/image-converter
10124,rw2,tga,"rw2 to tga",TIER-2,enumerated (heuristic order),,,image,image,same-category,https://cloudconvert.com/image-converter
10125,rw2,x3f,"rw2 to x3f",TIER-2,enumerated (heuristic order),,,image,image,same-category,https://cloudconvert.com/image-converter
10126,rw2,xcf,"rw2 to xcf",TIER-2,enumerated (heuristic order),,,image,image,same-category,https://cloudconvert.com/image-converter
10127,rw2,xps,"rw2 to xps",TIER-2,enumerated (heuristic order),,,image,image,same-category,https://cloudconvert.com/image-converter
10148,sf2,ac3,"sf2 to ac3",TIER-2,enumerated (heuristic order),,,audio,audio,same-category,https://cloudconvert.com/audio-converter
10149,sf2,amr,"sf2 to amr",TIER-2,enumerated (heuristic order),,,audio,audio,same-category,https://cloudconvert.com/audio-converter
10150,sf2,au,"sf2 to au",TIER-2,enumerated (heuristic order),,,audio,audio,same-category,https://cloudconvert.com/audio-converter
10151,sf2,caf,"sf2 to caf",TIER-2,enumerated (heuristic order),,,audio,audio,same-category,https://cloudconvert.com/audio-converter
10152,sf2,dss,"sf2 to dss",TIER-2,enumerated (heuristic order),,,audio,audio,same-category,https://cloudconvert.com/audio-converter
10153,sf2,m4b,"sf2 to m4b",TIER-2,enumerated (heuristic order),,,audio,audio,same-category,https://cloudconvert.com/audio-converter
10154,sf2,sfark,"sf2 to sfark",TIER-2,enumerated (heuristic order),,,audio,audio,same-category,https://cloudconvert.com/audio-converter
10155,sf2,voc,"sf2 to voc",TIER-2,enumerated (heuristic order),,,audio,audio,same-category,https://cloudconvert.com/audio-converter
10156,sf2,weba,"sf2 to weba",TIER-2,enumerated (heuristic order),,,audio,audio,same-category,https://cloudconvert.com/audio-converter
10157,sfark,ac3,"sfark to ac3",TIER-2,enumerated (heuristic order),,,audio,audio,same-category,https://cloudconvert.com/audio-converter
10158,sfark,amr,"sfark to amr",TIER-2,enumerated (heuristic order),,,audio,audio,same-category,https://cloudconvert.com/audio-converter
10159,sfark,au,"sfark to au",TIER-2,enumerated (heuristic order),,,audio,audio,same-category,https://cloudconvert.com/audio-converter
10160,sfark,caf,"sfark to caf",TIER-2,enumerated (heuristic order),,,audio,audio,same-category,https://cloudconvert.com/audio-converter
10161,sfark,dss,"sfark to dss",TIER-2,enumerated (heuristic order),,,audio,audio,same-category,https://cloudconvert.com/audio-converter
10162,sfark,m4b,"sfark to m4b",TIER-2,enumerated (heuristic order),,,audio,audio,same-category,https://cloudconvert.com/audio-converter
10163,sfark,sf2,"sfark to sf2",TIER-2,enumerated (heuristic order),,,audio,audio,same-category,https://cloudconvert.com/audio-converter
10164,sfark,voc,"sfark to voc",TIER-2,enumerated (heuristic order),,,audio,audio,same-category,https://cloudconvert.com/audio-converter
10165,sfark,weba,"sfark to weba",TIER-2,enumerated (heuristic order),,,audio,audio,same-category,https://cloudconvert.com/audio-converter
10197,swf,3g2,"swf to 3g2",TIER-2,enumerated (heuristic order),,,video,video,same-category,https://cloudconvert.com/mp4-converter
10198,swf,3gpp,"swf to 3gpp",TIER-2,enumerated (heuristic order),,,video,video,same-category,https://cloudconvert.com/mp4-converter
10199,swf,cavs,"swf to cavs",TIER-2,enumerated (heuristic order),,,video,video,same-category,https://cloudconvert.com/mp4-converter
10200,swf,dv,"swf to dv",TIER-2,enumerated (heuristic order),,,video,video,same-category,https://cloudconvert.com/mp4-converter
10201,swf,dvr,"swf to dvr",TIER-2,enumerated (heuristic order),,,video,video,same-category,https://cloudconvert.com/mp4-converter
10202,swf,m2ts,"swf to m2ts",TIER-2,enumerated (heuristic order),,,video,video,same-category,https://cloudconvert.com/mp4-converter
10203,swf,mod,"swf to mod",TIER-2,enumerated (heuristic order),,,video,video,same-category,https://cloudconvert.com/mp4-converter
10204,swf,mts,"swf to mts",TIER-2,enumerated (heuristic order),,,video,video,same-category,https://cloudconvert.com/mp4-converter
10205,swf,mxf,"swf to mxf",TIER-2,enumerated (heuristic order),,,video,video,same-category,https://cloudconvert.com/mp4-converter
10206,swf,ogv,"swf to ogv",TIER-2,enumerated (heuristic order),,,video,video,same-category,https://cloudconvert.com/mp4-converter
10207,swf,rm,"swf to rm",TIER-2,enumerated (heuristic order),,,video,video,same-category,https://cloudconvert.com/mp4-converter
10208,swf,rmvb,"swf to rmvb",TIER-2,enumerated (heuristic order),,,video,video,same-category,https://cloudconvert.com/mp4-converter
10209,swf,vob,"swf to vob",TIER-2,enumerated (heuristic order),,,video,video,same-category,https://cloudconvert.com/mp4-converter
10210,swf,wtv,"swf to wtv",TIER-2,enumerated (heuristic order),,,video,video,same-category,https://cloudconvert.com/mp4-converter
10237,tga,3fr,"tga to 3fr",TIER-2,enumerated (heuristic order),,,image,image,same-category,https://cloudconvert.com/image-converter
10238,tga,cr3,"tga to cr3",TIER-2,enumerated (heuristic order),,,image,image,same-category,https://cloudconvert.com/image-converter
10239,tga,crw,"tga to crw",TIER-2,enumerated (heuristic order),,,image,image,same-category,https://cloudconvert.com/image-converter
10240,tga,dcr,"tga to dcr",TIER-2,enumerated (heuristic order),,,image,image,same-category,https://cloudconvert.com/image-converter
10241,tga,erf,"tga to erf",TIER-2,enumerated (heuristic order),,,image,image,same-category,https://cloudconvert.com/image-converter
10242,tga,icns,"tga to icns",TIER-2,enumerated (heuristic order),,,image,image,same-category,https://cloudconvert.com/image-converter
10243,tga,mos,"tga to mos",TIER-2,enumerated (heuristic order),,,image,image,same-category,https://cloudconvert.com/image-converter
10244,tga,mrw,"tga to mrw",TIER-2,enumerated (heuristic order),,,image,image,same-category,https://cloudconvert.com/image-converter
10245,tga,odd,"tga to odd",TIER-2,enumerated (heuristic order),,,image,image,same-category,https://cloudconvert.com/image-converter
10246,tga,odg,"tga to odg",TIER-2,enumerated (heuristic order),,,image,image,same-category,https://cloudconvert.com/image-converter
10247,tga,orf,"tga to orf",TIER-2,enumerated (heuristic order),,,image,image,same-category,https://cloudconvert.com/image-converter
10248,tga,pef,"tga to pef",TIER-2,enumerated (heuristic order),,,image,image,same-category,https://cloudconvert.com/image-converter
10249,tga,ppm,"tga to ppm",TIER-2,enumerated (heuristic order),,,image,image,same-category,https://cloudconvert.com/image-converter
10250,tga,ps,"tga to ps",TIER-2,enumerated (heuristic order),,,image,image,same-category,https://cloudconvert.com/image-converter
10251,tga,psb,"tga to psb",TIER-2,enumerated (heuristic order),,,image,image,same-category,https://cloudconvert.com/image-converter
10252,tga,pub,"tga to pub",TIER-2,enumerated (heuristic order),,,image,image,same-category,https://cloudconvert.com/image-converter
10253,tga,raf,"tga to raf",TIER-2,enumerated (heuristic order),,,image,image,same-category,https://cloudconvert.com/image-converter
10254,tga,rw2,"tga to rw2",TIER-2,enumerated (heuristic order),,,image,image,same-category,https://cloudconvert.com/image-converter
10255,tga,x3f,"tga to x3f",TIER-2,enumerated (heuristic order),,,image,image,same-category,https://cloudconvert.com/image-converter
10256,tga,xcf,"tga to xcf",TIER-2,enumerated (heuristic order),,,image,image,same-category,https://cloudconvert.com/image-converter
10257,tga,xps,"tga to xps",TIER-2,enumerated (heuristic order),,,image,image,same-category,https://cloudconvert.com/image-converter
10271,vob,3g2,"vob to 3g2",TIER-2,enumerated (heuristic order),,,video,video,same-category,https://cloudconvert.com/mp4-converter
10272,vob,3gpp,"vob to 3gpp",TIER-2,enumerated (heuristic order),,,video,video,same-category,https://cloudconvert.com/mp4-converter
10273,vob,cavs,"vob to cavs",TIER-2,enumerated (heuristic order),,,video,video,same-category,https://cloudconvert.com/mp4-converter
10274,vob,dv,"vob to dv",TIER-2,enumerated (heuristic order),,,video,video,same-category,https://cloudconvert.com/mp4-converter
10275,vob,dvr,"vob to dvr",TIER-2,enumerated (heuristic order),,,video,video,same-category,https://cloudconvert.com/mp4-converter
10276,vob,m2ts,"vob to m2ts",TIER-2,enumerated (heuristic order),,,video,video,same-category,https://cloudconvert.com/mp4-converter
10277,vob,mod,"vob to mod",TIER-2,enumerated (heuristic order),,,video,video,same-category,https://cloudconvert.com/mp4-converter
10278,vob,mts,"vob to mts",TIER-2,enumerated (heuristic order),,,video,video,same-category,https://cloudconvert.com/mp4-converter
10279,vob,mxf,"vob to mxf",TIER-2,enumerated (heuristic order),,,video,video,same-category,https://cloudconvert.com/mp4-converter
10280,vob,ogv,"vob to ogv",TIER-2,enumerated (heuristic order),,,video,video,same-category,https://cloudconvert.com/mp4-converter
10281,vob,rm,"vob to rm",TIER-2,enumerated (heuristic order),,,video,video,same-category,https://cloudconvert.com/mp4-converter
10282,vob,rmvb,"vob to rmvb",TIER-2,enumerated (heuristic order),,,video,video,same-category,https://cloudconvert.com/mp4-converter
10283,vob,swf,"vob to swf",TIER-2,enumerated (heuristic order),,,video,video,same-category,https://cloudconvert.com/mp4-converter
10284,vob,wtv,"vob to wtv",TIER-2,enumerated (heuristic order),,,video,video,same-category,https://cloudconvert.com/mp4-converter
10285,voc,ac3,"voc to ac3",TIER-2,enumerated (heuristic order),,,audio,audio,same-category,https://cloudconvert.com/audio-converter
10286,voc,amr,"voc to amr",TIER-2,enumerated (heuristic order),,,audio,audio,same-category,https://cloudconvert.com/audio-converter
10287,voc,au,"voc to au",TIER-2,enumerated (heuristic order),,,audio,audio,same-category,https://cloudconvert.com/audio-converter
10288,voc,caf,"voc to caf",TIER-2,enumerated (heuristic order),,,audio,audio,same-category,https://cloudconvert.com/audio-converter
10289,voc,dss,"voc to dss",TIER-2,enumerated (heuristic order),,,audio,audio,same-category,https://cloudconvert.com/audio-converter
10290,voc,m4b,"voc to m4b",TIER-2,enumerated (heuristic order),,,audio,audio,same-category,https://cloudconvert.com/audio-converter
10291,voc,sf2,"voc to sf2",TIER-2,enumerated (heuristic order),,,audio,audio,same-category,https://cloudconvert.com/audio-converter
10292,voc,sfark,"voc to sfark",TIER-2,enumerated (heuristic order),,,audio,audio,same-category,https://cloudconvert.com/audio-converter
10293,voc,weba,"voc to weba",TIER-2,enumerated (heuristic order),,,audio,audio,same-category,https://cloudconvert.com/audio-converter
10300,weba,ac3,"weba to ac3",TIER-2,enumerated (heuristic order),,,audio,audio,same-category,https://cloudconvert.com/audio-converter
10301,weba,amr,"weba to amr",TIER-2,enumerated (heuristic order),,,audio,audio,same-category,https://cloudconvert.com/audio-converter
10302,weba,au,"weba to au",TIER-2,enumerated (heuristic order),,,audio,audio,same-category,https://cloudconvert.com/audio-converter
10303,weba,caf,"weba to caf",TIER-2,enumerated (heuristic order),,,audio,audio,same-category,https://cloudconvert.com/audio-converter
10304,weba,dss,"weba to dss",TIER-2,enumerated (heuristic order),,,audio,audio,same-category,https://cloudconvert.com/audio-converter
10305,weba,m4b,"weba to m4b",TIER-2,enumerated (heuristic order),,,audio,audio,same-category,https://cloudconvert.com/audio-converter
10306,weba,sf2,"weba to sf2",TIER-2,enumerated (heuristic order),,,audio,audio,same-category,https://cloudconvert.com/audio-converter
10307,weba,sfark,"weba to sfark",TIER-2,enumerated (heuristic order),,,audio,audio,same-category,https://cloudconvert.com/audio-converter
10308,weba,voc,"weba to voc",TIER-2,enumerated (heuristic order),,,audio,audio,same-category,https://cloudconvert.com/audio-converter
10341,wtv,3g2,"wtv to 3g2",TIER-2,enumerated (heuristic order),,,video,video,same-category,https://cloudconvert.com/mp4-converter
10342,wtv,3gpp,"wtv to 3gpp",TIER-2,enumerated (heuristic order),,,video,video,same-category,https://cloudconvert.com/mp4-converter
10343,wtv,cavs,"wtv to cavs",TIER-2,enumerated (heuristic order),,,video,video,same-category,https://cloudconvert.com/mp4-converter
10344,wtv,dv,"wtv to dv",TIER-2,enumerated (heuristic order),,,video,video,same-category,https://cloudconvert.com/mp4-converter
10345,wtv,dvr,"wtv to dvr",TIER-2,enumerated (heuristic order),,,video,video,same-category,https://cloudconvert.com/mp4-converter
10346,wtv,m2ts,"wtv to m2ts",TIER-2,enumerated (heuristic order),,,video,video,same-category,https://cloudconvert.com/mp4-converter
10347,wtv,mod,"wtv to mod",TIER-2,enumerated (heuristic order),,,video,video,same-category,https://cloudconvert.com/mp4-converter
10348,wtv,mts,"wtv to mts",TIER-2,enumerated (heuristic order),,,video,video,same-category,https://cloudconvert.com/mp4-converter
10349,wtv,mxf,"wtv to mxf",TIER-2,enumerated (heuristic order),,,video,video,same-category,https://cloudconvert.com/mp4-converter
10350,wtv,ogv,"wtv to ogv",TIER-2,enumerated (heuristic order),,,video,video,same-category,https://cloudconvert.com/mp4-converter
10351,wtv,rm,"wtv to rm",TIER-2,enumerated (heuristic order),,,video,video,same-category,https://cloudconvert.com/mp4-converter
10352,wtv,rmvb,"wtv to rmvb",TIER-2,enumerated (heuristic order),,,video,video,same-category,https://cloudconvert.com/mp4-converter
10353,wtv,swf,"wtv to swf",TIER-2,enumerated (heuristic order),,,video,video,same-category,https://cloudconvert.com/mp4-converter
10354,wtv,vob,"wtv to vob",TIER-2,enumerated (heuristic order),,,video,video,same-category,https://cloudconvert.com/mp4-converter
10355,x3f,3fr,"x3f to 3fr",TIER-2,enumerated (heuristic order),,,image,image,same-category,https://cloudconvert.com/image-converter
10356,x3f,cr3,"x3f to cr3",TIER-2,enumerated (heuristic order),,,image,image,same-category,https://cloudconvert.com/image-converter
10357,x3f,crw,"x3f to crw",TIER-2,enumerated (heuristic order),,,image,image,same-category,https://cloudconvert.com/image-converter
10358,x3f,dcr,"x3f to dcr",TIER-2,enumerated (heuristic order),,,image,image,same-category,https://cloudconvert.com/image-converter
10359,x3f,erf,"x3f to erf",TIER-2,enumerated (heuristic order),,,image,image,same-category,https://cloudconvert.com/image-converter
10360,x3f,icns,"x3f to icns",TIER-2,enumerated (heuristic order),,,image,image,same-category,https://cloudconvert.com/image-converter
10361,x3f,mos,"x3f to mos",TIER-2,enumerated (heuristic order),,,image,image,same-category,https://cloudconvert.com/image-converter
10362,x3f,mrw,"x3f to mrw",TIER-2,enumerated (heuristic order),,,image,image,same-category,https://cloudconvert.com/image-converter
10363,x3f,odd,"x3f to odd",TIER-2,enumerated (heuristic order),,,image,image,same-category,https://cloudconvert.com/image-converter
10364,x3f,odg,"x3f to odg",TIER-2,enumerated (heuristic order),,,image,image,same-category,https://cloudconvert.com/image-converter
10365,x3f,orf,"x3f to orf",TIER-2,enumerated (heuristic order),,,image,image,same-category,https://cloudconvert.com/image-converter
10366,x3f,pef,"x3f to pef",TIER-2,enumerated (heuristic order),,,image,image,same-category,https://cloudconvert.com/image-converter
10367,x3f,ppm,"x3f to ppm",TIER-2,enumerated (heuristic order),,,image,image,same-category,https://cloudconvert.com/image-converter
10368,x3f,ps,"x3f to ps",TIER-2,enumerated (heuristic order),,,image,image,same-category,https://cloudconvert.com/image-converter
10369,x3f,psb,"x3f to psb",TIER-2,enumerated (heuristic order),,,image,image,same-category,https://cloudconvert.com/image-converter
10370,x3f,pub,"x3f to pub",TIER-2,enumerated (heuristic order),,,image,image,same-category,https://cloudconvert.com/image-converter
10371,x3f,raf,"x3f to raf",TIER-2,enumerated (heuristic order),,,image,image,same-category,https://cloudconvert.com/image-converter
10372,x3f,rw2,"x3f to rw2",TIER-2,enumerated (heuristic order),,,image,image,same-category,https://cloudconvert.com/image-converter
10373,x3f,tga,"x3f to tga",TIER-2,enumerated (heuristic order),,,image,image,same-category,https://cloudconvert.com/image-converter
10374,x3f,xcf,"x3f to xcf",TIER-2,enumerated (heuristic order),,,image,image,same-category,https://cloudconvert.com/image-converter
10375,x3f,xps,"x3f to xps",TIER-2,enumerated (heuristic order),,,image,image,same-category,https://cloudconvert.com/image-converter
10376,xcf,3fr,"xcf to 3fr",TIER-2,enumerated (heuristic order),,,image,image,same-category,https://cloudconvert.com/image-converter
10377,xcf,cr3,"xcf to cr3",TIER-2,enumerated (heuristic order),,,image,image,same-category,https://cloudconvert.com/image-converter
10378,xcf,crw,"xcf to crw",TIER-2,enumerated (heuristic order),,,image,image,same-category,https://cloudconvert.com/image-converter
10379,xcf,dcr,"xcf to dcr",TIER-2,enumerated (heuristic order),,,image,image,same-category,https://cloudconvert.com/image-converter
10380,xcf,erf,"xcf to erf",TIER-2,enumerated (heuristic order),,,image,image,same-category,https://cloudconvert.com/image-converter
10381,xcf,icns,"xcf to icns",TIER-2,enumerated (heuristic order),,,image,image,same-category,https://cloudconvert.com/image-converter
10382,xcf,mos,"xcf to mos",TIER-2,enumerated (heuristic order),,,image,image,same-category,https://cloudconvert.com/image-converter
10383,xcf,mrw,"xcf to mrw",TIER-2,enumerated (heuristic order),,,image,image,same-category,https://cloudconvert.com/image-converter
10384,xcf,odd,"xcf to odd",TIER-2,enumerated (heuristic order),,,image,image,same-category,https://cloudconvert.com/image-converter
10385,xcf,odg,"xcf to odg",TIER-2,enumerated (heuristic order),,,image,image,same-category,https://cloudconvert.com/image-converter
10386,xcf,orf,"xcf to orf",TIER-2,enumerated (heuristic order),,,image,image,same-category,https://cloudconvert.com/image-converter
10387,xcf,pef,"xcf to pef",TIER-2,enumerated (heuristic order),,,image,image,same-category,https://cloudconvert.com/image-converter
10388,xcf,ppm,"xcf to ppm",TIER-2,enumerated (heuristic order),,,image,image,same-category,https://cloudconvert.com/image-converter
10389,xcf,ps,"xcf to ps",TIER-2,enumerated (heuristic order),,,image,image,same-category,https://cloudconvert.com/image-converter
10390,xcf,psb,"xcf to psb",TIER-2,enumerated (heuristic order),,,image,image,same-category,https://cloudconvert.com/image-converter
10391,xcf,pub,"xcf to pub",TIER-2,enumerated (heuristic order),,,image,image,same-category,https://cloudconvert.com/image-converter
10392,xcf,raf,"xcf to raf",TIER-2,enumerated (heuristic order),,,image,image,same-category,https://cloudconvert.com/image-converter
10393,xcf,rw2,"xcf to rw2",TIER-2,enumerated (heuristic order),,,image,image,same-category,https://cloudconvert.com/image-converter
10394,xcf,tga,"xcf to tga",TIER-2,enumerated (heuristic order),,,image,image,same-category,https://cloudconvert.com/image-converter
10395,xcf,x3f,"xcf to x3f",TIER-2,enumerated (heuristic order),,,image,image,same-category,https://cloudconvert.com/image-converter
10396,xcf,xps,"xcf to xps",TIER-2,enumerated (heuristic order),,,image,image,same-category,https://cloudconvert.com/image-converter
10397,xps,3fr,"xps to 3fr",TIER-2,enumerated (heuristic order),,,image,image,same-category,https://cloudconvert.com/image-converter
10398,xps,cr3,"xps to cr3",TIER-2,enumerated (heuristic order),,,image,image,same-category,https://cloudconvert.com/image-converter
10399,xps,crw,"xps to crw",TIER-2,enumerated (heuristic order),,,image,image,same-category,https://cloudconvert.com/image-converter
10400,xps,dcr,"xps to dcr",TIER-2,enumerated (heuristic order),,,image,image,same-category,https://cloudconvert.com/image-converter
10401,xps,erf,"xps to erf",TIER-2,enumerated (heuristic order),,,image,image,same-category,https://cloudconvert.com/image-converter
10402,xps,icns,"xps to icns",TIER-2,enumerated (heuristic order),,,image,image,same-category,https://cloudconvert.com/image-converter
10403,xps,mos,"xps to mos",TIER-2,enumerated (heuristic order),,,image,image,same-category,https://cloudconvert.com/image-converter
10404,xps,mrw,"xps to mrw",TIER-2,enumerated (heuristic order),,,image,image,same-category,https://cloudconvert.com/image-converter
10405,xps,odd,"xps to odd",TIER-2,enumerated (heuristic order),,,image,image,same-category,https://cloudconvert.com/image-converter
10406,xps,odg,"xps to odg",TIER-2,enumerated (heuristic order),,,image,image,same-category,https://cloudconvert.com/image-converter
10407,xps,orf,"xps to orf",TIER-2,enumerated (heuristic order),,,image,image,same-category,https://cloudconvert.com/image-converter
10408,xps,pef,"xps to pef",TIER-2,enumerated (heuristic order),,,image,image,same-category,https://cloudconvert.com/image-converter
10409,xps,ppm,"xps to ppm",TIER-2,enumerated (heuristic order),,,image,image,same-category,https://cloudconvert.com/image-converter
10410,xps,ps,"xps to ps",TIER-2,enumerated (heuristic order),,,image,image,same-category,https://cloudconvert.com/image-converter
10411,xps,psb,"xps to psb",TIER-2,enumerated (heuristic order),,,image,image,same-category,https://cloudconvert.com/image-converter
10412,xps,pub,"xps to pub",TIER-2,enumerated (heuristic order),,,image,image,same-category,https://cloudconvert.com/image-converter
10413,xps,raf,"xps to raf",TIER-2,enumerated (heuristic order),,,image,image,same-category,https://cloudconvert.com/image-converter
10414,xps,rw2,"xps to rw2",TIER-2,enumerated (heuristic order),,,image,image,same-category,https://cloudconvert.com/image-converter
10415,xps,tga,"xps to tga",TIER-2,enumerated (heuristic order),,,image,image,same-category,https://cloudconvert.com/image-converter
10416,xps,x3f,"xps to x3f",TIER-2,enumerated (heuristic order),,,image,image,same-category,https://cloudconvert.com/image-converter
10417,xps,xcf,"xps to xcf",TIER-2,enumerated (heuristic order),,,image,image,same-category,https://cloudconvert.com/image-converter
10431,3fr,abw,"3fr to abw",TIER-2,enumerated (heuristic order),,,image,document,cross-category,https://cloudconvert.com/image-converter
10432,3fr,cgm,"3fr to cgm",TIER-2,enumerated (heuristic order),,,image,vector,cross-category,https://cloudconvert.com/image-converter
10433,3fr,djvu,"3fr to djvu",TIER-2,enumerated (heuristic order),,,image,document,cross-category,https://cloudconvert.com/image-converter
10434,3fr,docm,"3fr to docm",TIER-2,enumerated (heuristic order),,,image,document,cross-category,https://cloudconvert.com/image-converter
10435,3fr,dot,"3fr to dot",TIER-2,enumerated (heuristic order),,,image,document,cross-category,https://cloudconvert.com/image-converter
10436,3fr,dotx,"3fr to dotx",TIER-2,enumerated (heuristic order),,,image,document,cross-category,https://cloudconvert.com/image-converter
10437,3fr,dps,"3fr to dps",TIER-2,enumerated (heuristic order),,,image,presentation,cross-category,https://cloudconvert.com/image-converter
10438,3fr,emf,"3fr to emf",TIER-2,enumerated (heuristic order),,,image,vector,cross-category,https://cloudconvert.com/image-converter
10439,3fr,hwp,"3fr to hwp",TIER-2,enumerated (heuristic order),,,image,document,cross-category,https://cloudconvert.com/image-converter
10440,3fr,hwpx,"3fr to hwpx",TIER-2,enumerated (heuristic order),,,image,document,cross-category,https://cloudconvert.com/image-converter
10441,3fr,lwp,"3fr to lwp",TIER-2,enumerated (heuristic order),,,image,document,cross-category,https://cloudconvert.com/image-converter
10442,3fr,pot,"3fr to pot",TIER-2,enumerated (heuristic order),,,image,presentation,cross-category,https://cloudconvert.com/image-converter
10443,3fr,potx,"3fr to potx",TIER-2,enumerated (heuristic order),,,image,presentation,cross-category,https://cloudconvert.com/image-converter
10444,3fr,pps,"3fr to pps",TIER-2,enumerated (heuristic order),,,image,presentation,cross-category,https://cloudconvert.com/image-converter
10445,3fr,ppsx,"3fr to ppsx",TIER-2,enumerated (heuristic order),,,image,presentation,cross-category,https://cloudconvert.com/image-converter
10446,3fr,pptm,"3fr to pptm",TIER-2,enumerated (heuristic order),,,image,presentation,cross-category,https://cloudconvert.com/image-converter
10447,3fr,rst,"3fr to rst",TIER-2,enumerated (heuristic order),,,image,document,cross-category,https://cloudconvert.com/image-converter
10448,3fr,sda,"3fr to sda",TIER-2,enumerated (heuristic order),,,image,presentation,cross-category,https://cloudconvert.com/image-converter
10449,3fr,sdw,"3fr to sdw",TIER-2,enumerated (heuristic order),,,image,document,cross-category,https://cloudconvert.com/image-converter
10450,3fr,sk,"3fr to sk",TIER-2,enumerated (heuristic order),,,image,vector,cross-category,https://cloudconvert.com/image-converter
10451,3fr,sk1,"3fr to sk1",TIER-2,enumerated (heuristic order),,,image,vector,cross-category,https://cloudconvert.com/image-converter
10452,3fr,svgz,"3fr to svgz",TIER-2,enumerated (heuristic order),,,image,vector,cross-category,https://cloudconvert.com/image-converter
10453,3fr,tex,"3fr to tex",TIER-2,enumerated (heuristic order),,,image,document,cross-category,https://cloudconvert.com/image-converter
10454,3fr,vsd,"3fr to vsd",TIER-2,enumerated (heuristic order),,,image,vector,cross-category,https://cloudconvert.com/image-converter
10455,3fr,wmf,"3fr to wmf",TIER-2,enumerated (heuristic order),,,image,vector,cross-category,https://cloudconvert.com/image-converter
10456,3fr,wpd,"3fr to wpd",TIER-2,enumerated (heuristic order),,,image,document,cross-category,https://cloudconvert.com/image-converter
10457,3fr,wps,"3fr to wps",TIER-2,enumerated (heuristic order),,,image,document,cross-category,https://cloudconvert.com/image-converter
10458,3fr,zabw,"3fr to zabw",TIER-2,enumerated (heuristic order),,,image,document,cross-category,https://cloudconvert.com/image-converter
10459,3g2,3fr,"3g2 to 3fr",TIER-2,enumerated (heuristic order),,,video,image,cross-category,https://cloudconvert.com/mp4-converter
10460,3g2,ac3,"3g2 to ac3",TIER-2,enumerated (heuristic order),,,video,audio,cross-category,https://cloudconvert.com/mp4-converter
10461,3g2,amr,"3g2 to amr",TIER-2,enumerated (heuristic order),,,video,audio,cross-category,https://cloudconvert.com/mp4-converter
10462,3g2,au,"3g2 to au",TIER-2,enumerated (heuristic order),,,video,audio,cross-category,https://cloudconvert.com/mp4-converter
10463,3g2,caf,"3g2 to caf",TIER-2,enumerated (heuristic order),,,video,audio,cross-category,https://cloudconvert.com/mp4-converter
10464,3g2,cr3,"3g2 to cr3",TIER-2,enumerated (heuristic order),,,video,image,cross-category,https://cloudconvert.com/mp4-converter
10465,3g2,crw,"3g2 to crw",TIER-2,enumerated (heuristic order),,,video,image,cross-category,https://cloudconvert.com/mp4-converter
10466,3g2,dcr,"3g2 to dcr",TIER-2,enumerated (heuristic order),,,video,image,cross-category,https://cloudconvert.com/mp4-converter
10467,3g2,dss,"3g2 to dss",TIER-2,enumerated (heuristic order),,,video,audio,cross-category,https://cloudconvert.com/mp4-converter
10468,3g2,erf,"3g2 to erf",TIER-2,enumerated (heuristic order),,,video,image,cross-category,https://cloudconvert.com/mp4-converter
10469,3g2,icns,"3g2 to icns",TIER-2,enumerated (heuristic order),,,video,image,cross-category,https://cloudconvert.com/mp4-converter
10470,3g2,m4b,"3g2 to m4b",TIER-2,enumerated (heuristic order),,,video,audio,cross-category,https://cloudconvert.com/mp4-converter
10471,3g2,mos,"3g2 to mos",TIER-2,enumerated (heuristic order),,,video,image,cross-category,https://cloudconvert.com/mp4-converter
10472,3g2,mrw,"3g2 to mrw",TIER-2,enumerated (heuristic order),,,video,image,cross-category,https://cloudconvert.com/mp4-converter
10473,3g2,odd,"3g2 to odd",TIER-2,enumerated (heuristic order),,,video,image,cross-category,https://cloudconvert.com/mp4-converter
10474,3g2,odg,"3g2 to odg",TIER-2,enumerated (heuristic order),,,video,image,cross-category,https://cloudconvert.com/mp4-converter
10475,3g2,orf,"3g2 to orf",TIER-2,enumerated (heuristic order),,,video,image,cross-category,https://cloudconvert.com/mp4-converter
10476,3g2,pef,"3g2 to pef",TIER-2,enumerated (heuristic order),,,video,image,cross-category,https://cloudconvert.com/mp4-converter
10477,3g2,ppm,"3g2 to ppm",TIER-2,enumerated (heuristic order),,,video,image,cross-category,https://cloudconvert.com/mp4-converter
10478,3g2,ps,"3g2 to ps",TIER-2,enumerated (heuristic order),,,video,image,cross-category,https://cloudconvert.com/mp4-converter
10479,3g2,psb,"3g2 to psb",TIER-2,enumerated (heuristic order),,,video,image,cross-category,https://cloudconvert.com/mp4-converter
10480,3g2,pub,"3g2 to pub",TIER-2,enumerated (heuristic order),,,video,image,cross-category,https://cloudconvert.com/mp4-converter
10481,3g2,raf,"3g2 to raf",TIER-2,enumerated (heuristic order),,,video,image,cross-category,https://cloudconvert.com/mp4-converter
10482,3g2,rw2,"3g2 to rw2",TIER-2,enumerated (heuristic order),,,video,image,cross-category,https://cloudconvert.com/mp4-converter
10483,3g2,sf2,"3g2 to sf2",TIER-2,enumerated (heuristic order),,,video,audio,cross-category,https://cloudconvert.com/mp4-converter
10484,3g2,sfark,"3g2 to sfark",TIER-2,enumerated (heuristic order),,,video,audio,cross-category,https://cloudconvert.com/mp4-converter
10485,3g2,tga,"3g2 to tga",TIER-2,enumerated (heuristic order),,,video,image,cross-category,https://cloudconvert.com/mp4-converter
10486,3g2,voc,"3g2 to voc",TIER-2,enumerated (heuristic order),,,video,audio,cross-category,https://cloudconvert.com/mp4-converter
10487,3g2,weba,"3g2 to weba",TIER-2,enumerated (heuristic order),,,video,audio,cross-category,https://cloudconvert.com/mp4-converter
10488,3g2,x3f,"3g2 to x3f",TIER-2,enumerated (heuristic order),,,video,image,cross-category,https://cloudconvert.com/mp4-converter
10489,3g2,xcf,"3g2 to xcf",TIER-2,enumerated (heuristic order),,,video,image,cross-category,https://cloudconvert.com/mp4-converter
10490,3g2,xps,"3g2 to xps",TIER-2,enumerated (heuristic order),,,video,image,cross-category,https://cloudconvert.com/mp4-converter
10491,3gpp,3fr,"3gpp to 3fr",TIER-2,enumerated (heuristic order),,,video,image,cross-category,https://cloudconvert.com/mp4-converter
10492,3gpp,ac3,"3gpp to ac3",TIER-2,enumerated (heuristic order),,,video,audio,cross-category,https://cloudconvert.com/mp4-converter
10493,3gpp,amr,"3gpp to amr",TIER-2,enumerated (heuristic order),,,video,audio,cross-category,https://cloudconvert.com/mp4-converter
10494,3gpp,au,"3gpp to au",TIER-2,enumerated (heuristic order),,,video,audio,cross-category,https://cloudconvert.com/mp4-converter
10495,3gpp,caf,"3gpp to caf",TIER-2,enumerated (heuristic order),,,video,audio,cross-category,https://cloudconvert.com/mp4-converter
10496,3gpp,cr3,"3gpp to cr3",TIER-2,enumerated (heuristic order),,,video,image,cross-category,https://cloudconvert.com/mp4-converter
10497,3gpp,crw,"3gpp to crw",TIER-2,enumerated (heuristic order),,,video,image,cross-category,https://cloudconvert.com/mp4-converter
10498,3gpp,dcr,"3gpp to dcr",TIER-2,enumerated (heuristic order),,,video,image,cross-category,https://cloudconvert.com/mp4-converter
10499,3gpp,dss,"3gpp to dss",TIER-2,enumerated (heuristic order),,,video,audio,cross-category,https://cloudconvert.com/mp4-converter
10500,3gpp,erf,"3gpp to erf",TIER-2,enumerated (heuristic order),,,video,image,cross-category,https://cloudconvert.com/mp4-converter
10501,3gpp,icns,"3gpp to icns",TIER-2,enumerated (heuristic order),,,video,image,cross-category,https://cloudconvert.com/mp4-converter
10502,3gpp,m4b,"3gpp to m4b",TIER-2,enumerated (heuristic order),,,video,audio,cross-category,https://cloudconvert.com/mp4-converter
10503,3gpp,mos,"3gpp to mos",TIER-2,enumerated (heuristic order),,,video,image,cross-category,https://cloudconvert.com/mp4-converter
10504,3gpp,mrw,"3gpp to mrw",TIER-2,enumerated (heuristic order),,,video,image,cross-category,https://cloudconvert.com/mp4-converter
10505,3gpp,odd,"3gpp to odd",TIER-2,enumerated (heuristic order),,,video,image,cross-category,https://cloudconvert.com/mp4-converter
10506,3gpp,odg,"3gpp to odg",TIER-2,enumerated (heuristic order),,,video,image,cross-category,https://cloudconvert.com/mp4-converter
10507,3gpp,orf,"3gpp to orf",TIER-2,enumerated (heuristic order),,,video,image,cross-category,https://cloudconvert.com/mp4-converter
10508,3gpp,pef,"3gpp to pef",TIER-2,enumerated (heuristic order),,,video,image,cross-category,https://cloudconvert.com/mp4-converter
10509,3gpp,ppm,"3gpp to ppm",TIER-2,enumerated (heuristic order),,,video,image,cross-category,https://cloudconvert.com/mp4-converter
10510,3gpp,ps,"3gpp to ps",TIER-2,enumerated (heuristic order),,,video,image,cross-category,https://cloudconvert.com/mp4-converter
10511,3gpp,psb,"3gpp to psb",TIER-2,enumerated (heuristic order),,,video,image,cross-category,https://cloudconvert.com/mp4-converter
10512,3gpp,pub,"3gpp to pub",TIER-2,enumerated (heuristic order),,,video,image,cross-category,https://cloudconvert.com/mp4-converter
10513,3gpp,raf,"3gpp to raf",TIER-2,enumerated (heuristic order),,,video,image,cross-category,https://cloudconvert.com/mp4-converter
10514,3gpp,rw2,"3gpp to rw2",TIER-2,enumerated (heuristic order),,,video,image,cross-category,https://cloudconvert.com/mp4-converter
10515,3gpp,sf2,"3gpp to sf2",TIER-2,enumerated (heuristic order),,,video,audio,cross-category,https://cloudconvert.com/mp4-converter
10516,3gpp,sfark,"3gpp to sfark",TIER-2,enumerated (heuristic order),,,video,audio,cross-category,https://cloudconvert.com/mp4-converter
10517,3gpp,tga,"3gpp to tga",TIER-2,enumerated (heuristic order),,,video,image,cross-category,https://cloudconvert.com/mp4-converter
10518,3gpp,voc,"3gpp to voc",TIER-2,enumerated (heuristic order),,,video,audio,cross-category,https://cloudconvert.com/mp4-converter
10519,3gpp,weba,"3gpp to weba",TIER-2,enumerated (heuristic order),,,video,audio,cross-category,https://cloudconvert.com/mp4-converter
10520,3gpp,x3f,"3gpp to x3f",TIER-2,enumerated (heuristic order),,,video,image,cross-category,https://cloudconvert.com/mp4-converter
10521,3gpp,xcf,"3gpp to xcf",TIER-2,enumerated (heuristic order),,,video,image,cross-category,https://cloudconvert.com/mp4-converter
10522,3gpp,xps,"3gpp to xps",TIER-2,enumerated (heuristic order),,,video,image,cross-category,https://cloudconvert.com/mp4-converter
10566,ac3,3g2,"ac3 to 3g2",TIER-2,enumerated (heuristic order),,,audio,video,cross-category,https://cloudconvert.com/audio-converter
10567,ac3,3gpp,"ac3 to 3gpp",TIER-2,enumerated (heuristic order),,,audio,video,cross-category,https://cloudconvert.com/audio-converter
10568,ac3,cavs,"ac3 to cavs",TIER-2,enumerated (heuristic order),,,audio,video,cross-category,https://cloudconvert.com/audio-converter
10569,ac3,dv,"ac3 to dv",TIER-2,enumerated (heuristic order),,,audio,video,cross-category,https://cloudconvert.com/audio-converter
10570,ac3,dvr,"ac3 to dvr",TIER-2,enumerated (heuristic order),,,audio,video,cross-category,https://cloudconvert.com/audio-converter
10571,ac3,m2ts,"ac3 to m2ts",TIER-2,enumerated (heuristic order),,,audio,video,cross-category,https://cloudconvert.com/audio-converter
10572,ac3,mod,"ac3 to mod",TIER-2,enumerated (heuristic order),,,audio,video,cross-category,https://cloudconvert.com/audio-converter
10573,ac3,mts,"ac3 to mts",TIER-2,enumerated (heuristic order),,,audio,video,cross-category,https://cloudconvert.com/audio-converter
10574,ac3,mxf,"ac3 to mxf",TIER-2,enumerated (heuristic order),,,audio,video,cross-category,https://cloudconvert.com/audio-converter
10575,ac3,ogv,"ac3 to ogv",TIER-2,enumerated (heuristic order),,,audio,video,cross-category,https://cloudconvert.com/audio-converter
10576,ac3,rm,"ac3 to rm",TIER-2,enumerated (heuristic order),,,audio,video,cross-category,https://cloudconvert.com/audio-converter
10577,ac3,rmvb,"ac3 to rmvb",TIER-2,enumerated (heuristic order),,,audio,video,cross-category,https://cloudconvert.com/audio-converter
10578,ac3,swf,"ac3 to swf",TIER-2,enumerated (heuristic order),,,audio,video,cross-category,https://cloudconvert.com/audio-converter
10579,ac3,vob,"ac3 to vob",TIER-2,enumerated (heuristic order),,,audio,video,cross-category,https://cloudconvert.com/audio-converter
10580,ac3,wtv,"ac3 to wtv",TIER-2,enumerated (heuristic order),,,audio,video,cross-category,https://cloudconvert.com/audio-converter
10581,amr,3g2,"amr to 3g2",TIER-2,enumerated (heuristic order),,,audio,video,cross-category,https://cloudconvert.com/audio-converter
10582,amr,3gpp,"amr to 3gpp",TIER-2,enumerated (heuristic order),,,audio,video,cross-category,https://cloudconvert.com/audio-converter
10583,amr,cavs,"amr to cavs",TIER-2,enumerated (heuristic order),,,audio,video,cross-category,https://cloudconvert.com/audio-converter
10584,amr,dv,"amr to dv",TIER-2,enumerated (heuristic order),,,audio,video,cross-category,https://cloudconvert.com/audio-converter
10585,amr,dvr,"amr to dvr",TIER-2,enumerated (heuristic order),,,audio,video,cross-category,https://cloudconvert.com/audio-converter
10586,amr,m2ts,"amr to m2ts",TIER-2,enumerated (heuristic order),,,audio,video,cross-category,https://cloudconvert.com/audio-converter
10587,amr,mod,"amr to mod",TIER-2,enumerated (heuristic order),,,audio,video,cross-category,https://cloudconvert.com/audio-converter
10588,amr,mts,"amr to mts",TIER-2,enumerated (heuristic order),,,audio,video,cross-category,https://cloudconvert.com/audio-converter
10589,amr,mxf,"amr to mxf",TIER-2,enumerated (heuristic order),,,audio,video,cross-category,https://cloudconvert.com/audio-converter
10590,amr,ogv,"amr to ogv",TIER-2,enumerated (heuristic order),,,audio,video,cross-category,https://cloudconvert.com/audio-converter
10591,amr,rm,"amr to rm",TIER-2,enumerated (heuristic order),,,audio,video,cross-category,https://cloudconvert.com/audio-converter
10592,amr,rmvb,"amr to rmvb",TIER-2,enumerated (heuristic order),,,audio,video,cross-category,https://cloudconvert.com/audio-converter
10593,amr,swf,"amr to swf",TIER-2,enumerated (heuristic order),,,audio,video,cross-category,https://cloudconvert.com/audio-converter
10594,amr,vob,"amr to vob",TIER-2,enumerated (heuristic order),,,audio,video,cross-category,https://cloudconvert.com/audio-converter
10595,amr,wtv,"amr to wtv",TIER-2,enumerated (heuristic order),,,audio,video,cross-category,https://cloudconvert.com/audio-converter
10596,au,3g2,"au to 3g2",TIER-2,enumerated (heuristic order),,,audio,video,cross-category,https://cloudconvert.com/audio-converter
10597,au,3gpp,"au to 3gpp",TIER-2,enumerated (heuristic order),,,audio,video,cross-category,https://cloudconvert.com/audio-converter
10598,au,cavs,"au to cavs",TIER-2,enumerated (heuristic order),,,audio,video,cross-category,https://cloudconvert.com/audio-converter
10599,au,dv,"au to dv",TIER-2,enumerated (heuristic order),,,audio,video,cross-category,https://cloudconvert.com/audio-converter
10600,au,dvr,"au to dvr",TIER-2,enumerated (heuristic order),,,audio,video,cross-category,https://cloudconvert.com/audio-converter
10601,au,m2ts,"au to m2ts",TIER-2,enumerated (heuristic order),,,audio,video,cross-category,https://cloudconvert.com/audio-converter
10602,au,mod,"au to mod",TIER-2,enumerated (heuristic order),,,audio,video,cross-category,https://cloudconvert.com/audio-converter
10603,au,mts,"au to mts",TIER-2,enumerated (heuristic order),,,audio,video,cross-category,https://cloudconvert.com/audio-converter
10604,au,mxf,"au to mxf",TIER-2,enumerated (heuristic order),,,audio,video,cross-category,https://cloudconvert.com/audio-converter
10605,au,ogv,"au to ogv",TIER-2,enumerated (heuristic order),,,audio,video,cross-category,https://cloudconvert.com/audio-converter
10606,au,rm,"au to rm",TIER-2,enumerated (heuristic order),,,audio,video,cross-category,https://cloudconvert.com/audio-converter
10607,au,rmvb,"au to rmvb",TIER-2,enumerated (heuristic order),,,audio,video,cross-category,https://cloudconvert.com/audio-converter
10608,au,swf,"au to swf",TIER-2,enumerated (heuristic order),,,audio,video,cross-category,https://cloudconvert.com/audio-converter
10609,au,vob,"au to vob",TIER-2,enumerated (heuristic order),,,audio,video,cross-category,https://cloudconvert.com/audio-converter
10610,au,wtv,"au to wtv",TIER-2,enumerated (heuristic order),,,audio,video,cross-category,https://cloudconvert.com/audio-converter
10647,caf,3g2,"caf to 3g2",TIER-2,enumerated (heuristic order),,,audio,video,cross-category,https://cloudconvert.com/audio-converter
10648,caf,3gpp,"caf to 3gpp",TIER-2,enumerated (heuristic order),,,audio,video,cross-category,https://cloudconvert.com/audio-converter
10649,caf,cavs,"caf to cavs",TIER-2,enumerated (heuristic order),,,audio,video,cross-category,https://cloudconvert.com/audio-converter
10650,caf,dv,"caf to dv",TIER-2,enumerated (heuristic order),,,audio,video,cross-category,https://cloudconvert.com/audio-converter
10651,caf,dvr,"caf to dvr",TIER-2,enumerated (heuristic order),,,audio,video,cross-category,https://cloudconvert.com/audio-converter
10652,caf,m2ts,"caf to m2ts",TIER-2,enumerated (heuristic order),,,audio,video,cross-category,https://cloudconvert.com/audio-converter
10653,caf,mod,"caf to mod",TIER-2,enumerated (heuristic order),,,audio,video,cross-category,https://cloudconvert.com/audio-converter
10654,caf,mts,"caf to mts",TIER-2,enumerated (heuristic order),,,audio,video,cross-category,https://cloudconvert.com/audio-converter
10655,caf,mxf,"caf to mxf",TIER-2,enumerated (heuristic order),,,audio,video,cross-category,https://cloudconvert.com/audio-converter
10656,caf,ogv,"caf to ogv",TIER-2,enumerated (heuristic order),,,audio,video,cross-category,https://cloudconvert.com/audio-converter
10657,caf,rm,"caf to rm",TIER-2,enumerated (heuristic order),,,audio,video,cross-category,https://cloudconvert.com/audio-converter
10658,caf,rmvb,"caf to rmvb",TIER-2,enumerated (heuristic order),,,audio,video,cross-category,https://cloudconvert.com/audio-converter
10659,caf,swf,"caf to swf",TIER-2,enumerated (heuristic order),,,audio,video,cross-category,https://cloudconvert.com/audio-converter
10660,caf,vob,"caf to vob",TIER-2,enumerated (heuristic order),,,audio,video,cross-category,https://cloudconvert.com/audio-converter
10661,caf,wtv,"caf to wtv",TIER-2,enumerated (heuristic order),,,audio,video,cross-category,https://cloudconvert.com/audio-converter
10662,cavs,3fr,"cavs to 3fr",TIER-2,enumerated (heuristic order),,,video,image,cross-category,https://cloudconvert.com/mp4-converter
10663,cavs,ac3,"cavs to ac3",TIER-2,enumerated (heuristic order),,,video,audio,cross-category,https://cloudconvert.com/mp4-converter
10664,cavs,amr,"cavs to amr",TIER-2,enumerated (heuristic order),,,video,audio,cross-category,https://cloudconvert.com/mp4-converter
10665,cavs,au,"cavs to au",TIER-2,enumerated (heuristic order),,,video,audio,cross-category,https://cloudconvert.com/mp4-converter
10666,cavs,caf,"cavs to caf",TIER-2,enumerated (heuristic order),,,video,audio,cross-category,https://cloudconvert.com/mp4-converter
10667,cavs,cr3,"cavs to cr3",TIER-2,enumerated (heuristic order),,,video,image,cross-category,https://cloudconvert.com/mp4-converter
10668,cavs,crw,"cavs to crw",TIER-2,enumerated (heuristic order),,,video,image,cross-category,https://cloudconvert.com/mp4-converter
10669,cavs,dcr,"cavs to dcr",TIER-2,enumerated (heuristic order),,,video,image,cross-category,https://cloudconvert.com/mp4-converter
10670,cavs,dss,"cavs to dss",TIER-2,enumerated (heuristic order),,,video,audio,cross-category,https://cloudconvert.com/mp4-converter
10671,cavs,erf,"cavs to erf",TIER-2,enumerated (heuristic order),,,video,image,cross-category,https://cloudconvert.com/mp4-converter
10672,cavs,icns,"cavs to icns",TIER-2,enumerated (heuristic order),,,video,image,cross-category,https://cloudconvert.com/mp4-converter
10673,cavs,m4b,"cavs to m4b",TIER-2,enumerated (heuristic order),,,video,audio,cross-category,https://cloudconvert.com/mp4-converter
10674,cavs,mos,"cavs to mos",TIER-2,enumerated (heuristic order),,,video,image,cross-category,https://cloudconvert.com/mp4-converter
10675,cavs,mrw,"cavs to mrw",TIER-2,enumerated (heuristic order),,,video,image,cross-category,https://cloudconvert.com/mp4-converter
10676,cavs,odd,"cavs to odd",TIER-2,enumerated (heuristic order),,,video,image,cross-category,https://cloudconvert.com/mp4-converter
10677,cavs,odg,"cavs to odg",TIER-2,enumerated (heuristic order),,,video,image,cross-category,https://cloudconvert.com/mp4-converter
10678,cavs,orf,"cavs to orf",TIER-2,enumerated (heuristic order),,,video,image,cross-category,https://cloudconvert.com/mp4-converter
10679,cavs,pef,"cavs to pef",TIER-2,enumerated (heuristic order),,,video,image,cross-category,https://cloudconvert.com/mp4-converter
10680,cavs,ppm,"cavs to ppm",TIER-2,enumerated (heuristic order),,,video,image,cross-category,https://cloudconvert.com/mp4-converter
10681,cavs,ps,"cavs to ps",TIER-2,enumerated (heuristic order),,,video,image,cross-category,https://cloudconvert.com/mp4-converter
10682,cavs,psb,"cavs to psb",TIER-2,enumerated (heuristic order),,,video,image,cross-category,https://cloudconvert.com/mp4-converter
10683,cavs,pub,"cavs to pub",TIER-2,enumerated (heuristic order),,,video,image,cross-category,https://cloudconvert.com/mp4-converter
10684,cavs,raf,"cavs to raf",TIER-2,enumerated (heuristic order),,,video,image,cross-category,https://cloudconvert.com/mp4-converter
10685,cavs,rw2,"cavs to rw2",TIER-2,enumerated (heuristic order),,,video,image,cross-category,https://cloudconvert.com/mp4-converter
10686,cavs,sf2,"cavs to sf2",TIER-2,enumerated (heuristic order),,,video,audio,cross-category,https://cloudconvert.com/mp4-converter
10687,cavs,sfark,"cavs to sfark",TIER-2,enumerated (heuristic order),,,video,audio,cross-category,https://cloudconvert.com/mp4-converter
10688,cavs,tga,"cavs to tga",TIER-2,enumerated (heuristic order),,,video,image,cross-category,https://cloudconvert.com/mp4-converter
10689,cavs,voc,"cavs to voc",TIER-2,enumerated (heuristic order),,,video,audio,cross-category,https://cloudconvert.com/mp4-converter
10690,cavs,weba,"cavs to weba",TIER-2,enumerated (heuristic order),,,video,audio,cross-category,https://cloudconvert.com/mp4-converter
10691,cavs,x3f,"cavs to x3f",TIER-2,enumerated (heuristic order),,,video,image,cross-category,https://cloudconvert.com/mp4-converter
10692,cavs,xcf,"cavs to xcf",TIER-2,enumerated (heuristic order),,,video,image,cross-category,https://cloudconvert.com/mp4-converter
10693,cavs,xps,"cavs to xps",TIER-2,enumerated (heuristic order),,,video,image,cross-category,https://cloudconvert.com/mp4-converter
10802,cr3,abw,"cr3 to abw",TIER-2,enumerated (heuristic order),,,image,document,cross-category,https://cloudconvert.com/image-converter
10803,cr3,cgm,"cr3 to cgm",TIER-2,enumerated (heuristic order),,,image,vector,cross-category,https://cloudconvert.com/image-converter
10804,cr3,djvu,"cr3 to djvu",TIER-2,enumerated (heuristic order),,,image,document,cross-category,https://cloudconvert.com/image-converter
10805,cr3,docm,"cr3 to docm",TIER-2,enumerated (heuristic order),,,image,document,cross-category,https://cloudconvert.com/image-converter
10806,cr3,dot,"cr3 to dot",TIER-2,enumerated (heuristic order),,,image,document,cross-category,https://cloudconvert.com/image-converter
10807,cr3,dotx,"cr3 to dotx",TIER-2,enumerated (heuristic order),,,image,document,cross-category,https://cloudconvert.com/image-converter
10808,cr3,dps,"cr3 to dps",TIER-2,enumerated (heuristic order),,,image,presentation,cross-category,https://cloudconvert.com/image-converter
10809,cr3,emf,"cr3 to emf",TIER-2,enumerated (heuristic order),,,image,vector,cross-category,https://cloudconvert.com/image-converter
10810,cr3,hwp,"cr3 to hwp",TIER-2,enumerated (heuristic order),,,image,document,cross-category,https://cloudconvert.com/image-converter
10811,cr3,hwpx,"cr3 to hwpx",TIER-2,enumerated (heuristic order),,,image,document,cross-category,https://cloudconvert.com/image-converter
10812,cr3,lwp,"cr3 to lwp",TIER-2,enumerated (heuristic order),,,image,document,cross-category,https://cloudconvert.com/image-converter
10813,cr3,pot,"cr3 to pot",TIER-2,enumerated (heuristic order),,,image,presentation,cross-category,https://cloudconvert.com/image-converter
10814,cr3,potx,"cr3 to potx",TIER-2,enumerated (heuristic order),,,image,presentation,cross-category,https://cloudconvert.com/image-converter
10815,cr3,pps,"cr3 to pps",TIER-2,enumerated (heuristic order),,,image,presentation,cross-category,https://cloudconvert.com/image-converter
10816,cr3,ppsx,"cr3 to ppsx",TIER-2,enumerated (heuristic order),,,image,presentation,cross-category,https://cloudconvert.com/image-converter
10817,cr3,pptm,"cr3 to pptm",TIER-2,enumerated (heuristic order),,,image,presentation,cross-category,https://cloudconvert.com/image-converter
10818,cr3,rst,"cr3 to rst",TIER-2,enumerated (heuristic order),,,image,document,cross-category,https://cloudconvert.com/image-converter
10819,cr3,sda,"cr3 to sda",TIER-2,enumerated (heuristic order),,,image,presentation,cross-category,https://cloudconvert.com/image-converter
10820,cr3,sdw,"cr3 to sdw",TIER-2,enumerated (heuristic order),,,image,document,cross-category,https://cloudconvert.com/image-converter
10821,cr3,sk,"cr3 to sk",TIER-2,enumerated (heuristic order),,,image,vector,cross-category,https://cloudconvert.com/image-converter
10822,cr3,sk1,"cr3 to sk1",TIER-2,enumerated (heuristic order),,,image,vector,cross-category,https://cloudconvert.com/image-converter
10823,cr3,svgz,"cr3 to svgz",TIER-2,enumerated (heuristic order),,,image,vector,cross-category,https://cloudconvert.com/image-converter
10824,cr3,tex,"cr3 to tex",TIER-2,enumerated (heuristic order),,,image,document,cross-category,https://cloudconvert.com/image-converter
10825,cr3,vsd,"cr3 to vsd",TIER-2,enumerated (heuristic order),,,image,vector,cross-category,https://cloudconvert.com/image-converter
10826,cr3,wmf,"cr3 to wmf",TIER-2,enumerated (heuristic order),,,image,vector,cross-category,https://cloudconvert.com/image-converter
10827,cr3,wpd,"cr3 to wpd",TIER-2,enumerated (heuristic order),,,image,document,cross-category,https://cloudconvert.com/image-converter
10828,cr3,wps,"cr3 to wps",TIER-2,enumerated (heuristic order),,,image,document,cross-category,https://cloudconvert.com/image-converter
10829,cr3,zabw,"cr3 to zabw",TIER-2,enumerated (heuristic order),,,image,document,cross-category,https://cloudconvert.com/image-converter
10830,crw,abw,"crw to abw",TIER-2,enumerated (heuristic order),,,image,document,cross-category,https://cloudconvert.com/image-converter
10831,crw,cgm,"crw to cgm",TIER-2,enumerated (heuristic order),,,image,vector,cross-category,https://cloudconvert.com/image-converter
10832,crw,djvu,"crw to djvu",TIER-2,enumerated (heuristic order),,,image,document,cross-category,https://cloudconvert.com/image-converter
10833,crw,docm,"crw to docm",TIER-2,enumerated (heuristic order),,,image,document,cross-category,https://cloudconvert.com/image-converter
10834,crw,dot,"crw to dot",TIER-2,enumerated (heuristic order),,,image,document,cross-category,https://cloudconvert.com/image-converter
10835,crw,dotx,"crw to dotx",TIER-2,enumerated (heuristic order),,,image,document,cross-category,https://cloudconvert.com/image-converter
10836,crw,dps,"crw to dps",TIER-2,enumerated (heuristic order),,,image,presentation,cross-category,https://cloudconvert.com/image-converter
10837,crw,emf,"crw to emf",TIER-2,enumerated (heuristic order),,,image,vector,cross-category,https://cloudconvert.com/image-converter
10838,crw,hwp,"crw to hwp",TIER-2,enumerated (heuristic order),,,image,document,cross-category,https://cloudconvert.com/image-converter
10839,crw,hwpx,"crw to hwpx",TIER-2,enumerated (heuristic order),,,image,document,cross-category,https://cloudconvert.com/image-converter
10840,crw,lwp,"crw to lwp",TIER-2,enumerated (heuristic order),,,image,document,cross-category,https://cloudconvert.com/image-converter
10841,crw,pot,"crw to pot",TIER-2,enumerated (heuristic order),,,image,presentation,cross-category,https://cloudconvert.com/image-converter
10842,crw,potx,"crw to potx",TIER-2,enumerated (heuristic order),,,image,presentation,cross-category,https://cloudconvert.com/image-converter
10843,crw,pps,"crw to pps",TIER-2,enumerated (heuristic order),,,image,presentation,cross-category,https://cloudconvert.com/image-converter
10844,crw,ppsx,"crw to ppsx",TIER-2,enumerated (heuristic order),,,image,presentation,cross-category,https://cloudconvert.com/image-converter
10845,crw,pptm,"crw to pptm",TIER-2,enumerated (heuristic order),,,image,presentation,cross-category,https://cloudconvert.com/image-converter
10846,crw,rst,"crw to rst",TIER-2,enumerated (heuristic order),,,image,document,cross-category,https://cloudconvert.com/image-converter
10847,crw,sda,"crw to sda",TIER-2,enumerated (heuristic order),,,image,presentation,cross-category,https://cloudconvert.com/image-converter
10848,crw,sdw,"crw to sdw",TIER-2,enumerated (heuristic order),,,image,document,cross-category,https://cloudconvert.com/image-converter
10849,crw,sk,"crw to sk",TIER-2,enumerated (heuristic order),,,image,vector,cross-category,https://cloudconvert.com/image-converter
10850,crw,sk1,"crw to sk1",TIER-2,enumerated (heuristic order),,,image,vector,cross-category,https://cloudconvert.com/image-converter
10851,crw,svgz,"crw to svgz",TIER-2,enumerated (heuristic order),,,image,vector,cross-category,https://cloudconvert.com/image-converter
10852,crw,tex,"crw to tex",TIER-2,enumerated (heuristic order),,,image,document,cross-category,https://cloudconvert.com/image-converter
10853,crw,vsd,"crw to vsd",TIER-2,enumerated (heuristic order),,,image,vector,cross-category,https://cloudconvert.com/image-converter
10854,crw,wmf,"crw to wmf",TIER-2,enumerated (heuristic order),,,image,vector,cross-category,https://cloudconvert.com/image-converter
10855,crw,wpd,"crw to wpd",TIER-2,enumerated (heuristic order),,,image,document,cross-category,https://cloudconvert.com/image-converter
10856,crw,wps,"crw to wps",TIER-2,enumerated (heuristic order),,,image,document,cross-category,https://cloudconvert.com/image-converter
10857,crw,zabw,"crw to zabw",TIER-2,enumerated (heuristic order),,,image,document,cross-category,https://cloudconvert.com/image-converter
10858,dcr,abw,"dcr to abw",TIER-2,enumerated (heuristic order),,,image,document,cross-category,https://cloudconvert.com/image-converter
10859,dcr,cgm,"dcr to cgm",TIER-2,enumerated (heuristic order),,,image,vector,cross-category,https://cloudconvert.com/image-converter
10860,dcr,djvu,"dcr to djvu",TIER-2,enumerated (heuristic order),,,image,document,cross-category,https://cloudconvert.com/image-converter
10861,dcr,docm,"dcr to docm",TIER-2,enumerated (heuristic order),,,image,document,cross-category,https://cloudconvert.com/image-converter
10862,dcr,dot,"dcr to dot",TIER-2,enumerated (heuristic order),,,image,document,cross-category,https://cloudconvert.com/image-converter
10863,dcr,dotx,"dcr to dotx",TIER-2,enumerated (heuristic order),,,image,document,cross-category,https://cloudconvert.com/image-converter
10864,dcr,dps,"dcr to dps",TIER-2,enumerated (heuristic order),,,image,presentation,cross-category,https://cloudconvert.com/image-converter
10865,dcr,emf,"dcr to emf",TIER-2,enumerated (heuristic order),,,image,vector,cross-category,https://cloudconvert.com/image-converter
10866,dcr,hwp,"dcr to hwp",TIER-2,enumerated (heuristic order),,,image,document,cross-category,https://cloudconvert.com/image-converter
10867,dcr,hwpx,"dcr to hwpx",TIER-2,enumerated (heuristic order),,,image,document,cross-category,https://cloudconvert.com/image-converter
10868,dcr,lwp,"dcr to lwp",TIER-2,enumerated (heuristic order),,,image,document,cross-category,https://cloudconvert.com/image-converter
10869,dcr,pot,"dcr to pot",TIER-2,enumerated (heuristic order),,,image,presentation,cross-category,https://cloudconvert.com/image-converter
10870,dcr,potx,"dcr to potx",TIER-2,enumerated (heuristic order),,,image,presentation,cross-category,https://cloudconvert.com/image-converter
10871,dcr,pps,"dcr to pps",TIER-2,enumerated (heuristic order),,,image,presentation,cross-category,https://cloudconvert.com/image-converter
10872,dcr,ppsx,"dcr to ppsx",TIER-2,enumerated (heuristic order),,,image,presentation,cross-category,https://cloudconvert.com/image-converter
10873,dcr,pptm,"dcr to pptm",TIER-2,enumerated (heuristic order),,,image,presentation,cross-category,https://cloudconvert.com/image-converter
10874,dcr,rst,"dcr to rst",TIER-2,enumerated (heuristic order),,,image,document,cross-category,https://cloudconvert.com/image-converter
10875,dcr,sda,"dcr to sda",TIER-2,enumerated (heuristic order),,,image,presentation,cross-category,https://cloudconvert.com/image-converter
10876,dcr,sdw,"dcr to sdw",TIER-2,enumerated (heuristic order),,,image,document,cross-category,https://cloudconvert.com/image-converter
10877,dcr,sk,"dcr to sk",TIER-2,enumerated (heuristic order),,,image,vector,cross-category,https://cloudconvert.com/image-converter
10878,dcr,sk1,"dcr to sk1",TIER-2,enumerated (heuristic order),,,image,vector,cross-category,https://cloudconvert.com/image-converter
10879,dcr,svgz,"dcr to svgz",TIER-2,enumerated (heuristic order),,,image,vector,cross-category,https://cloudconvert.com/image-converter
10880,dcr,tex,"dcr to tex",TIER-2,enumerated (heuristic order),,,image,document,cross-category,https://cloudconvert.com/image-converter
10881,dcr,vsd,"dcr to vsd",TIER-2,enumerated (heuristic order),,,image,vector,cross-category,https://cloudconvert.com/image-converter
10882,dcr,wmf,"dcr to wmf",TIER-2,enumerated (heuristic order),,,image,vector,cross-category,https://cloudconvert.com/image-converter
10883,dcr,wpd,"dcr to wpd",TIER-2,enumerated (heuristic order),,,image,document,cross-category,https://cloudconvert.com/image-converter
10884,dcr,wps,"dcr to wps",TIER-2,enumerated (heuristic order),,,image,document,cross-category,https://cloudconvert.com/image-converter
10885,dcr,zabw,"dcr to zabw",TIER-2,enumerated (heuristic order),,,image,document,cross-category,https://cloudconvert.com/image-converter
11094,dss,3g2,"dss to 3g2",TIER-2,enumerated (heuristic order),,,audio,video,cross-category,https://cloudconvert.com/audio-converter
11095,dss,3gpp,"dss to 3gpp",TIER-2,enumerated (heuristic order),,,audio,video,cross-category,https://cloudconvert.com/audio-converter
11096,dss,cavs,"dss to cavs",TIER-2,enumerated (heuristic order),,,audio,video,cross-category,https://cloudconvert.com/audio-converter
11097,dss,dv,"dss to dv",TIER-2,enumerated (heuristic order),,,audio,video,cross-category,https://cloudconvert.com/audio-converter
11098,dss,dvr,"dss to dvr",TIER-2,enumerated (heuristic order),,,audio,video,cross-category,https://cloudconvert.com/audio-converter
11099,dss,m2ts,"dss to m2ts",TIER-2,enumerated (heuristic order),,,audio,video,cross-category,https://cloudconvert.com/audio-converter
11100,dss,mod,"dss to mod",TIER-2,enumerated (heuristic order),,,audio,video,cross-category,https://cloudconvert.com/audio-converter
11101,dss,mts,"dss to mts",TIER-2,enumerated (heuristic order),,,audio,video,cross-category,https://cloudconvert.com/audio-converter
11102,dss,mxf,"dss to mxf",TIER-2,enumerated (heuristic order),,,audio,video,cross-category,https://cloudconvert.com/audio-converter
11103,dss,ogv,"dss to ogv",TIER-2,enumerated (heuristic order),,,audio,video,cross-category,https://cloudconvert.com/audio-converter
11104,dss,rm,"dss to rm",TIER-2,enumerated (heuristic order),,,audio,video,cross-category,https://cloudconvert.com/audio-converter
11105,dss,rmvb,"dss to rmvb",TIER-2,enumerated (heuristic order),,,audio,video,cross-category,https://cloudconvert.com/audio-converter
11106,dss,swf,"dss to swf",TIER-2,enumerated (heuristic order),,,audio,video,cross-category,https://cloudconvert.com/audio-converter
11107,dss,vob,"dss to vob",TIER-2,enumerated (heuristic order),,,audio,video,cross-category,https://cloudconvert.com/audio-converter
11108,dss,wtv,"dss to wtv",TIER-2,enumerated (heuristic order),,,audio,video,cross-category,https://cloudconvert.com/audio-converter
11109,dv,3fr,"dv to 3fr",TIER-2,enumerated (heuristic order),,,video,image,cross-category,https://cloudconvert.com/mp4-converter
11110,dv,ac3,"dv to ac3",TIER-2,enumerated (heuristic order),,,video,audio,cross-category,https://cloudconvert.com/mp4-converter
11111,dv,amr,"dv to amr",TIER-2,enumerated (heuristic order),,,video,audio,cross-category,https://cloudconvert.com/mp4-converter
11112,dv,au,"dv to au",TIER-2,enumerated (heuristic order),,,video,audio,cross-category,https://cloudconvert.com/mp4-converter
11113,dv,caf,"dv to caf",TIER-2,enumerated (heuristic order),,,video,audio,cross-category,https://cloudconvert.com/mp4-converter
11114,dv,cr3,"dv to cr3",TIER-2,enumerated (heuristic order),,,video,image,cross-category,https://cloudconvert.com/mp4-converter
11115,dv,crw,"dv to crw",TIER-2,enumerated (heuristic order),,,video,image,cross-category,https://cloudconvert.com/mp4-converter
11116,dv,dcr,"dv to dcr",TIER-2,enumerated (heuristic order),,,video,image,cross-category,https://cloudconvert.com/mp4-converter
11117,dv,dss,"dv to dss",TIER-2,enumerated (heuristic order),,,video,audio,cross-category,https://cloudconvert.com/mp4-converter
11118,dv,erf,"dv to erf",TIER-2,enumerated (heuristic order),,,video,image,cross-category,https://cloudconvert.com/mp4-converter
11119,dv,icns,"dv to icns",TIER-2,enumerated (heuristic order),,,video,image,cross-category,https://cloudconvert.com/mp4-converter
11120,dv,m4b,"dv to m4b",TIER-2,enumerated (heuristic order),,,video,audio,cross-category,https://cloudconvert.com/mp4-converter
11121,dv,mos,"dv to mos",TIER-2,enumerated (heuristic order),,,video,image,cross-category,https://cloudconvert.com/mp4-converter
11122,dv,mrw,"dv to mrw",TIER-2,enumerated (heuristic order),,,video,image,cross-category,https://cloudconvert.com/mp4-converter
11123,dv,odd,"dv to odd",TIER-2,enumerated (heuristic order),,,video,image,cross-category,https://cloudconvert.com/mp4-converter
11124,dv,odg,"dv to odg",TIER-2,enumerated (heuristic order),,,video,image,cross-category,https://cloudconvert.com/mp4-converter
11125,dv,orf,"dv to orf",TIER-2,enumerated (heuristic order),,,video,image,cross-category,https://cloudconvert.com/mp4-converter
11126,dv,pef,"dv to pef",TIER-2,enumerated (heuristic order),,,video,image,cross-category,https://cloudconvert.com/mp4-converter
11127,dv,ppm,"dv to ppm",TIER-2,enumerated (heuristic order),,,video,image,cross-category,https://cloudconvert.com/mp4-converter
11128,dv,ps,"dv to ps",TIER-2,enumerated (heuristic order),,,video,image,cross-category,https://cloudconvert.com/mp4-converter
11129,dv,psb,"dv to psb",TIER-2,enumerated (heuristic order),,,video,image,cross-category,https://cloudconvert.com/mp4-converter
11130,dv,pub,"dv to pub",TIER-2,enumerated (heuristic order),,,video,image,cross-category,https://cloudconvert.com/mp4-converter
11131,dv,raf,"dv to raf",TIER-2,enumerated (heuristic order),,,video,image,cross-category,https://cloudconvert.com/mp4-converter
11132,dv,rw2,"dv to rw2",TIER-2,enumerated (heuristic order),,,video,image,cross-category,https://cloudconvert.com/mp4-converter
11133,dv,sf2,"dv to sf2",TIER-2,enumerated (heuristic order),,,video,audio,cross-category,https://cloudconvert.com/mp4-converter
11134,dv,sfark,"dv to sfark",TIER-2,enumerated (heuristic order),,,video,audio,cross-category,https://cloudconvert.com/mp4-converter
11135,dv,tga,"dv to tga",TIER-2,enumerated (heuristic order),,,video,image,cross-category,https://cloudconvert.com/mp4-converter
11136,dv,voc,"dv to voc",TIER-2,enumerated (heuristic order),,,video,audio,cross-category,https://cloudconvert.com/mp4-converter
11137,dv,weba,"dv to weba",TIER-2,enumerated (heuristic order),,,video,audio,cross-category,https://cloudconvert.com/mp4-converter
11138,dv,x3f,"dv to x3f",TIER-2,enumerated (heuristic order),,,video,image,cross-category,https://cloudconvert.com/mp4-converter
11139,dv,xcf,"dv to xcf",TIER-2,enumerated (heuristic order),,,video,image,cross-category,https://cloudconvert.com/mp4-converter
11140,dv,xps,"dv to xps",TIER-2,enumerated (heuristic order),,,video,image,cross-category,https://cloudconvert.com/mp4-converter
11141,dvr,3fr,"dvr to 3fr",TIER-2,enumerated (heuristic order),,,video,image,cross-category,https://cloudconvert.com/mp4-converter
11142,dvr,ac3,"dvr to ac3",TIER-2,enumerated (heuristic order),,,video,audio,cross-category,https://cloudconvert.com/mp4-converter
11143,dvr,amr,"dvr to amr",TIER-2,enumerated (heuristic order),,,video,audio,cross-category,https://cloudconvert.com/mp4-converter
11144,dvr,au,"dvr to au",TIER-2,enumerated (heuristic order),,,video,audio,cross-category,https://cloudconvert.com/mp4-converter
11145,dvr,caf,"dvr to caf",TIER-2,enumerated (heuristic order),,,video,audio,cross-category,https://cloudconvert.com/mp4-converter
11146,dvr,cr3,"dvr to cr3",TIER-2,enumerated (heuristic order),,,video,image,cross-category,https://cloudconvert.com/mp4-converter
11147,dvr,crw,"dvr to crw",TIER-2,enumerated (heuristic order),,,video,image,cross-category,https://cloudconvert.com/mp4-converter
11148,dvr,dcr,"dvr to dcr",TIER-2,enumerated (heuristic order),,,video,image,cross-category,https://cloudconvert.com/mp4-converter
11149,dvr,dss,"dvr to dss",TIER-2,enumerated (heuristic order),,,video,audio,cross-category,https://cloudconvert.com/mp4-converter
11150,dvr,erf,"dvr to erf",TIER-2,enumerated (heuristic order),,,video,image,cross-category,https://cloudconvert.com/mp4-converter
11151,dvr,icns,"dvr to icns",TIER-2,enumerated (heuristic order),,,video,image,cross-category,https://cloudconvert.com/mp4-converter
11152,dvr,m4b,"dvr to m4b",TIER-2,enumerated (heuristic order),,,video,audio,cross-category,https://cloudconvert.com/mp4-converter
11153,dvr,mos,"dvr to mos",TIER-2,enumerated (heuristic order),,,video,image,cross-category,https://cloudconvert.com/mp4-converter
11154,dvr,mrw,"dvr to mrw",TIER-2,enumerated (heuristic order),,,video,image,cross-category,https://cloudconvert.com/mp4-converter
11155,dvr,odd,"dvr to odd",TIER-2,enumerated (heuristic order),,,video,image,cross-category,https://cloudconvert.com/mp4-converter
11156,dvr,odg,"dvr to odg",TIER-2,enumerated (heuristic order),,,video,image,cross-category,https://cloudconvert.com/mp4-converter
11157,dvr,orf,"dvr to orf",TIER-2,enumerated (heuristic order),,,video,image,cross-category,https://cloudconvert.com/mp4-converter
11158,dvr,pef,"dvr to pef",TIER-2,enumerated (heuristic order),,,video,image,cross-category,https://cloudconvert.com/mp4-converter
11159,dvr,ppm,"dvr to ppm",TIER-2,enumerated (heuristic order),,,video,image,cross-category,https://cloudconvert.com/mp4-converter
11160,dvr,ps,"dvr to ps",TIER-2,enumerated (heuristic order),,,video,image,cross-category,https://cloudconvert.com/mp4-converter
11161,dvr,psb,"dvr to psb",TIER-2,enumerated (heuristic order),,,video,image,cross-category,https://cloudconvert.com/mp4-converter
11162,dvr,pub,"dvr to pub",TIER-2,enumerated (heuristic order),,,video,image,cross-category,https://cloudconvert.com/mp4-converter
11163,dvr,raf,"dvr to raf",TIER-2,enumerated (heuristic order),,,video,image,cross-category,https://cloudconvert.com/mp4-converter
11164,dvr,rw2,"dvr to rw2",TIER-2,enumerated (heuristic order),,,video,image,cross-category,https://cloudconvert.com/mp4-converter
11165,dvr,sf2,"dvr to sf2",TIER-2,enumerated (heuristic order),,,video,audio,cross-category,https://cloudconvert.com/mp4-converter
11166,dvr,sfark,"dvr to sfark",TIER-2,enumerated (heuristic order),,,video,audio,cross-category,https://cloudconvert.com/mp4-converter
11167,dvr,tga,"dvr to tga",TIER-2,enumerated (heuristic order),,,video,image,cross-category,https://cloudconvert.com/mp4-converter
11168,dvr,voc,"dvr to voc",TIER-2,enumerated (heuristic order),,,video,audio,cross-category,https://cloudconvert.com/mp4-converter
11169,dvr,weba,"dvr to weba",TIER-2,enumerated (heuristic order),,,video,audio,cross-category,https://cloudconvert.com/mp4-converter
11170,dvr,x3f,"dvr to x3f",TIER-2,enumerated (heuristic order),,,video,image,cross-category,https://cloudconvert.com/mp4-converter
11171,dvr,xcf,"dvr to xcf",TIER-2,enumerated (heuristic order),,,video,image,cross-category,https://cloudconvert.com/mp4-converter
11172,dvr,xps,"dvr to xps",TIER-2,enumerated (heuristic order),,,video,image,cross-category,https://cloudconvert.com/mp4-converter
11209,erf,abw,"erf to abw",TIER-2,enumerated (heuristic order),,,image,document,cross-category,https://cloudconvert.com/image-converter
11210,erf,cgm,"erf to cgm",TIER-2,enumerated (heuristic order),,,image,vector,cross-category,https://cloudconvert.com/image-converter
11211,erf,djvu,"erf to djvu",TIER-2,enumerated (heuristic order),,,image,document,cross-category,https://cloudconvert.com/image-converter
11212,erf,docm,"erf to docm",TIER-2,enumerated (heuristic order),,,image,document,cross-category,https://cloudconvert.com/image-converter
11213,erf,dot,"erf to dot",TIER-2,enumerated (heuristic order),,,image,document,cross-category,https://cloudconvert.com/image-converter
11214,erf,dotx,"erf to dotx",TIER-2,enumerated (heuristic order),,,image,document,cross-category,https://cloudconvert.com/image-converter
11215,erf,dps,"erf to dps",TIER-2,enumerated (heuristic order),,,image,presentation,cross-category,https://cloudconvert.com/image-converter
11216,erf,emf,"erf to emf",TIER-2,enumerated (heuristic order),,,image,vector,cross-category,https://cloudconvert.com/image-converter
11217,erf,hwp,"erf to hwp",TIER-2,enumerated (heuristic order),,,image,document,cross-category,https://cloudconvert.com/image-converter
11218,erf,hwpx,"erf to hwpx",TIER-2,enumerated (heuristic order),,,image,document,cross-category,https://cloudconvert.com/image-converter
11219,erf,lwp,"erf to lwp",TIER-2,enumerated (heuristic order),,,image,document,cross-category,https://cloudconvert.com/image-converter
11220,erf,pot,"erf to pot",TIER-2,enumerated (heuristic order),,,image,presentation,cross-category,https://cloudconvert.com/image-converter
11221,erf,potx,"erf to potx",TIER-2,enumerated (heuristic order),,,image,presentation,cross-category,https://cloudconvert.com/image-converter
11222,erf,pps,"erf to pps",TIER-2,enumerated (heuristic order),,,image,presentation,cross-category,https://cloudconvert.com/image-converter
11223,erf,ppsx,"erf to ppsx",TIER-2,enumerated (heuristic order),,,image,presentation,cross-category,https://cloudconvert.com/image-converter
11224,erf,pptm,"erf to pptm",TIER-2,enumerated (heuristic order),,,image,presentation,cross-category,https://cloudconvert.com/image-converter
11225,erf,rst,"erf to rst",TIER-2,enumerated (heuristic order),,,image,document,cross-category,https://cloudconvert.com/image-converter
11226,erf,sda,"erf to sda",TIER-2,enumerated (heuristic order),,,image,presentation,cross-category,https://cloudconvert.com/image-converter
11227,erf,sdw,"erf to sdw",TIER-2,enumerated (heuristic order),,,image,document,cross-category,https://cloudconvert.com/image-converter
11228,erf,sk,"erf to sk",TIER-2,enumerated (heuristic order),,,image,vector,cross-category,https://cloudconvert.com/image-converter
11229,erf,sk1,"erf to sk1",TIER-2,enumerated (heuristic order),,,image,vector,cross-category,https://cloudconvert.com/image-converter
11230,erf,svgz,"erf to svgz",TIER-2,enumerated (heuristic order),,,image,vector,cross-category,https://cloudconvert.com/image-converter
11231,erf,tex,"erf to tex",TIER-2,enumerated (heuristic order),,,image,document,cross-category,https://cloudconvert.com/image-converter
11232,erf,vsd,"erf to vsd",TIER-2,enumerated (heuristic order),,,image,vector,cross-category,https://cloudconvert.com/image-converter
11233,erf,wmf,"erf to wmf",TIER-2,enumerated (heuristic order),,,image,vector,cross-category,https://cloudconvert.com/image-converter
11234,erf,wpd,"erf to wpd",TIER-2,enumerated (heuristic order),,,image,document,cross-category,https://cloudconvert.com/image-converter
11235,erf,wps,"erf to wps",TIER-2,enumerated (heuristic order),,,image,document,cross-category,https://cloudconvert.com/image-converter
11236,erf,zabw,"erf to zabw",TIER-2,enumerated (heuristic order),,,image,document,cross-category,https://cloudconvert.com/image-converter
11395,icns,abw,"icns to abw",TIER-2,enumerated (heuristic order),,,image,document,cross-category,https://cloudconvert.com/image-converter
11396,icns,cgm,"icns to cgm",TIER-2,enumerated (heuristic order),,,image,vector,cross-category,https://cloudconvert.com/image-converter
11397,icns,djvu,"icns to djvu",TIER-2,enumerated (heuristic order),,,image,document,cross-category,https://cloudconvert.com/image-converter
11398,icns,docm,"icns to docm",TIER-2,enumerated (heuristic order),,,image,document,cross-category,https://cloudconvert.com/image-converter
11399,icns,dot,"icns to dot",TIER-2,enumerated (heuristic order),,,image,document,cross-category,https://cloudconvert.com/image-converter
11400,icns,dotx,"icns to dotx",TIER-2,enumerated (heuristic order),,,image,document,cross-category,https://cloudconvert.com/image-converter
11401,icns,dps,"icns to dps",TIER-2,enumerated (heuristic order),,,image,presentation,cross-category,https://cloudconvert.com/image-converter
11402,icns,emf,"icns to emf",TIER-2,enumerated (heuristic order),,,image,vector,cross-category,https://cloudconvert.com/image-converter
11403,icns,hwp,"icns to hwp",TIER-2,enumerated (heuristic order),,,image,document,cross-category,https://cloudconvert.com/image-converter
11404,icns,hwpx,"icns to hwpx",TIER-2,enumerated (heuristic order),,,image,document,cross-category,https://cloudconvert.com/image-converter
11405,icns,lwp,"icns to lwp",TIER-2,enumerated (heuristic order),,,image,document,cross-category,https://cloudconvert.com/image-converter
11406,icns,pot,"icns to pot",TIER-2,enumerated (heuristic order),,,image,presentation,cross-category,https://cloudconvert.com/image-converter
11407,icns,potx,"icns to potx",TIER-2,enumerated (heuristic order),,,image,presentation,cross-category,https://cloudconvert.com/image-converter
11408,icns,pps,"icns to pps",TIER-2,enumerated (heuristic order),,,image,presentation,cross-category,https://cloudconvert.com/image-converter
11409,icns,ppsx,"icns to ppsx",TIER-2,enumerated (heuristic order),,,image,presentation,cross-category,https://cloudconvert.com/image-converter
11410,icns,pptm,"icns to pptm",TIER-2,enumerated (heuristic order),,,image,presentation,cross-category,https://cloudconvert.com/image-converter
11411,icns,rst,"icns to rst",TIER-2,enumerated (heuristic order),,,image,document,cross-category,https://cloudconvert.com/image-converter
11412,icns,sda,"icns to sda",TIER-2,enumerated (heuristic order),,,image,presentation,cross-category,https://cloudconvert.com/image-converter
11413,icns,sdw,"icns to sdw",TIER-2,enumerated (heuristic order),,,image,document,cross-category,https://cloudconvert.com/image-converter
11414,icns,sk,"icns to sk",TIER-2,enumerated (heuristic order),,,image,vector,cross-category,https://cloudconvert.com/image-converter
11415,icns,sk1,"icns to sk1",TIER-2,enumerated (heuristic order),,,image,vector,cross-category,https://cloudconvert.com/image-converter
11416,icns,svgz,"icns to svgz",TIER-2,enumerated (heuristic order),,,image,vector,cross-category,https://cloudconvert.com/image-converter
11417,icns,tex,"icns to tex",TIER-2,enumerated (heuristic order),,,image,document,cross-category,https://cloudconvert.com/image-converter
11418,icns,vsd,"icns to vsd",TIER-2,enumerated (heuristic order),,,image,vector,cross-category,https://cloudconvert.com/image-converter
11419,icns,wmf,"icns to wmf",TIER-2,enumerated (heuristic order),,,image,vector,cross-category,https://cloudconvert.com/image-converter
11420,icns,wpd,"icns to wpd",TIER-2,enumerated (heuristic order),,,image,document,cross-category,https://cloudconvert.com/image-converter
11421,icns,wps,"icns to wps",TIER-2,enumerated (heuristic order),,,image,document,cross-category,https://cloudconvert.com/image-converter
11422,icns,zabw,"icns to zabw",TIER-2,enumerated (heuristic order),,,image,document,cross-category,https://cloudconvert.com/image-converter
11538,m2ts,3fr,"m2ts to 3fr",TIER-2,enumerated (heuristic order),,,video,image,cross-category,https://cloudconvert.com/mp4-converter
11539,m2ts,ac3,"m2ts to ac3",TIER-2,enumerated (heuristic order),,,video,audio,cross-category,https://cloudconvert.com/mp4-converter
11540,m2ts,amr,"m2ts to amr",TIER-2,enumerated (heuristic order),,,video,audio,cross-category,https://cloudconvert.com/mp4-converter
11541,m2ts,au,"m2ts to au",TIER-2,enumerated (heuristic order),,,video,audio,cross-category,https://cloudconvert.com/mp4-converter
11542,m2ts,caf,"m2ts to caf",TIER-2,enumerated (heuristic order),,,video,audio,cross-category,https://cloudconvert.com/mp4-converter
11543,m2ts,cr3,"m2ts to cr3",TIER-2,enumerated (heuristic order),,,video,image,cross-category,https://cloudconvert.com/mp4-converter
11544,m2ts,crw,"m2ts to crw",TIER-2,enumerated (heuristic order),,,video,image,cross-category,https://cloudconvert.com/mp4-converter
11545,m2ts,dcr,"m2ts to dcr",TIER-2,enumerated (heuristic order),,,video,image,cross-category,https://cloudconvert.com/mp4-converter
11546,m2ts,dss,"m2ts to dss",TIER-2,enumerated (heuristic order),,,video,audio,cross-category,https://cloudconvert.com/mp4-converter
11547,m2ts,erf,"m2ts to erf",TIER-2,enumerated (heuristic order),,,video,image,cross-category,https://cloudconvert.com/mp4-converter
11548,m2ts,icns,"m2ts to icns",TIER-2,enumerated (heuristic order),,,video,image,cross-category,https://cloudconvert.com/mp4-converter
11549,m2ts,m4b,"m2ts to m4b",TIER-2,enumerated (heuristic order),,,video,audio,cross-category,https://cloudconvert.com/mp4-converter
11550,m2ts,mos,"m2ts to mos",TIER-2,enumerated (heuristic order),,,video,image,cross-category,https://cloudconvert.com/mp4-converter
11551,m2ts,mrw,"m2ts to mrw",TIER-2,enumerated (heuristic order),,,video,image,cross-category,https://cloudconvert.com/mp4-converter
11552,m2ts,odd,"m2ts to odd",TIER-2,enumerated (heuristic order),,,video,image,cross-category,https://cloudconvert.com/mp4-converter
11553,m2ts,odg,"m2ts to odg",TIER-2,enumerated (heuristic order),,,video,image,cross-category,https://cloudconvert.com/mp4-converter
11554,m2ts,orf,"m2ts to orf",TIER-2,enumerated (heuristic order),,,video,image,cross-category,https://cloudconvert.com/mp4-converter
11555,m2ts,pef,"m2ts to pef",TIER-2,enumerated (heuristic order),,,video,image,cross-category,https://cloudconvert.com/mp4-converter
11556,m2ts,ppm,"m2ts to ppm",TIER-2,enumerated (heuristic order),,,video,image,cross-category,https://cloudconvert.com/mp4-converter
11557,m2ts,ps,"m2ts to ps",TIER-2,enumerated (heuristic order),,,video,image,cross-category,https://cloudconvert.com/mp4-converter
11558,m2ts,psb,"m2ts to psb",TIER-2,enumerated (heuristic order),,,video,image,cross-category,https://cloudconvert.com/mp4-converter
11559,m2ts,pub,"m2ts to pub",TIER-2,enumerated (heuristic order),,,video,image,cross-category,https://cloudconvert.com/mp4-converter
11560,m2ts,raf,"m2ts to raf",TIER-2,enumerated (heuristic order),,,video,image,cross-category,https://cloudconvert.com/mp4-converter
11561,m2ts,rw2,"m2ts to rw2",TIER-2,enumerated (heuristic order),,,video,image,cross-category,https://cloudconvert.com/mp4-converter
11562,m2ts,sf2,"m2ts to sf2",TIER-2,enumerated (heuristic order),,,video,audio,cross-category,https://cloudconvert.com/mp4-converter
11563,m2ts,sfark,"m2ts to sfark",TIER-2,enumerated (heuristic order),,,video,audio,cross-category,https://cloudconvert.com/mp4-converter
11564,m2ts,tga,"m2ts to tga",TIER-2,enumerated (heuristic order),,,video,image,cross-category,https://cloudconvert.com/mp4-converter
11565,m2ts,voc,"m2ts to voc",TIER-2,enumerated (heuristic order),,,video,audio,cross-category,https://cloudconvert.com/mp4-converter
11566,m2ts,weba,"m2ts to weba",TIER-2,enumerated (heuristic order),,,video,audio,cross-category,https://cloudconvert.com/mp4-converter
11567,m2ts,x3f,"m2ts to x3f",TIER-2,enumerated (heuristic order),,,video,image,cross-category,https://cloudconvert.com/mp4-converter
11568,m2ts,xcf,"m2ts to xcf",TIER-2,enumerated (heuristic order),,,video,image,cross-category,https://cloudconvert.com/mp4-converter
11569,m2ts,xps,"m2ts to xps",TIER-2,enumerated (heuristic order),,,video,image,cross-category,https://cloudconvert.com/mp4-converter
11570,m4b,3g2,"m4b to 3g2",TIER-2,enumerated (heuristic order),,,audio,video,cross-category,https://cloudconvert.com/audio-converter
11571,m4b,3gpp,"m4b to 3gpp",TIER-2,enumerated (heuristic order),,,audio,video,cross-category,https://cloudconvert.com/audio-converter
11572,m4b,cavs,"m4b to cavs",TIER-2,enumerated (heuristic order),,,audio,video,cross-category,https://cloudconvert.com/audio-converter
11573,m4b,dv,"m4b to dv",TIER-2,enumerated (heuristic order),,,audio,video,cross-category,https://cloudconvert.com/audio-converter
11574,m4b,dvr,"m4b to dvr",TIER-2,enumerated (heuristic order),,,audio,video,cross-category,https://cloudconvert.com/audio-converter
11575,m4b,m2ts,"m4b to m2ts",TIER-2,enumerated (heuristic order),,,audio,video,cross-category,https://cloudconvert.com/audio-converter
11576,m4b,mod,"m4b to mod",TIER-2,enumerated (heuristic order),,,audio,video,cross-category,https://cloudconvert.com/audio-converter
11577,m4b,mts,"m4b to mts",TIER-2,enumerated (heuristic order),,,audio,video,cross-category,https://cloudconvert.com/audio-converter
11578,m4b,mxf,"m4b to mxf",TIER-2,enumerated (heuristic order),,,audio,video,cross-category,https://cloudconvert.com/audio-converter
11579,m4b,ogv,"m4b to ogv",TIER-2,enumerated (heuristic order),,,audio,video,cross-category,https://cloudconvert.com/audio-converter
11580,m4b,rm,"m4b to rm",TIER-2,enumerated (heuristic order),,,audio,video,cross-category,https://cloudconvert.com/audio-converter
11581,m4b,rmvb,"m4b to rmvb",TIER-2,enumerated (heuristic order),,,audio,video,cross-category,https://cloudconvert.com/audio-converter
11582,m4b,swf,"m4b to swf",TIER-2,enumerated (heuristic order),,,audio,video,cross-category,https://cloudconvert.com/audio-converter
11583,m4b,vob,"m4b to vob",TIER-2,enumerated (heuristic order),,,audio,video,cross-category,https://cloudconvert.com/audio-converter
11584,m4b,wtv,"m4b to wtv",TIER-2,enumerated (heuristic order),,,audio,video,cross-category,https://cloudconvert.com/audio-converter
11585,mod,3fr,"mod to 3fr",TIER-2,enumerated (heuristic order),,,video,image,cross-category,https://cloudconvert.com/mp4-converter
11586,mod,ac3,"mod to ac3",TIER-2,enumerated (heuristic order),,,video,audio,cross-category,https://cloudconvert.com/mp4-converter
11587,mod,amr,"mod to amr",TIER-2,enumerated (heuristic order),,,video,audio,cross-category,https://cloudconvert.com/mp4-converter
11588,mod,au,"mod to au",TIER-2,enumerated (heuristic order),,,video,audio,cross-category,https://cloudconvert.com/mp4-converter
11589,mod,caf,"mod to caf",TIER-2,enumerated (heuristic order),,,video,audio,cross-category,https://cloudconvert.com/mp4-converter
11590,mod,cr3,"mod to cr3",TIER-2,enumerated (heuristic order),,,video,image,cross-category,https://cloudconvert.com/mp4-converter
11591,mod,crw,"mod to crw",TIER-2,enumerated (heuristic order),,,video,image,cross-category,https://cloudconvert.com/mp4-converter
11592,mod,dcr,"mod to dcr",TIER-2,enumerated (heuristic order),,,video,image,cross-category,https://cloudconvert.com/mp4-converter
11593,mod,dss,"mod to dss",TIER-2,enumerated (heuristic order),,,video,audio,cross-category,https://cloudconvert.com/mp4-converter
11594,mod,erf,"mod to erf",TIER-2,enumerated (heuristic order),,,video,image,cross-category,https://cloudconvert.com/mp4-converter
11595,mod,icns,"mod to icns",TIER-2,enumerated (heuristic order),,,video,image,cross-category,https://cloudconvert.com/mp4-converter
11596,mod,m4b,"mod to m4b",TIER-2,enumerated (heuristic order),,,video,audio,cross-category,https://cloudconvert.com/mp4-converter
11597,mod,mos,"mod to mos",TIER-2,enumerated (heuristic order),,,video,image,cross-category,https://cloudconvert.com/mp4-converter
11598,mod,mrw,"mod to mrw",TIER-2,enumerated (heuristic order),,,video,image,cross-category,https://cloudconvert.com/mp4-converter
11599,mod,odd,"mod to odd",TIER-2,enumerated (heuristic order),,,video,image,cross-category,https://cloudconvert.com/mp4-converter
11600,mod,odg,"mod to odg",TIER-2,enumerated (heuristic order),,,video,image,cross-category,https://cloudconvert.com/mp4-converter
11601,mod,orf,"mod to orf",TIER-2,enumerated (heuristic order),,,video,image,cross-category,https://cloudconvert.com/mp4-converter
11602,mod,pef,"mod to pef",TIER-2,enumerated (heuristic order),,,video,image,cross-category,https://cloudconvert.com/mp4-converter
11603,mod,ppm,"mod to ppm",TIER-2,enumerated (heuristic order),,,video,image,cross-category,https://cloudconvert.com/mp4-converter
11604,mod,ps,"mod to ps",TIER-2,enumerated (heuristic order),,,video,image,cross-category,https://cloudconvert.com/mp4-converter
11605,mod,psb,"mod to psb",TIER-2,enumerated (heuristic order),,,video,image,cross-category,https://cloudconvert.com/mp4-converter
11606,mod,pub,"mod to pub",TIER-2,enumerated (heuristic order),,,video,image,cross-category,https://cloudconvert.com/mp4-converter
11607,mod,raf,"mod to raf",TIER-2,enumerated (heuristic order),,,video,image,cross-category,https://cloudconvert.com/mp4-converter
11608,mod,rw2,"mod to rw2",TIER-2,enumerated (heuristic order),,,video,image,cross-category,https://cloudconvert.com/mp4-converter
11609,mod,sf2,"mod to sf2",TIER-2,enumerated (heuristic order),,,video,audio,cross-category,https://cloudconvert.com/mp4-converter
11610,mod,sfark,"mod to sfark",TIER-2,enumerated (heuristic order),,,video,audio,cross-category,https://cloudconvert.com/mp4-converter
11611,mod,tga,"mod to tga",TIER-2,enumerated (heuristic order),,,video,image,cross-category,https://cloudconvert.com/mp4-converter
11612,mod,voc,"mod to voc",TIER-2,enumerated (heuristic order),,,video,audio,cross-category,https://cloudconvert.com/mp4-converter
11613,mod,weba,"mod to weba",TIER-2,enumerated (heuristic order),,,video,audio,cross-category,https://cloudconvert.com/mp4-converter
11614,mod,x3f,"mod to x3f",TIER-2,enumerated (heuristic order),,,video,image,cross-category,https://cloudconvert.com/mp4-converter
11615,mod,xcf,"mod to xcf",TIER-2,enumerated (heuristic order),,,video,image,cross-category,https://cloudconvert.com/mp4-converter
11616,mod,xps,"mod to xps",TIER-2,enumerated (heuristic order),,,video,image,cross-category,https://cloudconvert.com/mp4-converter
11617,mos,abw,"mos to abw",TIER-2,enumerated (heuristic order),,,image,document,cross-category,https://cloudconvert.com/image-converter
11618,mos,cgm,"mos to cgm",TIER-2,enumerated (heuristic order),,,image,vector,cross-category,https://cloudconvert.com/image-converter
11619,mos,djvu,"mos to djvu",TIER-2,enumerated (heuristic order),,,image,document,cross-category,https://cloudconvert.com/image-converter
11620,mos,docm,"mos to docm",TIER-2,enumerated (heuristic order),,,image,document,cross-category,https://cloudconvert.com/image-converter
11621,mos,dot,"mos to dot",TIER-2,enumerated (heuristic order),,,image,document,cross-category,https://cloudconvert.com/image-converter
11622,mos,dotx,"mos to dotx",TIER-2,enumerated (heuristic order),,,image,document,cross-category,https://cloudconvert.com/image-converter
11623,mos,dps,"mos to dps",TIER-2,enumerated (heuristic order),,,image,presentation,cross-category,https://cloudconvert.com/image-converter
11624,mos,emf,"mos to emf",TIER-2,enumerated (heuristic order),,,image,vector,cross-category,https://cloudconvert.com/image-converter
11625,mos,hwp,"mos to hwp",TIER-2,enumerated (heuristic order),,,image,document,cross-category,https://cloudconvert.com/image-converter
11626,mos,hwpx,"mos to hwpx",TIER-2,enumerated (heuristic order),,,image,document,cross-category,https://cloudconvert.com/image-converter
11627,mos,lwp,"mos to lwp",TIER-2,enumerated (heuristic order),,,image,document,cross-category,https://cloudconvert.com/image-converter
11628,mos,pot,"mos to pot",TIER-2,enumerated (heuristic order),,,image,presentation,cross-category,https://cloudconvert.com/image-converter
11629,mos,potx,"mos to potx",TIER-2,enumerated (heuristic order),,,image,presentation,cross-category,https://cloudconvert.com/image-converter
11630,mos,pps,"mos to pps",TIER-2,enumerated (heuristic order),,,image,presentation,cross-category,https://cloudconvert.com/image-converter
11631,mos,ppsx,"mos to ppsx",TIER-2,enumerated (heuristic order),,,image,presentation,cross-category,https://cloudconvert.com/image-converter
11632,mos,pptm,"mos to pptm",TIER-2,enumerated (heuristic order),,,image,presentation,cross-category,https://cloudconvert.com/image-converter
11633,mos,rst,"mos to rst",TIER-2,enumerated (heuristic order),,,image,document,cross-category,https://cloudconvert.com/image-converter
11634,mos,sda,"mos to sda",TIER-2,enumerated (heuristic order),,,image,presentation,cross-category,https://cloudconvert.com/image-converter
11635,mos,sdw,"mos to sdw",TIER-2,enumerated (heuristic order),,,image,document,cross-category,https://cloudconvert.com/image-converter
11636,mos,sk,"mos to sk",TIER-2,enumerated (heuristic order),,,image,vector,cross-category,https://cloudconvert.com/image-converter
11637,mos,sk1,"mos to sk1",TIER-2,enumerated (heuristic order),,,image,vector,cross-category,https://cloudconvert.com/image-converter
11638,mos,svgz,"mos to svgz",TIER-2,enumerated (heuristic order),,,image,vector,cross-category,https://cloudconvert.com/image-converter
11639,mos,tex,"mos to tex",TIER-2,enumerated (heuristic order),,,image,document,cross-category,https://cloudconvert.com/image-converter
11640,mos,vsd,"mos to vsd",TIER-2,enumerated (heuristic order),,,image,vector,cross-category,https://cloudconvert.com/image-converter
11641,mos,wmf,"mos to wmf",TIER-2,enumerated (heuristic order),,,image,vector,cross-category,https://cloudconvert.com/image-converter
11642,mos,wpd,"mos to wpd",TIER-2,enumerated (heuristic order),,,image,document,cross-category,https://cloudconvert.com/image-converter
11643,mos,wps,"mos to wps",TIER-2,enumerated (heuristic order),,,image,document,cross-category,https://cloudconvert.com/image-converter
11644,mos,zabw,"mos to zabw",TIER-2,enumerated (heuristic order),,,image,document,cross-category,https://cloudconvert.com/image-converter
11645,mrw,abw,"mrw to abw",TIER-2,enumerated (heuristic order),,,image,document,cross-category,https://cloudconvert.com/image-converter
11646,mrw,cgm,"mrw to cgm",TIER-2,enumerated (heuristic order),,,image,vector,cross-category,https://cloudconvert.com/image-converter
11647,mrw,djvu,"mrw to djvu",TIER-2,enumerated (heuristic order),,,image,document,cross-category,https://cloudconvert.com/image-converter
11648,mrw,docm,"mrw to docm",TIER-2,enumerated (heuristic order),,,image,document,cross-category,https://cloudconvert.com/image-converter
11649,mrw,dot,"mrw to dot",TIER-2,enumerated (heuristic order),,,image,document,cross-category,https://cloudconvert.com/image-converter
11650,mrw,dotx,"mrw to dotx",TIER-2,enumerated (heuristic order),,,image,document,cross-category,https://cloudconvert.com/image-converter
11651,mrw,dps,"mrw to dps",TIER-2,enumerated (heuristic order),,,image,presentation,cross-category,https://cloudconvert.com/image-converter
11652,mrw,emf,"mrw to emf",TIER-2,enumerated (heuristic order),,,image,vector,cross-category,https://cloudconvert.com/image-converter
11653,mrw,hwp,"mrw to hwp",TIER-2,enumerated (heuristic order),,,image,document,cross-category,https://cloudconvert.com/image-converter
11654,mrw,hwpx,"mrw to hwpx",TIER-2,enumerated (heuristic order),,,image,document,cross-category,https://cloudconvert.com/image-converter
11655,mrw,lwp,"mrw to lwp",TIER-2,enumerated (heuristic order),,,image,document,cross-category,https://cloudconvert.com/image-converter
11656,mrw,pot,"mrw to pot",TIER-2,enumerated (heuristic order),,,image,presentation,cross-category,https://cloudconvert.com/image-converter
11657,mrw,potx,"mrw to potx",TIER-2,enumerated (heuristic order),,,image,presentation,cross-category,https://cloudconvert.com/image-converter
11658,mrw,pps,"mrw to pps",TIER-2,enumerated (heuristic order),,,image,presentation,cross-category,https://cloudconvert.com/image-converter
11659,mrw,ppsx,"mrw to ppsx",TIER-2,enumerated (heuristic order),,,image,presentation,cross-category,https://cloudconvert.com/image-converter
11660,mrw,pptm,"mrw to pptm",TIER-2,enumerated (heuristic order),,,image,presentation,cross-category,https://cloudconvert.com/image-converter
11661,mrw,rst,"mrw to rst",TIER-2,enumerated (heuristic order),,,image,document,cross-category,https://cloudconvert.com/image-converter
11662,mrw,sda,"mrw to sda",TIER-2,enumerated (heuristic order),,,image,presentation,cross-category,https://cloudconvert.com/image-converter
11663,mrw,sdw,"mrw to sdw",TIER-2,enumerated (heuristic order),,,image,document,cross-category,https://cloudconvert.com/image-converter
11664,mrw,sk,"mrw to sk",TIER-2,enumerated (heuristic order),,,image,vector,cross-category,https://cloudconvert.com/image-converter
11665,mrw,sk1,"mrw to sk1",TIER-2,enumerated (heuristic order),,,image,vector,cross-category,https://cloudconvert.com/image-converter
11666,mrw,svgz,"mrw to svgz",TIER-2,enumerated (heuristic order),,,image,vector,cross-category,https://cloudconvert.com/image-converter
11667,mrw,tex,"mrw to tex",TIER-2,enumerated (heuristic order),,,image,document,cross-category,https://cloudconvert.com/image-converter
11668,mrw,vsd,"mrw to vsd",TIER-2,enumerated (heuristic order),,,image,vector,cross-category,https://cloudconvert.com/image-converter
11669,mrw,wmf,"mrw to wmf",TIER-2,enumerated (heuristic order),,,image,vector,cross-category,https://cloudconvert.com/image-converter
11670,mrw,wpd,"mrw to wpd",TIER-2,enumerated (heuristic order),,,image,document,cross-category,https://cloudconvert.com/image-converter
11671,mrw,wps,"mrw to wps",TIER-2,enumerated (heuristic order),,,image,document,cross-category,https://cloudconvert.com/image-converter
11672,mrw,zabw,"mrw to zabw",TIER-2,enumerated (heuristic order),,,image,document,cross-category,https://cloudconvert.com/image-converter
11673,mts,3fr,"mts to 3fr",TIER-2,enumerated (heuristic order),,,video,image,cross-category,https://cloudconvert.com/mp4-converter
11674,mts,ac3,"mts to ac3",TIER-2,enumerated (heuristic order),,,video,audio,cross-category,https://cloudconvert.com/mp4-converter
11675,mts,amr,"mts to amr",TIER-2,enumerated (heuristic order),,,video,audio,cross-category,https://cloudconvert.com/mp4-converter
11676,mts,au,"mts to au",TIER-2,enumerated (heuristic order),,,video,audio,cross-category,https://cloudconvert.com/mp4-converter
11677,mts,caf,"mts to caf",TIER-2,enumerated (heuristic order),,,video,audio,cross-category,https://cloudconvert.com/mp4-converter
11678,mts,cr3,"mts to cr3",TIER-2,enumerated (heuristic order),,,video,image,cross-category,https://cloudconvert.com/mp4-converter
11679,mts,crw,"mts to crw",TIER-2,enumerated (heuristic order),,,video,image,cross-category,https://cloudconvert.com/mp4-converter
11680,mts,dcr,"mts to dcr",TIER-2,enumerated (heuristic order),,,video,image,cross-category,https://cloudconvert.com/mp4-converter
11681,mts,dss,"mts to dss",TIER-2,enumerated (heuristic order),,,video,audio,cross-category,https://cloudconvert.com/mp4-converter
11682,mts,erf,"mts to erf",TIER-2,enumerated (heuristic order),,,video,image,cross-category,https://cloudconvert.com/mp4-converter
11683,mts,icns,"mts to icns",TIER-2,enumerated (heuristic order),,,video,image,cross-category,https://cloudconvert.com/mp4-converter
11684,mts,m4b,"mts to m4b",TIER-2,enumerated (heuristic order),,,video,audio,cross-category,https://cloudconvert.com/mp4-converter
11685,mts,mos,"mts to mos",TIER-2,enumerated (heuristic order),,,video,image,cross-category,https://cloudconvert.com/mp4-converter
11686,mts,mrw,"mts to mrw",TIER-2,enumerated (heuristic order),,,video,image,cross-category,https://cloudconvert.com/mp4-converter
11687,mts,odd,"mts to odd",TIER-2,enumerated (heuristic order),,,video,image,cross-category,https://cloudconvert.com/mp4-converter
11688,mts,odg,"mts to odg",TIER-2,enumerated (heuristic order),,,video,image,cross-category,https://cloudconvert.com/mp4-converter
11689,mts,orf,"mts to orf",TIER-2,enumerated (heuristic order),,,video,image,cross-category,https://cloudconvert.com/mp4-converter
11690,mts,pef,"mts to pef",TIER-2,enumerated (heuristic order),,,video,image,cross-category,https://cloudconvert.com/mp4-converter
11691,mts,ppm,"mts to ppm",TIER-2,enumerated (heuristic order),,,video,image,cross-category,https://cloudconvert.com/mp4-converter
11692,mts,ps,"mts to ps",TIER-2,enumerated (heuristic order),,,video,image,cross-category,https://cloudconvert.com/mp4-converter
11693,mts,psb,"mts to psb",TIER-2,enumerated (heuristic order),,,video,image,cross-category,https://cloudconvert.com/mp4-converter
11694,mts,pub,"mts to pub",TIER-2,enumerated (heuristic order),,,video,image,cross-category,https://cloudconvert.com/mp4-converter
11695,mts,raf,"mts to raf",TIER-2,enumerated (heuristic order),,,video,image,cross-category,https://cloudconvert.com/mp4-converter
11696,mts,rw2,"mts to rw2",TIER-2,enumerated (heuristic order),,,video,image,cross-category,https://cloudconvert.com/mp4-converter
11697,mts,sf2,"mts to sf2",TIER-2,enumerated (heuristic order),,,video,audio,cross-category,https://cloudconvert.com/mp4-converter
11698,mts,sfark,"mts to sfark",TIER-2,enumerated (heuristic order),,,video,audio,cross-category,https://cloudconvert.com/mp4-converter
11699,mts,tga,"mts to tga",TIER-2,enumerated (heuristic order),,,video,image,cross-category,https://cloudconvert.com/mp4-converter
11700,mts,voc,"mts to voc",TIER-2,enumerated (heuristic order),,,video,audio,cross-category,https://cloudconvert.com/mp4-converter
11701,mts,weba,"mts to weba",TIER-2,enumerated (heuristic order),,,video,audio,cross-category,https://cloudconvert.com/mp4-converter
11702,mts,x3f,"mts to x3f",TIER-2,enumerated (heuristic order),,,video,image,cross-category,https://cloudconvert.com/mp4-converter
11703,mts,xcf,"mts to xcf",TIER-2,enumerated (heuristic order),,,video,image,cross-category,https://cloudconvert.com/mp4-converter
11704,mts,xps,"mts to xps",TIER-2,enumerated (heuristic order),,,video,image,cross-category,https://cloudconvert.com/mp4-converter
11705,mxf,3fr,"mxf to 3fr",TIER-2,enumerated (heuristic order),,,video,image,cross-category,https://cloudconvert.com/mp4-converter
11706,mxf,ac3,"mxf to ac3",TIER-2,enumerated (heuristic order),,,video,audio,cross-category,https://cloudconvert.com/mp4-converter
11707,mxf,amr,"mxf to amr",TIER-2,enumerated (heuristic order),,,video,audio,cross-category,https://cloudconvert.com/mp4-converter
11708,mxf,au,"mxf to au",TIER-2,enumerated (heuristic order),,,video,audio,cross-category,https://cloudconvert.com/mp4-converter
11709,mxf,caf,"mxf to caf",TIER-2,enumerated (heuristic order),,,video,audio,cross-category,https://cloudconvert.com/mp4-converter
11710,mxf,cr3,"mxf to cr3",TIER-2,enumerated (heuristic order),,,video,image,cross-category,https://cloudconvert.com/mp4-converter
11711,mxf,crw,"mxf to crw",TIER-2,enumerated (heuristic order),,,video,image,cross-category,https://cloudconvert.com/mp4-converter
11712,mxf,dcr,"mxf to dcr",TIER-2,enumerated (heuristic order),,,video,image,cross-category,https://cloudconvert.com/mp4-converter
11713,mxf,dss,"mxf to dss",TIER-2,enumerated (heuristic order),,,video,audio,cross-category,https://cloudconvert.com/mp4-converter
11714,mxf,erf,"mxf to erf",TIER-2,enumerated (heuristic order),,,video,image,cross-category,https://cloudconvert.com/mp4-converter
11715,mxf,icns,"mxf to icns",TIER-2,enumerated (heuristic order),,,video,image,cross-category,https://cloudconvert.com/mp4-converter
11716,mxf,m4b,"mxf to m4b",TIER-2,enumerated (heuristic order),,,video,audio,cross-category,https://cloudconvert.com/mp4-converter
11717,mxf,mos,"mxf to mos",TIER-2,enumerated (heuristic order),,,video,image,cross-category,https://cloudconvert.com/mp4-converter
11718,mxf,mrw,"mxf to mrw",TIER-2,enumerated (heuristic order),,,video,image,cross-category,https://cloudconvert.com/mp4-converter
11719,mxf,odd,"mxf to odd",TIER-2,enumerated (heuristic order),,,video,image,cross-category,https://cloudconvert.com/mp4-converter
11720,mxf,odg,"mxf to odg",TIER-2,enumerated (heuristic order),,,video,image,cross-category,https://cloudconvert.com/mp4-converter
11721,mxf,orf,"mxf to orf",TIER-2,enumerated (heuristic order),,,video,image,cross-category,https://cloudconvert.com/mp4-converter
11722,mxf,pef,"mxf to pef",TIER-2,enumerated (heuristic order),,,video,image,cross-category,https://cloudconvert.com/mp4-converter
11723,mxf,ppm,"mxf to ppm",TIER-2,enumerated (heuristic order),,,video,image,cross-category,https://cloudconvert.com/mp4-converter
11724,mxf,ps,"mxf to ps",TIER-2,enumerated (heuristic order),,,video,image,cross-category,https://cloudconvert.com/mp4-converter
11725,mxf,psb,"mxf to psb",TIER-2,enumerated (heuristic order),,,video,image,cross-category,https://cloudconvert.com/mp4-converter
11726,mxf,pub,"mxf to pub",TIER-2,enumerated (heuristic order),,,video,image,cross-category,https://cloudconvert.com/mp4-converter
11727,mxf,raf,"mxf to raf",TIER-2,enumerated (heuristic order),,,video,image,cross-category,https://cloudconvert.com/mp4-converter
11728,mxf,rw2,"mxf to rw2",TIER-2,enumerated (heuristic order),,,video,image,cross-category,https://cloudconvert.com/mp4-converter
11729,mxf,sf2,"mxf to sf2",TIER-2,enumerated (heuristic order),,,video,audio,cross-category,https://cloudconvert.com/mp4-converter
11730,mxf,sfark,"mxf to sfark",TIER-2,enumerated (heuristic order),,,video,audio,cross-category,https://cloudconvert.com/mp4-converter
11731,mxf,tga,"mxf to tga",TIER-2,enumerated (heuristic order),,,video,image,cross-category,https://cloudconvert.com/mp4-converter
11732,mxf,voc,"mxf to voc",TIER-2,enumerated (heuristic order),,,video,audio,cross-category,https://cloudconvert.com/mp4-converter
11733,mxf,weba,"mxf to weba",TIER-2,enumerated (heuristic order),,,video,audio,cross-category,https://cloudconvert.com/mp4-converter
11734,mxf,x3f,"mxf to x3f",TIER-2,enumerated (heuristic order),,,video,image,cross-category,https://cloudconvert.com/mp4-converter
11735,mxf,xcf,"mxf to xcf",TIER-2,enumerated (heuristic order),,,video,image,cross-category,https://cloudconvert.com/mp4-converter
11736,mxf,xps,"mxf to xps",TIER-2,enumerated (heuristic order),,,video,image,cross-category,https://cloudconvert.com/mp4-converter
11737,odd,abw,"odd to abw",TIER-2,enumerated (heuristic order),,,image,document,cross-category,https://cloudconvert.com/image-converter
11738,odd,cgm,"odd to cgm",TIER-2,enumerated (heuristic order),,,image,vector,cross-category,https://cloudconvert.com/image-converter
11739,odd,djvu,"odd to djvu",TIER-2,enumerated (heuristic order),,,image,document,cross-category,https://cloudconvert.com/image-converter
11740,odd,docm,"odd to docm",TIER-2,enumerated (heuristic order),,,image,document,cross-category,https://cloudconvert.com/image-converter
11741,odd,dot,"odd to dot",TIER-2,enumerated (heuristic order),,,image,document,cross-category,https://cloudconvert.com/image-converter
11742,odd,dotx,"odd to dotx",TIER-2,enumerated (heuristic order),,,image,document,cross-category,https://cloudconvert.com/image-converter
11743,odd,dps,"odd to dps",TIER-2,enumerated (heuristic order),,,image,presentation,cross-category,https://cloudconvert.com/image-converter
11744,odd,emf,"odd to emf",TIER-2,enumerated (heuristic order),,,image,vector,cross-category,https://cloudconvert.com/image-converter
11745,odd,hwp,"odd to hwp",TIER-2,enumerated (heuristic order),,,image,document,cross-category,https://cloudconvert.com/image-converter
11746,odd,hwpx,"odd to hwpx",TIER-2,enumerated (heuristic order),,,image,document,cross-category,https://cloudconvert.com/image-converter
11747,odd,lwp,"odd to lwp",TIER-2,enumerated (heuristic order),,,image,document,cross-category,https://cloudconvert.com/image-converter
11748,odd,pot,"odd to pot",TIER-2,enumerated (heuristic order),,,image,presentation,cross-category,https://cloudconvert.com/image-converter
11749,odd,potx,"odd to potx",TIER-2,enumerated (heuristic order),,,image,presentation,cross-category,https://cloudconvert.com/image-converter
11750,odd,pps,"odd to pps",TIER-2,enumerated (heuristic order),,,image,presentation,cross-category,https://cloudconvert.com/image-converter
11751,odd,ppsx,"odd to ppsx",TIER-2,enumerated (heuristic order),,,image,presentation,cross-category,https://cloudconvert.com/image-converter
11752,odd,pptm,"odd to pptm",TIER-2,enumerated (heuristic order),,,image,presentation,cross-category,https://cloudconvert.com/image-converter
11753,odd,rst,"odd to rst",TIER-2,enumerated (heuristic order),,,image,document,cross-category,https://cloudconvert.com/image-converter
11754,odd,sda,"odd to sda",TIER-2,enumerated (heuristic order),,,image,presentation,cross-category,https://cloudconvert.com/image-converter
11755,odd,sdw,"odd to sdw",TIER-2,enumerated (heuristic order),,,image,document,cross-category,https://cloudconvert.com/image-converter
11756,odd,sk,"odd to sk",TIER-2,enumerated (heuristic order),,,image,vector,cross-category,https://cloudconvert.com/image-converter
11757,odd,sk1,"odd to sk1",TIER-2,enumerated (heuristic order),,,image,vector,cross-category,https://cloudconvert.com/image-converter
11758,odd,svgz,"odd to svgz",TIER-2,enumerated (heuristic order),,,image,vector,cross-category,https://cloudconvert.com/image-converter
11759,odd,tex,"odd to tex",TIER-2,enumerated (heuristic order),,,image,document,cross-category,https://cloudconvert.com/image-converter
11760,odd,vsd,"odd to vsd",TIER-2,enumerated (heuristic order),,,image,vector,cross-category,https://cloudconvert.com/image-converter
11761,odd,wmf,"odd to wmf",TIER-2,enumerated (heuristic order),,,image,vector,cross-category,https://cloudconvert.com/image-converter
11762,odd,wpd,"odd to wpd",TIER-2,enumerated (heuristic order),,,image,document,cross-category,https://cloudconvert.com/image-converter
11763,odd,wps,"odd to wps",TIER-2,enumerated (heuristic order),,,image,document,cross-category,https://cloudconvert.com/image-converter
11764,odd,zabw,"odd to zabw",TIER-2,enumerated (heuristic order),,,image,document,cross-category,https://cloudconvert.com/image-converter
11765,odg,abw,"odg to abw",TIER-2,enumerated (heuristic order),,,image,document,cross-category,https://cloudconvert.com/image-converter
11766,odg,cgm,"odg to cgm",TIER-2,enumerated (heuristic order),,,image,vector,cross-category,https://cloudconvert.com/image-converter
11767,odg,djvu,"odg to djvu",TIER-2,enumerated (heuristic order),,,image,document,cross-category,https://cloudconvert.com/image-converter
11768,odg,docm,"odg to docm",TIER-2,enumerated (heuristic order),,,image,document,cross-category,https://cloudconvert.com/image-converter
11769,odg,dot,"odg to dot",TIER-2,enumerated (heuristic order),,,image,document,cross-category,https://cloudconvert.com/image-converter
11770,odg,dotx,"odg to dotx",TIER-2,enumerated (heuristic order),,,image,document,cross-category,https://cloudconvert.com/image-converter
11771,odg,dps,"odg to dps",TIER-2,enumerated (heuristic order),,,image,presentation,cross-category,https://cloudconvert.com/image-converter
11772,odg,emf,"odg to emf",TIER-2,enumerated (heuristic order),,,image,vector,cross-category,https://cloudconvert.com/image-converter
11773,odg,hwp,"odg to hwp",TIER-2,enumerated (heuristic order),,,image,document,cross-category,https://cloudconvert.com/image-converter
11774,odg,hwpx,"odg to hwpx",TIER-2,enumerated (heuristic order),,,image,document,cross-category,https://cloudconvert.com/image-converter
11775,odg,lwp,"odg to lwp",TIER-2,enumerated (heuristic order),,,image,document,cross-category,https://cloudconvert.com/image-converter
11776,odg,pot,"odg to pot",TIER-2,enumerated (heuristic order),,,image,presentation,cross-category,https://cloudconvert.com/image-converter
11777,odg,potx,"odg to potx",TIER-2,enumerated (heuristic order),,,image,presentation,cross-category,https://cloudconvert.com/image-converter
11778,odg,pps,"odg to pps",TIER-2,enumerated (heuristic order),,,image,presentation,cross-category,https://cloudconvert.com/image-converter
11779,odg,ppsx,"odg to ppsx",TIER-2,enumerated (heuristic order),,,image,presentation,cross-category,https://cloudconvert.com/image-converter
11780,odg,pptm,"odg to pptm",TIER-2,enumerated (heuristic order),,,image,presentation,cross-category,https://cloudconvert.com/image-converter
11781,odg,rst,"odg to rst",TIER-2,enumerated (heuristic order),,,image,document,cross-category,https://cloudconvert.com/image-converter
11782,odg,sda,"odg to sda",TIER-2,enumerated (heuristic order),,,image,presentation,cross-category,https://cloudconvert.com/image-converter
11783,odg,sdw,"odg to sdw",TIER-2,enumerated (heuristic order),,,image,document,cross-category,https://cloudconvert.com/image-converter
11784,odg,sk,"odg to sk",TIER-2,enumerated (heuristic order),,,image,vector,cross-category,https://cloudconvert.com/image-converter
11785,odg,sk1,"odg to sk1",TIER-2,enumerated (heuristic order),,,image,vector,cross-category,https://cloudconvert.com/image-converter
11786,odg,svgz,"odg to svgz",TIER-2,enumerated (heuristic order),,,image,vector,cross-category,https://cloudconvert.com/image-converter
11787,odg,tex,"odg to tex",TIER-2,enumerated (heuristic order),,,image,document,cross-category,https://cloudconvert.com/image-converter
11788,odg,vsd,"odg to vsd",TIER-2,enumerated (heuristic order),,,image,vector,cross-category,https://cloudconvert.com/image-converter
11789,odg,wmf,"odg to wmf",TIER-2,enumerated (heuristic order),,,image,vector,cross-category,https://cloudconvert.com/image-converter
11790,odg,wpd,"odg to wpd",TIER-2,enumerated (heuristic order),,,image,document,cross-category,https://cloudconvert.com/image-converter
11791,odg,wps,"odg to wps",TIER-2,enumerated (heuristic order),,,image,document,cross-category,https://cloudconvert.com/image-converter
11792,odg,zabw,"odg to zabw",TIER-2,enumerated (heuristic order),,,image,document,cross-category,https://cloudconvert.com/image-converter
11829,ogv,3fr,"ogv to 3fr",TIER-2,enumerated (heuristic order),,,video,image,cross-category,https://cloudconvert.com/mp4-converter
11830,ogv,ac3,"ogv to ac3",TIER-2,enumerated (heuristic order),,,video,audio,cross-category,https://cloudconvert.com/mp4-converter
11831,ogv,amr,"ogv to amr",TIER-2,enumerated (heuristic order),,,video,audio,cross-category,https://cloudconvert.com/mp4-converter
11832,ogv,au,"ogv to au",TIER-2,enumerated (heuristic order),,,video,audio,cross-category,https://cloudconvert.com/mp4-converter
11833,ogv,caf,"ogv to caf",TIER-2,enumerated (heuristic order),,,video,audio,cross-category,https://cloudconvert.com/mp4-converter
11834,ogv,cr3,"ogv to cr3",TIER-2,enumerated (heuristic order),,,video,image,cross-category,https://cloudconvert.com/mp4-converter
11835,ogv,crw,"ogv to crw",TIER-2,enumerated (heuristic order),,,video,image,cross-category,https://cloudconvert.com/mp4-converter
11836,ogv,dcr,"ogv to dcr",TIER-2,enumerated (heuristic order),,,video,image,cross-category,https://cloudconvert.com/mp4-converter
11837,ogv,dss,"ogv to dss",TIER-2,enumerated (heuristic order),,,video,audio,cross-category,https://cloudconvert.com/mp4-converter
11838,ogv,erf,"ogv to erf",TIER-2,enumerated (heuristic order),,,video,image,cross-category,https://cloudconvert.com/mp4-converter
11839,ogv,icns,"ogv to icns",TIER-2,enumerated (heuristic order),,,video,image,cross-category,https://cloudconvert.com/mp4-converter
11840,ogv,m4b,"ogv to m4b",TIER-2,enumerated (heuristic order),,,video,audio,cross-category,https://cloudconvert.com/mp4-converter
11841,ogv,mos,"ogv to mos",TIER-2,enumerated (heuristic order),,,video,image,cross-category,https://cloudconvert.com/mp4-converter
11842,ogv,mrw,"ogv to mrw",TIER-2,enumerated (heuristic order),,,video,image,cross-category,https://cloudconvert.com/mp4-converter
11843,ogv,odd,"ogv to odd",TIER-2,enumerated (heuristic order),,,video,image,cross-category,https://cloudconvert.com/mp4-converter
11844,ogv,odg,"ogv to odg",TIER-2,enumerated (heuristic order),,,video,image,cross-category,https://cloudconvert.com/mp4-converter
11845,ogv,orf,"ogv to orf",TIER-2,enumerated (heuristic order),,,video,image,cross-category,https://cloudconvert.com/mp4-converter
11846,ogv,pef,"ogv to pef",TIER-2,enumerated (heuristic order),,,video,image,cross-category,https://cloudconvert.com/mp4-converter
11847,ogv,ppm,"ogv to ppm",TIER-2,enumerated (heuristic order),,,video,image,cross-category,https://cloudconvert.com/mp4-converter
11848,ogv,ps,"ogv to ps",TIER-2,enumerated (heuristic order),,,video,image,cross-category,https://cloudconvert.com/mp4-converter
11849,ogv,psb,"ogv to psb",TIER-2,enumerated (heuristic order),,,video,image,cross-category,https://cloudconvert.com/mp4-converter
11850,ogv,pub,"ogv to pub",TIER-2,enumerated (heuristic order),,,video,image,cross-category,https://cloudconvert.com/mp4-converter
11851,ogv,raf,"ogv to raf",TIER-2,enumerated (heuristic order),,,video,image,cross-category,https://cloudconvert.com/mp4-converter
11852,ogv,rw2,"ogv to rw2",TIER-2,enumerated (heuristic order),,,video,image,cross-category,https://cloudconvert.com/mp4-converter
11853,ogv,sf2,"ogv to sf2",TIER-2,enumerated (heuristic order),,,video,audio,cross-category,https://cloudconvert.com/mp4-converter
11854,ogv,sfark,"ogv to sfark",TIER-2,enumerated (heuristic order),,,video,audio,cross-category,https://cloudconvert.com/mp4-converter
11855,ogv,tga,"ogv to tga",TIER-2,enumerated (heuristic order),,,video,image,cross-category,https://cloudconvert.com/mp4-converter
11856,ogv,voc,"ogv to voc",TIER-2,enumerated (heuristic order),,,video,audio,cross-category,https://cloudconvert.com/mp4-converter
11857,ogv,weba,"ogv to weba",TIER-2,enumerated (heuristic order),,,video,audio,cross-category,https://cloudconvert.com/mp4-converter
11858,ogv,x3f,"ogv to x3f",TIER-2,enumerated (heuristic order),,,video,image,cross-category,https://cloudconvert.com/mp4-converter
11859,ogv,xcf,"ogv to xcf",TIER-2,enumerated (heuristic order),,,video,image,cross-category,https://cloudconvert.com/mp4-converter
11860,ogv,xps,"ogv to xps",TIER-2,enumerated (heuristic order),,,video,image,cross-category,https://cloudconvert.com/mp4-converter
11861,orf,abw,"orf to abw",TIER-2,enumerated (heuristic order),,,image,document,cross-category,https://cloudconvert.com/image-converter
11862,orf,cgm,"orf to cgm",TIER-2,enumerated (heuristic order),,,image,vector,cross-category,https://cloudconvert.com/image-converter
11863,orf,djvu,"orf to djvu",TIER-2,enumerated (heuristic order),,,image,document,cross-category,https://cloudconvert.com/image-converter
11864,orf,docm,"orf to docm",TIER-2,enumerated (heuristic order),,,image,document,cross-category,https://cloudconvert.com/image-converter
11865,orf,dot,"orf to dot",TIER-2,enumerated (heuristic order),,,image,document,cross-category,https://cloudconvert.com/image-converter
11866,orf,dotx,"orf to dotx",TIER-2,enumerated (heuristic order),,,image,document,cross-category,https://cloudconvert.com/image-converter
11867,orf,dps,"orf to dps",TIER-2,enumerated (heuristic order),,,image,presentation,cross-category,https://cloudconvert.com/image-converter
11868,orf,emf,"orf to emf",TIER-2,enumerated (heuristic order),,,image,vector,cross-category,https://cloudconvert.com/image-converter
11869,orf,hwp,"orf to hwp",TIER-2,enumerated (heuristic order),,,image,document,cross-category,https://cloudconvert.com/image-converter
11870,orf,hwpx,"orf to hwpx",TIER-2,enumerated (heuristic order),,,image,document,cross-category,https://cloudconvert.com/image-converter
11871,orf,lwp,"orf to lwp",TIER-2,enumerated (heuristic order),,,image,document,cross-category,https://cloudconvert.com/image-converter
11872,orf,pot,"orf to pot",TIER-2,enumerated (heuristic order),,,image,presentation,cross-category,https://cloudconvert.com/image-converter
11873,orf,potx,"orf to potx",TIER-2,enumerated (heuristic order),,,image,presentation,cross-category,https://cloudconvert.com/image-converter
11874,orf,pps,"orf to pps",TIER-2,enumerated (heuristic order),,,image,presentation,cross-category,https://cloudconvert.com/image-converter
11875,orf,ppsx,"orf to ppsx",TIER-2,enumerated (heuristic order),,,image,presentation,cross-category,https://cloudconvert.com/image-converter
11876,orf,pptm,"orf to pptm",TIER-2,enumerated (heuristic order),,,image,presentation,cross-category,https://cloudconvert.com/image-converter
11877,orf,rst,"orf to rst",TIER-2,enumerated (heuristic order),,,image,document,cross-category,https://cloudconvert.com/image-converter
11878,orf,sda,"orf to sda",TIER-2,enumerated (heuristic order),,,image,presentation,cross-category,https://cloudconvert.com/image-converter
11879,orf,sdw,"orf to sdw",TIER-2,enumerated (heuristic order),,,image,document,cross-category,https://cloudconvert.com/image-converter
11880,orf,sk,"orf to sk",TIER-2,enumerated (heuristic order),,,image,vector,cross-category,https://cloudconvert.com/image-converter
11881,orf,sk1,"orf to sk1",TIER-2,enumerated (heuristic order),,,image,vector,cross-category,https://cloudconvert.com/image-converter
11882,orf,svgz,"orf to svgz",TIER-2,enumerated (heuristic order),,,image,vector,cross-category,https://cloudconvert.com/image-converter
11883,orf,tex,"orf to tex",TIER-2,enumerated (heuristic order),,,image,document,cross-category,https://cloudconvert.com/image-converter
11884,orf,vsd,"orf to vsd",TIER-2,enumerated (heuristic order),,,image,vector,cross-category,https://cloudconvert.com/image-converter
11885,orf,wmf,"orf to wmf",TIER-2,enumerated (heuristic order),,,image,vector,cross-category,https://cloudconvert.com/image-converter
11886,orf,wpd,"orf to wpd",TIER-2,enumerated (heuristic order),,,image,document,cross-category,https://cloudconvert.com/image-converter
11887,orf,wps,"orf to wps",TIER-2,enumerated (heuristic order),,,image,document,cross-category,https://cloudconvert.com/image-converter
11888,orf,zabw,"orf to zabw",TIER-2,enumerated (heuristic order),,,image,document,cross-category,https://cloudconvert.com/image-converter
11925,pef,abw,"pef to abw",TIER-2,enumerated (heuristic order),,,image,document,cross-category,https://cloudconvert.com/image-converter
11926,pef,cgm,"pef to cgm",TIER-2,enumerated (heuristic order),,,image,vector,cross-category,https://cloudconvert.com/image-converter
11927,pef,djvu,"pef to djvu",TIER-2,enumerated (heuristic order),,,image,document,cross-category,https://cloudconvert.com/image-converter
11928,pef,docm,"pef to docm",TIER-2,enumerated (heuristic order),,,image,document,cross-category,https://cloudconvert.com/image-converter
11929,pef,dot,"pef to dot",TIER-2,enumerated (heuristic order),,,image,document,cross-category,https://cloudconvert.com/image-converter
11930,pef,dotx,"pef to dotx",TIER-2,enumerated (heuristic order),,,image,document,cross-category,https://cloudconvert.com/image-converter
11931,pef,dps,"pef to dps",TIER-2,enumerated (heuristic order),,,image,presentation,cross-category,https://cloudconvert.com/image-converter
11932,pef,emf,"pef to emf",TIER-2,enumerated (heuristic order),,,image,vector,cross-category,https://cloudconvert.com/image-converter
11933,pef,hwp,"pef to hwp",TIER-2,enumerated (heuristic order),,,image,document,cross-category,https://cloudconvert.com/image-converter
11934,pef,hwpx,"pef to hwpx",TIER-2,enumerated (heuristic order),,,image,document,cross-category,https://cloudconvert.com/image-converter
11935,pef,lwp,"pef to lwp",TIER-2,enumerated (heuristic order),,,image,document,cross-category,https://cloudconvert.com/image-converter
11936,pef,pot,"pef to pot",TIER-2,enumerated (heuristic order),,,image,presentation,cross-category,https://cloudconvert.com/image-converter
11937,pef,potx,"pef to potx",TIER-2,enumerated (heuristic order),,,image,presentation,cross-category,https://cloudconvert.com/image-converter
11938,pef,pps,"pef to pps",TIER-2,enumerated (heuristic order),,,image,presentation,cross-category,https://cloudconvert.com/image-converter
11939,pef,ppsx,"pef to ppsx",TIER-2,enumerated (heuristic order),,,image,presentation,cross-category,https://cloudconvert.com/image-converter
11940,pef,pptm,"pef to pptm",TIER-2,enumerated (heuristic order),,,image,presentation,cross-category,https://cloudconvert.com/image-converter
11941,pef,rst,"pef to rst",TIER-2,enumerated (heuristic order),,,image,document,cross-category,https://cloudconvert.com/image-converter
11942,pef,sda,"pef to sda",TIER-2,enumerated (heuristic order),,,image,presentation,cross-category,https://cloudconvert.com/image-converter
11943,pef,sdw,"pef to sdw",TIER-2,enumerated (heuristic order),,,image,document,cross-category,https://cloudconvert.com/image-converter
11944,pef,sk,"pef to sk",TIER-2,enumerated (heuristic order),,,image,vector,cross-category,https://cloudconvert.com/image-converter
11945,pef,sk1,"pef to sk1",TIER-2,enumerated (heuristic order),,,image,vector,cross-category,https://cloudconvert.com/image-converter
11946,pef,svgz,"pef to svgz",TIER-2,enumerated (heuristic order),,,image,vector,cross-category,https://cloudconvert.com/image-converter
11947,pef,tex,"pef to tex",TIER-2,enumerated (heuristic order),,,image,document,cross-category,https://cloudconvert.com/image-converter
11948,pef,vsd,"pef to vsd",TIER-2,enumerated (heuristic order),,,image,vector,cross-category,https://cloudconvert.com/image-converter
11949,pef,wmf,"pef to wmf",TIER-2,enumerated (heuristic order),,,image,vector,cross-category,https://cloudconvert.com/image-converter
11950,pef,wpd,"pef to wpd",TIER-2,enumerated (heuristic order),,,image,document,cross-category,https://cloudconvert.com/image-converter
11951,pef,wps,"pef to wps",TIER-2,enumerated (heuristic order),,,image,document,cross-category,https://cloudconvert.com/image-converter
11952,pef,zabw,"pef to zabw",TIER-2,enumerated (heuristic order),,,image,document,cross-category,https://cloudconvert.com/image-converter
12061,ppm,abw,"ppm to abw",TIER-2,enumerated (heuristic order),,,image,document,cross-category,https://cloudconvert.com/image-converter
12062,ppm,cgm,"ppm to cgm",TIER-2,enumerated (heuristic order),,,image,vector,cross-category,https://cloudconvert.com/image-converter
12063,ppm,djvu,"ppm to djvu",TIER-2,enumerated (heuristic order),,,image,document,cross-category,https://cloudconvert.com/image-converter
12064,ppm,docm,"ppm to docm",TIER-2,enumerated (heuristic order),,,image,document,cross-category,https://cloudconvert.com/image-converter
12065,ppm,dot,"ppm to dot",TIER-2,enumerated (heuristic order),,,image,document,cross-category,https://cloudconvert.com/image-converter
12066,ppm,dotx,"ppm to dotx",TIER-2,enumerated (heuristic order),,,image,document,cross-category,https://cloudconvert.com/image-converter
12067,ppm,dps,"ppm to dps",TIER-2,enumerated (heuristic order),,,image,presentation,cross-category,https://cloudconvert.com/image-converter
12068,ppm,emf,"ppm to emf",TIER-2,enumerated (heuristic order),,,image,vector,cross-category,https://cloudconvert.com/image-converter
12069,ppm,hwp,"ppm to hwp",TIER-2,enumerated (heuristic order),,,image,document,cross-category,https://cloudconvert.com/image-converter
12070,ppm,hwpx,"ppm to hwpx",TIER-2,enumerated (heuristic order),,,image,document,cross-category,https://cloudconvert.com/image-converter
12071,ppm,lwp,"ppm to lwp",TIER-2,enumerated (heuristic order),,,image,document,cross-category,https://cloudconvert.com/image-converter
12072,ppm,pot,"ppm to pot",TIER-2,enumerated (heuristic order),,,image,presentation,cross-category,https://cloudconvert.com/image-converter
12073,ppm,potx,"ppm to potx",TIER-2,enumerated (heuristic order),,,image,presentation,cross-category,https://cloudconvert.com/image-converter
12074,ppm,pps,"ppm to pps",TIER-2,enumerated (heuristic order),,,image,presentation,cross-category,https://cloudconvert.com/image-converter
12075,ppm,ppsx,"ppm to ppsx",TIER-2,enumerated (heuristic order),,,image,presentation,cross-category,https://cloudconvert.com/image-converter
12076,ppm,pptm,"ppm to pptm",TIER-2,enumerated (heuristic order),,,image,presentation,cross-category,https://cloudconvert.com/image-converter
12077,ppm,rst,"ppm to rst",TIER-2,enumerated (heuristic order),,,image,document,cross-category,https://cloudconvert.com/image-converter
12078,ppm,sda,"ppm to sda",TIER-2,enumerated (heuristic order),,,image,presentation,cross-category,https://cloudconvert.com/image-converter
12079,ppm,sdw,"ppm to sdw",TIER-2,enumerated (heuristic order),,,image,document,cross-category,https://cloudconvert.com/image-converter
12080,ppm,sk,"ppm to sk",TIER-2,enumerated (heuristic order),,,image,vector,cross-category,https://cloudconvert.com/image-converter
12081,ppm,sk1,"ppm to sk1",TIER-2,enumerated (heuristic order),,,image,vector,cross-category,https://cloudconvert.com/image-converter
12082,ppm,svgz,"ppm to svgz",TIER-2,enumerated (heuristic order),,,image,vector,cross-category,https://cloudconvert.com/image-converter
12083,ppm,tex,"ppm to tex",TIER-2,enumerated (heuristic order),,,image,document,cross-category,https://cloudconvert.com/image-converter
12084,ppm,vsd,"ppm to vsd",TIER-2,enumerated (heuristic order),,,image,vector,cross-category,https://cloudconvert.com/image-converter
12085,ppm,wmf,"ppm to wmf",TIER-2,enumerated (heuristic order),,,image,vector,cross-category,https://cloudconvert.com/image-converter
12086,ppm,wpd,"ppm to wpd",TIER-2,enumerated (heuristic order),,,image,document,cross-category,https://cloudconvert.com/image-converter
12087,ppm,wps,"ppm to wps",TIER-2,enumerated (heuristic order),,,image,document,cross-category,https://cloudconvert.com/image-converter
12088,ppm,zabw,"ppm to zabw",TIER-2,enumerated (heuristic order),,,image,document,cross-category,https://cloudconvert.com/image-converter
12233,ps,abw,"ps to abw",TIER-2,enumerated (heuristic order),,,image,document,cross-category,https://cloudconvert.com/image-converter
12234,ps,cgm,"ps to cgm",TIER-2,enumerated (heuristic order),,,image,vector,cross-category,https://cloudconvert.com/image-converter
12235,ps,djvu,"ps to djvu",TIER-2,enumerated (heuristic order),,,image,document,cross-category,https://cloudconvert.com/image-converter
12236,ps,docm,"ps to docm",TIER-2,enumerated (heuristic order),,,image,document,cross-category,https://cloudconvert.com/image-converter
12237,ps,dot,"ps to dot",TIER-2,enumerated (heuristic order),,,image,document,cross-category,https://cloudconvert.com/image-converter
12238,ps,dotx,"ps to dotx",TIER-2,enumerated (heuristic order),,,image,document,cross-category,https://cloudconvert.com/image-converter
12239,ps,dps,"ps to dps",TIER-2,enumerated (heuristic order),,,image,presentation,cross-category,https://cloudconvert.com/image-converter
12240,ps,emf,"ps to emf",TIER-2,enumerated (heuristic order),,,image,vector,cross-category,https://cloudconvert.com/image-converter
12241,ps,hwp,"ps to hwp",TIER-2,enumerated (heuristic order),,,image,document,cross-category,https://cloudconvert.com/image-converter
12242,ps,hwpx,"ps to hwpx",TIER-2,enumerated (heuristic order),,,image,document,cross-category,https://cloudconvert.com/image-converter
12243,ps,lwp,"ps to lwp",TIER-2,enumerated (heuristic order),,,image,document,cross-category,https://cloudconvert.com/image-converter
12244,ps,pot,"ps to pot",TIER-2,enumerated (heuristic order),,,image,presentation,cross-category,https://cloudconvert.com/image-converter
12245,ps,potx,"ps to potx",TIER-2,enumerated (heuristic order),,,image,presentation,cross-category,https://cloudconvert.com/image-converter
12246,ps,pps,"ps to pps",TIER-2,enumerated (heuristic order),,,image,presentation,cross-category,https://cloudconvert.com/image-converter
12247,ps,ppsx,"ps to ppsx",TIER-2,enumerated (heuristic order),,,image,presentation,cross-category,https://cloudconvert.com/image-converter
12248,ps,pptm,"ps to pptm",TIER-2,enumerated (heuristic order),,,image,presentation,cross-category,https://cloudconvert.com/image-converter
12249,ps,rst,"ps to rst",TIER-2,enumerated (heuristic order),,,image,document,cross-category,https://cloudconvert.com/image-converter
12250,ps,sda,"ps to sda",TIER-2,enumerated (heuristic order),,,image,presentation,cross-category,https://cloudconvert.com/image-converter
12251,ps,sdw,"ps to sdw",TIER-2,enumerated (heuristic order),,,image,document,cross-category,https://cloudconvert.com/image-converter
12252,ps,sk,"ps to sk",TIER-2,enumerated (heuristic order),,,image,vector,cross-category,https://cloudconvert.com/image-converter
12253,ps,sk1,"ps to sk1",TIER-2,enumerated (heuristic order),,,image,vector,cross-category,https://cloudconvert.com/image-converter
12254,ps,svgz,"ps to svgz",TIER-2,enumerated (heuristic order),,,image,vector,cross-category,https://cloudconvert.com/image-converter
12255,ps,tex,"ps to tex",TIER-2,enumerated (heuristic order),,,image,document,cross-category,https://cloudconvert.com/image-converter
12256,ps,vsd,"ps to vsd",TIER-2,enumerated (heuristic order),,,image,vector,cross-category,https://cloudconvert.com/image-converter
12257,ps,wmf,"ps to wmf",TIER-2,enumerated (heuristic order),,,image,vector,cross-category,https://cloudconvert.com/image-converter
12258,ps,wpd,"ps to wpd",TIER-2,enumerated (heuristic order),,,image,document,cross-category,https://cloudconvert.com/image-converter
12259,ps,wps,"ps to wps",TIER-2,enumerated (heuristic order),,,image,document,cross-category,https://cloudconvert.com/image-converter
12260,ps,zabw,"ps to zabw",TIER-2,enumerated (heuristic order),,,image,document,cross-category,https://cloudconvert.com/image-converter
12261,psb,abw,"psb to abw",TIER-2,enumerated (heuristic order),,,image,document,cross-category,https://cloudconvert.com/image-converter
12262,psb,cgm,"psb to cgm",TIER-2,enumerated (heuristic order),,,image,vector,cross-category,https://cloudconvert.com/image-converter
12263,psb,djvu,"psb to djvu",TIER-2,enumerated (heuristic order),,,image,document,cross-category,https://cloudconvert.com/image-converter
12264,psb,docm,"psb to docm",TIER-2,enumerated (heuristic order),,,image,document,cross-category,https://cloudconvert.com/image-converter
12265,psb,dot,"psb to dot",TIER-2,enumerated (heuristic order),,,image,document,cross-category,https://cloudconvert.com/image-converter
12266,psb,dotx,"psb to dotx",TIER-2,enumerated (heuristic order),,,image,document,cross-category,https://cloudconvert.com/image-converter
12267,psb,dps,"psb to dps",TIER-2,enumerated (heuristic order),,,image,presentation,cross-category,https://cloudconvert.com/image-converter
12268,psb,emf,"psb to emf",TIER-2,enumerated (heuristic order),,,image,vector,cross-category,https://cloudconvert.com/image-converter
12269,psb,hwp,"psb to hwp",TIER-2,enumerated (heuristic order),,,image,document,cross-category,https://cloudconvert.com/image-converter
12270,psb,hwpx,"psb to hwpx",TIER-2,enumerated (heuristic order),,,image,document,cross-category,https://cloudconvert.com/image-converter
12271,psb,lwp,"psb to lwp",TIER-2,enumerated (heuristic order),,,image,document,cross-category,https://cloudconvert.com/image-converter
12272,psb,pot,"psb to pot",TIER-2,enumerated (heuristic order),,,image,presentation,cross-category,https://cloudconvert.com/image-converter
12273,psb,potx,"psb to potx",TIER-2,enumerated (heuristic order),,,image,presentation,cross-category,https://cloudconvert.com/image-converter
12274,psb,pps,"psb to pps",TIER-2,enumerated (heuristic order),,,image,presentation,cross-category,https://cloudconvert.com/image-converter
12275,psb,ppsx,"psb to ppsx",TIER-2,enumerated (heuristic order),,,image,presentation,cross-category,https://cloudconvert.com/image-converter
12276,psb,pptm,"psb to pptm",TIER-2,enumerated (heuristic order),,,image,presentation,cross-category,https://cloudconvert.com/image-converter
12277,psb,rst,"psb to rst",TIER-2,enumerated (heuristic order),,,image,document,cross-category,https://cloudconvert.com/image-converter
12278,psb,sda,"psb to sda",TIER-2,enumerated (heuristic order),,,image,presentation,cross-category,https://cloudconvert.com/image-converter
12279,psb,sdw,"psb to sdw",TIER-2,enumerated (heuristic order),,,image,document,cross-category,https://cloudconvert.com/image-converter
12280,psb,sk,"psb to sk",TIER-2,enumerated (heuristic order),,,image,vector,cross-category,https://cloudconvert.com/image-converter
12281,psb,sk1,"psb to sk1",TIER-2,enumerated (heuristic order),,,image,vector,cross-category,https://cloudconvert.com/image-converter
12282,psb,svgz,"psb to svgz",TIER-2,enumerated (heuristic order),,,image,vector,cross-category,https://cloudconvert.com/image-converter
12283,psb,tex,"psb to tex",TIER-2,enumerated (heuristic order),,,image,document,cross-category,https://cloudconvert.com/image-converter
12284,psb,vsd,"psb to vsd",TIER-2,enumerated (heuristic order),,,image,vector,cross-category,https://cloudconvert.com/image-converter
12285,psb,wmf,"psb to wmf",TIER-2,enumerated (heuristic order),,,image,vector,cross-category,https://cloudconvert.com/image-converter
12286,psb,wpd,"psb to wpd",TIER-2,enumerated (heuristic order),,,image,document,cross-category,https://cloudconvert.com/image-converter
12287,psb,wps,"psb to wps",TIER-2,enumerated (heuristic order),,,image,document,cross-category,https://cloudconvert.com/image-converter
12288,psb,zabw,"psb to zabw",TIER-2,enumerated (heuristic order),,,image,document,cross-category,https://cloudconvert.com/image-converter
12289,pub,abw,"pub to abw",TIER-2,enumerated (heuristic order),,,image,document,cross-category,https://cloudconvert.com/image-converter
12290,pub,cgm,"pub to cgm",TIER-2,enumerated (heuristic order),,,image,vector,cross-category,https://cloudconvert.com/image-converter
12291,pub,djvu,"pub to djvu",TIER-2,enumerated (heuristic order),,,image,document,cross-category,https://cloudconvert.com/image-converter
12292,pub,docm,"pub to docm",TIER-2,enumerated (heuristic order),,,image,document,cross-category,https://cloudconvert.com/image-converter
12293,pub,dot,"pub to dot",TIER-2,enumerated (heuristic order),,,image,document,cross-category,https://cloudconvert.com/image-converter
12294,pub,dotx,"pub to dotx",TIER-2,enumerated (heuristic order),,,image,document,cross-category,https://cloudconvert.com/image-converter
12295,pub,dps,"pub to dps",TIER-2,enumerated (heuristic order),,,image,presentation,cross-category,https://cloudconvert.com/image-converter
12296,pub,emf,"pub to emf",TIER-2,enumerated (heuristic order),,,image,vector,cross-category,https://cloudconvert.com/image-converter
12297,pub,hwp,"pub to hwp",TIER-2,enumerated (heuristic order),,,image,document,cross-category,https://cloudconvert.com/image-converter
12298,pub,hwpx,"pub to hwpx",TIER-2,enumerated (heuristic order),,,image,document,cross-category,https://cloudconvert.com/image-converter
12299,pub,lwp,"pub to lwp",TIER-2,enumerated (heuristic order),,,image,document,cross-category,https://cloudconvert.com/image-converter
12300,pub,pot,"pub to pot",TIER-2,enumerated (heuristic order),,,image,presentation,cross-category,https://cloudconvert.com/image-converter
12301,pub,potx,"pub to potx",TIER-2,enumerated (heuristic order),,,image,presentation,cross-category,https://cloudconvert.com/image-converter
12302,pub,pps,"pub to pps",TIER-2,enumerated (heuristic order),,,image,presentation,cross-category,https://cloudconvert.com/image-converter
12303,pub,ppsx,"pub to ppsx",TIER-2,enumerated (heuristic order),,,image,presentation,cross-category,https://cloudconvert.com/image-converter
12304,pub,pptm,"pub to pptm",TIER-2,enumerated (heuristic order),,,image,presentation,cross-category,https://cloudconvert.com/image-converter
12305,pub,rst,"pub to rst",TIER-2,enumerated (heuristic order),,,image,document,cross-category,https://cloudconvert.com/image-converter
12306,pub,sda,"pub to sda",TIER-2,enumerated (heuristic order),,,image,presentation,cross-category,https://cloudconvert.com/image-converter
12307,pub,sdw,"pub to sdw",TIER-2,enumerated (heuristic order),,,image,document,cross-category,https://cloudconvert.com/image-converter
12308,pub,sk,"pub to sk",TIER-2,enumerated (heuristic order),,,image,vector,cross-category,https://cloudconvert.com/image-converter
12309,pub,sk1,"pub to sk1",TIER-2,enumerated (heuristic order),,,image,vector,cross-category,https://cloudconvert.com/image-converter
12310,pub,svgz,"pub to svgz",TIER-2,enumerated (heuristic order),,,image,vector,cross-category,https://cloudconvert.com/image-converter
12311,pub,tex,"pub to tex",TIER-2,enumerated (heuristic order),,,image,document,cross-category,https://cloudconvert.com/image-converter
12312,pub,vsd,"pub to vsd",TIER-2,enumerated (heuristic order),,,image,vector,cross-category,https://cloudconvert.com/image-converter
12313,pub,wmf,"pub to wmf",TIER-2,enumerated (heuristic order),,,image,vector,cross-category,https://cloudconvert.com/image-converter
12314,pub,wpd,"pub to wpd",TIER-2,enumerated (heuristic order),,,image,document,cross-category,https://cloudconvert.com/image-converter
12315,pub,wps,"pub to wps",TIER-2,enumerated (heuristic order),,,image,document,cross-category,https://cloudconvert.com/image-converter
12316,pub,zabw,"pub to zabw",TIER-2,enumerated (heuristic order),,,image,document,cross-category,https://cloudconvert.com/image-converter
12317,raf,abw,"raf to abw",TIER-2,enumerated (heuristic order),,,image,document,cross-category,https://cloudconvert.com/image-converter
12318,raf,cgm,"raf to cgm",TIER-2,enumerated (heuristic order),,,image,vector,cross-category,https://cloudconvert.com/image-converter
12319,raf,djvu,"raf to djvu",TIER-2,enumerated (heuristic order),,,image,document,cross-category,https://cloudconvert.com/image-converter
12320,raf,docm,"raf to docm",TIER-2,enumerated (heuristic order),,,image,document,cross-category,https://cloudconvert.com/image-converter
12321,raf,dot,"raf to dot",TIER-2,enumerated (heuristic order),,,image,document,cross-category,https://cloudconvert.com/image-converter
12322,raf,dotx,"raf to dotx",TIER-2,enumerated (heuristic order),,,image,document,cross-category,https://cloudconvert.com/image-converter
12323,raf,dps,"raf to dps",TIER-2,enumerated (heuristic order),,,image,presentation,cross-category,https://cloudconvert.com/image-converter
12324,raf,emf,"raf to emf",TIER-2,enumerated (heuristic order),,,image,vector,cross-category,https://cloudconvert.com/image-converter
12325,raf,hwp,"raf to hwp",TIER-2,enumerated (heuristic order),,,image,document,cross-category,https://cloudconvert.com/image-converter
12326,raf,hwpx,"raf to hwpx",TIER-2,enumerated (heuristic order),,,image,document,cross-category,https://cloudconvert.com/image-converter
12327,raf,lwp,"raf to lwp",TIER-2,enumerated (heuristic order),,,image,document,cross-category,https://cloudconvert.com/image-converter
12328,raf,pot,"raf to pot",TIER-2,enumerated (heuristic order),,,image,presentation,cross-category,https://cloudconvert.com/image-converter
12329,raf,potx,"raf to potx",TIER-2,enumerated (heuristic order),,,image,presentation,cross-category,https://cloudconvert.com/image-converter
12330,raf,pps,"raf to pps",TIER-2,enumerated (heuristic order),,,image,presentation,cross-category,https://cloudconvert.com/image-converter
12331,raf,ppsx,"raf to ppsx",TIER-2,enumerated (heuristic order),,,image,presentation,cross-category,https://cloudconvert.com/image-converter
12332,raf,pptm,"raf to pptm",TIER-2,enumerated (heuristic order),,,image,presentation,cross-category,https://cloudconvert.com/image-converter
12333,raf,rst,"raf to rst",TIER-2,enumerated (heuristic order),,,image,document,cross-category,https://cloudconvert.com/image-converter
12334,raf,sda,"raf to sda",TIER-2,enumerated (heuristic order),,,image,presentation,cross-category,https://cloudconvert.com/image-converter
12335,raf,sdw,"raf to sdw",TIER-2,enumerated (heuristic order),,,image,document,cross-category,https://cloudconvert.com/image-converter
12336,raf,sk,"raf to sk",TIER-2,enumerated (heuristic order),,,image,vector,cross-category,https://cloudconvert.com/image-converter
12337,raf,sk1,"raf to sk1",TIER-2,enumerated (heuristic order),,,image,vector,cross-category,https://cloudconvert.com/image-converter
12338,raf,svgz,"raf to svgz",TIER-2,enumerated (heuristic order),,,image,vector,cross-category,https://cloudconvert.com/image-converter
12339,raf,tex,"raf to tex",TIER-2,enumerated (heuristic order),,,image,document,cross-category,https://cloudconvert.com/image-converter
12340,raf,vsd,"raf to vsd",TIER-2,enumerated (heuristic order),,,image,vector,cross-category,https://cloudconvert.com/image-converter
12341,raf,wmf,"raf to wmf",TIER-2,enumerated (heuristic order),,,image,vector,cross-category,https://cloudconvert.com/image-converter
12342,raf,wpd,"raf to wpd",TIER-2,enumerated (heuristic order),,,image,document,cross-category,https://cloudconvert.com/image-converter
12343,raf,wps,"raf to wps",TIER-2,enumerated (heuristic order),,,image,document,cross-category,https://cloudconvert.com/image-converter
12344,raf,zabw,"raf to zabw",TIER-2,enumerated (heuristic order),,,image,document,cross-category,https://cloudconvert.com/image-converter
12381,rm,3fr,"rm to 3fr",TIER-2,enumerated (heuristic order),,,video,image,cross-category,https://cloudconvert.com/mp4-converter
12382,rm,ac3,"rm to ac3",TIER-2,enumerated (heuristic order),,,video,audio,cross-category,https://cloudconvert.com/mp4-converter
12383,rm,amr,"rm to amr",TIER-2,enumerated (heuristic order),,,video,audio,cross-category,https://cloudconvert.com/mp4-converter
12384,rm,au,"rm to au",TIER-2,enumerated (heuristic order),,,video,audio,cross-category,https://cloudconvert.com/mp4-converter
12385,rm,caf,"rm to caf",TIER-2,enumerated (heuristic order),,,video,audio,cross-category,https://cloudconvert.com/mp4-converter
12386,rm,cr3,"rm to cr3",TIER-2,enumerated (heuristic order),,,video,image,cross-category,https://cloudconvert.com/mp4-converter
12387,rm,crw,"rm to crw",TIER-2,enumerated (heuristic order),,,video,image,cross-category,https://cloudconvert.com/mp4-converter
12388,rm,dcr,"rm to dcr",TIER-2,enumerated (heuristic order),,,video,image,cross-category,https://cloudconvert.com/mp4-converter
12389,rm,dss,"rm to dss",TIER-2,enumerated (heuristic order),,,video,audio,cross-category,https://cloudconvert.com/mp4-converter
12390,rm,erf,"rm to erf",TIER-2,enumerated (heuristic order),,,video,image,cross-category,https://cloudconvert.com/mp4-converter
12391,rm,icns,"rm to icns",TIER-2,enumerated (heuristic order),,,video,image,cross-category,https://cloudconvert.com/mp4-converter
12392,rm,m4b,"rm to m4b",TIER-2,enumerated (heuristic order),,,video,audio,cross-category,https://cloudconvert.com/mp4-converter
12393,rm,mos,"rm to mos",TIER-2,enumerated (heuristic order),,,video,image,cross-category,https://cloudconvert.com/mp4-converter
12394,rm,mrw,"rm to mrw",TIER-2,enumerated (heuristic order),,,video,image,cross-category,https://cloudconvert.com/mp4-converter
12395,rm,odd,"rm to odd",TIER-2,enumerated (heuristic order),,,video,image,cross-category,https://cloudconvert.com/mp4-converter
12396,rm,odg,"rm to odg",TIER-2,enumerated (heuristic order),,,video,image,cross-category,https://cloudconvert.com/mp4-converter
12397,rm,orf,"rm to orf",TIER-2,enumerated (heuristic order),,,video,image,cross-category,https://cloudconvert.com/mp4-converter
12398,rm,pef,"rm to pef",TIER-2,enumerated (heuristic order),,,video,image,cross-category,https://cloudconvert.com/mp4-converter
12399,rm,ppm,"rm to ppm",TIER-2,enumerated (heuristic order),,,video,image,cross-category,https://cloudconvert.com/mp4-converter
12400,rm,ps,"rm to ps",TIER-2,enumerated (heuristic order),,,video,image,cross-category,https://cloudconvert.com/mp4-converter
12401,rm,psb,"rm to psb",TIER-2,enumerated (heuristic order),,,video,image,cross-category,https://cloudconvert.com/mp4-converter
12402,rm,pub,"rm to pub",TIER-2,enumerated (heuristic order),,,video,image,cross-category,https://cloudconvert.com/mp4-converter
12403,rm,raf,"rm to raf",TIER-2,enumerated (heuristic order),,,video,image,cross-category,https://cloudconvert.com/mp4-converter
12404,rm,rw2,"rm to rw2",TIER-2,enumerated (heuristic order),,,video,image,cross-category,https://cloudconvert.com/mp4-converter
12405,rm,sf2,"rm to sf2",TIER-2,enumerated (heuristic order),,,video,audio,cross-category,https://cloudconvert.com/mp4-converter
12406,rm,sfark,"rm to sfark",TIER-2,enumerated (heuristic order),,,video,audio,cross-category,https://cloudconvert.com/mp4-converter
12407,rm,tga,"rm to tga",TIER-2,enumerated (heuristic order),,,video,image,cross-category,https://cloudconvert.com/mp4-converter
12408,rm,voc,"rm to voc",TIER-2,enumerated (heuristic order),,,video,audio,cross-category,https://cloudconvert.com/mp4-converter
12409,rm,weba,"rm to weba",TIER-2,enumerated (heuristic order),,,video,audio,cross-category,https://cloudconvert.com/mp4-converter
12410,rm,x3f,"rm to x3f",TIER-2,enumerated (heuristic order),,,video,image,cross-category,https://cloudconvert.com/mp4-converter
12411,rm,xcf,"rm to xcf",TIER-2,enumerated (heuristic order),,,video,image,cross-category,https://cloudconvert.com/mp4-converter
12412,rm,xps,"rm to xps",TIER-2,enumerated (heuristic order),,,video,image,cross-category,https://cloudconvert.com/mp4-converter
12413,rmvb,3fr,"rmvb to 3fr",TIER-2,enumerated (heuristic order),,,video,image,cross-category,https://cloudconvert.com/mp4-converter
12414,rmvb,ac3,"rmvb to ac3",TIER-2,enumerated (heuristic order),,,video,audio,cross-category,https://cloudconvert.com/mp4-converter
12415,rmvb,amr,"rmvb to amr",TIER-2,enumerated (heuristic order),,,video,audio,cross-category,https://cloudconvert.com/mp4-converter
12416,rmvb,au,"rmvb to au",TIER-2,enumerated (heuristic order),,,video,audio,cross-category,https://cloudconvert.com/mp4-converter
12417,rmvb,caf,"rmvb to caf",TIER-2,enumerated (heuristic order),,,video,audio,cross-category,https://cloudconvert.com/mp4-converter
12418,rmvb,cr3,"rmvb to cr3",TIER-2,enumerated (heuristic order),,,video,image,cross-category,https://cloudconvert.com/mp4-converter
12419,rmvb,crw,"rmvb to crw",TIER-2,enumerated (heuristic order),,,video,image,cross-category,https://cloudconvert.com/mp4-converter
12420,rmvb,dcr,"rmvb to dcr",TIER-2,enumerated (heuristic order),,,video,image,cross-category,https://cloudconvert.com/mp4-converter
12421,rmvb,dss,"rmvb to dss",TIER-2,enumerated (heuristic order),,,video,audio,cross-category,https://cloudconvert.com/mp4-converter
12422,rmvb,erf,"rmvb to erf",TIER-2,enumerated (heuristic order),,,video,image,cross-category,https://cloudconvert.com/mp4-converter
12423,rmvb,icns,"rmvb to icns",TIER-2,enumerated (heuristic order),,,video,image,cross-category,https://cloudconvert.com/mp4-converter
12424,rmvb,m4b,"rmvb to m4b",TIER-2,enumerated (heuristic order),,,video,audio,cross-category,https://cloudconvert.com/mp4-converter
12425,rmvb,mos,"rmvb to mos",TIER-2,enumerated (heuristic order),,,video,image,cross-category,https://cloudconvert.com/mp4-converter
12426,rmvb,mrw,"rmvb to mrw",TIER-2,enumerated (heuristic order),,,video,image,cross-category,https://cloudconvert.com/mp4-converter
12427,rmvb,odd,"rmvb to odd",TIER-2,enumerated (heuristic order),,,video,image,cross-category,https://cloudconvert.com/mp4-converter
12428,rmvb,odg,"rmvb to odg",TIER-2,enumerated (heuristic order),,,video,image,cross-category,https://cloudconvert.com/mp4-converter
12429,rmvb,orf,"rmvb to orf",TIER-2,enumerated (heuristic order),,,video,image,cross-category,https://cloudconvert.com/mp4-converter
12430,rmvb,pef,"rmvb to pef",TIER-2,enumerated (heuristic order),,,video,image,cross-category,https://cloudconvert.com/mp4-converter
12431,rmvb,ppm,"rmvb to ppm",TIER-2,enumerated (heuristic order),,,video,image,cross-category,https://cloudconvert.com/mp4-converter
12432,rmvb,ps,"rmvb to ps",TIER-2,enumerated (heuristic order),,,video,image,cross-category,https://cloudconvert.com/mp4-converter
12433,rmvb,psb,"rmvb to psb",TIER-2,enumerated (heuristic order),,,video,image,cross-category,https://cloudconvert.com/mp4-converter
12434,rmvb,pub,"rmvb to pub",TIER-2,enumerated (heuristic order),,,video,image,cross-category,https://cloudconvert.com/mp4-converter
12435,rmvb,raf,"rmvb to raf",TIER-2,enumerated (heuristic order),,,video,image,cross-category,https://cloudconvert.com/mp4-converter
12436,rmvb,rw2,"rmvb to rw2",TIER-2,enumerated (heuristic order),,,video,image,cross-category,https://cloudconvert.com/mp4-converter
12437,rmvb,sf2,"rmvb to sf2",TIER-2,enumerated (heuristic order),,,video,audio,cross-category,https://cloudconvert.com/mp4-converter
12438,rmvb,sfark,"rmvb to sfark",TIER-2,enumerated (heuristic order),,,video,audio,cross-category,https://cloudconvert.com/mp4-converter
12439,rmvb,tga,"rmvb to tga",TIER-2,enumerated (heuristic order),,,video,image,cross-category,https://cloudconvert.com/mp4-converter
12440,rmvb,voc,"rmvb to voc",TIER-2,enumerated (heuristic order),,,video,audio,cross-category,https://cloudconvert.com/mp4-converter
12441,rmvb,weba,"rmvb to weba",TIER-2,enumerated (heuristic order),,,video,audio,cross-category,https://cloudconvert.com/mp4-converter
12442,rmvb,x3f,"rmvb to x3f",TIER-2,enumerated (heuristic order),,,video,image,cross-category,https://cloudconvert.com/mp4-converter
12443,rmvb,xcf,"rmvb to xcf",TIER-2,enumerated (heuristic order),,,video,image,cross-category,https://cloudconvert.com/mp4-converter
12444,rmvb,xps,"rmvb to xps",TIER-2,enumerated (heuristic order),,,video,image,cross-category,https://cloudconvert.com/mp4-converter
12488,rw2,abw,"rw2 to abw",TIER-2,enumerated (heuristic order),,,image,document,cross-category,https://cloudconvert.com/image-converter
12489,rw2,cgm,"rw2 to cgm",TIER-2,enumerated (heuristic order),,,image,vector,cross-category,https://cloudconvert.com/image-converter
12490,rw2,djvu,"rw2 to djvu",TIER-2,enumerated (heuristic order),,,image,document,cross-category,https://cloudconvert.com/image-converter
12491,rw2,docm,"rw2 to docm",TIER-2,enumerated (heuristic order),,,image,document,cross-category,https://cloudconvert.com/image-converter
12492,rw2,dot,"rw2 to dot",TIER-2,enumerated (heuristic order),,,image,document,cross-category,https://cloudconvert.com/image-converter
12493,rw2,dotx,"rw2 to dotx",TIER-2,enumerated (heuristic order),,,image,document,cross-category,https://cloudconvert.com/image-converter
12494,rw2,dps,"rw2 to dps",TIER-2,enumerated (heuristic order),,,image,presentation,cross-category,https://cloudconvert.com/image-converter
12495,rw2,emf,"rw2 to emf",TIER-2,enumerated (heuristic order),,,image,vector,cross-category,https://cloudconvert.com/image-converter
12496,rw2,hwp,"rw2 to hwp",TIER-2,enumerated (heuristic order),,,image,document,cross-category,https://cloudconvert.com/image-converter
12497,rw2,hwpx,"rw2 to hwpx",TIER-2,enumerated (heuristic order),,,image,document,cross-category,https://cloudconvert.com/image-converter
12498,rw2,lwp,"rw2 to lwp",TIER-2,enumerated (heuristic order),,,image,document,cross-category,https://cloudconvert.com/image-converter
12499,rw2,pot,"rw2 to pot",TIER-2,enumerated (heuristic order),,,image,presentation,cross-category,https://cloudconvert.com/image-converter
12500,rw2,potx,"rw2 to potx",TIER-2,enumerated (heuristic order),,,image,presentation,cross-category,https://cloudconvert.com/image-converter
12501,rw2,pps,"rw2 to pps",TIER-2,enumerated (heuristic order),,,image,presentation,cross-category,https://cloudconvert.com/image-converter
12502,rw2,ppsx,"rw2 to ppsx",TIER-2,enumerated (heuristic order),,,image,presentation,cross-category,https://cloudconvert.com/image-converter
12503,rw2,pptm,"rw2 to pptm",TIER-2,enumerated (heuristic order),,,image,presentation,cross-category,https://cloudconvert.com/image-converter
12504,rw2,rst,"rw2 to rst",TIER-2,enumerated (heuristic order),,,image,document,cross-category,https://cloudconvert.com/image-converter
12505,rw2,sda,"rw2 to sda",TIER-2,enumerated (heuristic order),,,image,presentation,cross-category,https://cloudconvert.com/image-converter
12506,rw2,sdw,"rw2 to sdw",TIER-2,enumerated (heuristic order),,,image,document,cross-category,https://cloudconvert.com/image-converter
12507,rw2,sk,"rw2 to sk",TIER-2,enumerated (heuristic order),,,image,vector,cross-category,https://cloudconvert.com/image-converter
12508,rw2,sk1,"rw2 to sk1",TIER-2,enumerated (heuristic order),,,image,vector,cross-category,https://cloudconvert.com/image-converter
12509,rw2,svgz,"rw2 to svgz",TIER-2,enumerated (heuristic order),,,image,vector,cross-category,https://cloudconvert.com/image-converter
12510,rw2,tex,"rw2 to tex",TIER-2,enumerated (heuristic order),,,image,document,cross-category,https://cloudconvert.com/image-converter
12511,rw2,vsd,"rw2 to vsd",TIER-2,enumerated (heuristic order),,,image,vector,cross-category,https://cloudconvert.com/image-converter
12512,rw2,wmf,"rw2 to wmf",TIER-2,enumerated (heuristic order),,,image,vector,cross-category,https://cloudconvert.com/image-converter
12513,rw2,wpd,"rw2 to wpd",TIER-2,enumerated (heuristic order),,,image,document,cross-category,https://cloudconvert.com/image-converter
12514,rw2,wps,"rw2 to wps",TIER-2,enumerated (heuristic order),,,image,document,cross-category,https://cloudconvert.com/image-converter
12515,rw2,zabw,"rw2 to zabw",TIER-2,enumerated (heuristic order),,,image,document,cross-category,https://cloudconvert.com/image-converter
12631,sf2,3g2,"sf2 to 3g2",TIER-2,enumerated (heuristic order),,,audio,video,cross-category,https://cloudconvert.com/audio-converter
12632,sf2,3gpp,"sf2 to 3gpp",TIER-2,enumerated (heuristic order),,,audio,video,cross-category,https://cloudconvert.com/audio-converter
12633,sf2,cavs,"sf2 to cavs",TIER-2,enumerated (heuristic order),,,audio,video,cross-category,https://cloudconvert.com/audio-converter
12634,sf2,dv,"sf2 to dv",TIER-2,enumerated (heuristic order),,,audio,video,cross-category,https://cloudconvert.com/audio-converter
12635,sf2,dvr,"sf2 to dvr",TIER-2,enumerated (heuristic order),,,audio,video,cross-category,https://cloudconvert.com/audio-converter
12636,sf2,m2ts,"sf2 to m2ts",TIER-2,enumerated (heuristic order),,,audio,video,cross-category,https://cloudconvert.com/audio-converter
12637,sf2,mod,"sf2 to mod",TIER-2,enumerated (heuristic order),,,audio,video,cross-category,https://cloudconvert.com/audio-converter
12638,sf2,mts,"sf2 to mts",TIER-2,enumerated (heuristic order),,,audio,video,cross-category,https://cloudconvert.com/audio-converter
12639,sf2,mxf,"sf2 to mxf",TIER-2,enumerated (heuristic order),,,audio,video,cross-category,https://cloudconvert.com/audio-converter
12640,sf2,ogv,"sf2 to ogv",TIER-2,enumerated (heuristic order),,,audio,video,cross-category,https://cloudconvert.com/audio-converter
12641,sf2,rm,"sf2 to rm",TIER-2,enumerated (heuristic order),,,audio,video,cross-category,https://cloudconvert.com/audio-converter
12642,sf2,rmvb,"sf2 to rmvb",TIER-2,enumerated (heuristic order),,,audio,video,cross-category,https://cloudconvert.com/audio-converter
12643,sf2,swf,"sf2 to swf",TIER-2,enumerated (heuristic order),,,audio,video,cross-category,https://cloudconvert.com/audio-converter
12644,sf2,vob,"sf2 to vob",TIER-2,enumerated (heuristic order),,,audio,video,cross-category,https://cloudconvert.com/audio-converter
12645,sf2,wtv,"sf2 to wtv",TIER-2,enumerated (heuristic order),,,audio,video,cross-category,https://cloudconvert.com/audio-converter
12646,sfark,3g2,"sfark to 3g2",TIER-2,enumerated (heuristic order),,,audio,video,cross-category,https://cloudconvert.com/audio-converter
12647,sfark,3gpp,"sfark to 3gpp",TIER-2,enumerated (heuristic order),,,audio,video,cross-category,https://cloudconvert.com/audio-converter
12648,sfark,cavs,"sfark to cavs",TIER-2,enumerated (heuristic order),,,audio,video,cross-category,https://cloudconvert.com/audio-converter
12649,sfark,dv,"sfark to dv",TIER-2,enumerated (heuristic order),,,audio,video,cross-category,https://cloudconvert.com/audio-converter
12650,sfark,dvr,"sfark to dvr",TIER-2,enumerated (heuristic order),,,audio,video,cross-category,https://cloudconvert.com/audio-converter
12651,sfark,m2ts,"sfark to m2ts",TIER-2,enumerated (heuristic order),,,audio,video,cross-category,https://cloudconvert.com/audio-converter
12652,sfark,mod,"sfark to mod",TIER-2,enumerated (heuristic order),,,audio,video,cross-category,https://cloudconvert.com/audio-converter
12653,sfark,mts,"sfark to mts",TIER-2,enumerated (heuristic order),,,audio,video,cross-category,https://cloudconvert.com/audio-converter
12654,sfark,mxf,"sfark to mxf",TIER-2,enumerated (heuristic order),,,audio,video,cross-category,https://cloudconvert.com/audio-converter
12655,sfark,ogv,"sfark to ogv",TIER-2,enumerated (heuristic order),,,audio,video,cross-category,https://cloudconvert.com/audio-converter
12656,sfark,rm,"sfark to rm",TIER-2,enumerated (heuristic order),,,audio,video,cross-category,https://cloudconvert.com/audio-converter
12657,sfark,rmvb,"sfark to rmvb",TIER-2,enumerated (heuristic order),,,audio,video,cross-category,https://cloudconvert.com/audio-converter
12658,sfark,swf,"sfark to swf",TIER-2,enumerated (heuristic order),,,audio,video,cross-category,https://cloudconvert.com/audio-converter
12659,sfark,vob,"sfark to vob",TIER-2,enumerated (heuristic order),,,audio,video,cross-category,https://cloudconvert.com/audio-converter
12660,sfark,wtv,"sfark to wtv",TIER-2,enumerated (heuristic order),,,audio,video,cross-category,https://cloudconvert.com/audio-converter
12805,swf,3fr,"swf to 3fr",TIER-2,enumerated (heuristic order),,,video,image,cross-category,https://cloudconvert.com/mp4-converter
12806,swf,ac3,"swf to ac3",TIER-2,enumerated (heuristic order),,,video,audio,cross-category,https://cloudconvert.com/mp4-converter
12807,swf,amr,"swf to amr",TIER-2,enumerated (heuristic order),,,video,audio,cross-category,https://cloudconvert.com/mp4-converter
12808,swf,au,"swf to au",TIER-2,enumerated (heuristic order),,,video,audio,cross-category,https://cloudconvert.com/mp4-converter
12809,swf,caf,"swf to caf",TIER-2,enumerated (heuristic order),,,video,audio,cross-category,https://cloudconvert.com/mp4-converter
12810,swf,cr3,"swf to cr3",TIER-2,enumerated (heuristic order),,,video,image,cross-category,https://cloudconvert.com/mp4-converter
12811,swf,crw,"swf to crw",TIER-2,enumerated (heuristic order),,,video,image,cross-category,https://cloudconvert.com/mp4-converter
12812,swf,dcr,"swf to dcr",TIER-2,enumerated (heuristic order),,,video,image,cross-category,https://cloudconvert.com/mp4-converter
12813,swf,dss,"swf to dss",TIER-2,enumerated (heuristic order),,,video,audio,cross-category,https://cloudconvert.com/mp4-converter
12814,swf,erf,"swf to erf",TIER-2,enumerated (heuristic order),,,video,image,cross-category,https://cloudconvert.com/mp4-converter
12815,swf,icns,"swf to icns",TIER-2,enumerated (heuristic order),,,video,image,cross-category,https://cloudconvert.com/mp4-converter
12816,swf,m4b,"swf to m4b",TIER-2,enumerated (heuristic order),,,video,audio,cross-category,https://cloudconvert.com/mp4-converter
12817,swf,mos,"swf to mos",TIER-2,enumerated (heuristic order),,,video,image,cross-category,https://cloudconvert.com/mp4-converter
12818,swf,mrw,"swf to mrw",TIER-2,enumerated (heuristic order),,,video,image,cross-category,https://cloudconvert.com/mp4-converter
12819,swf,odd,"swf to odd",TIER-2,enumerated (heuristic order),,,video,image,cross-category,https://cloudconvert.com/mp4-converter
12820,swf,odg,"swf to odg",TIER-2,enumerated (heuristic order),,,video,image,cross-category,https://cloudconvert.com/mp4-converter
12821,swf,orf,"swf to orf",TIER-2,enumerated (heuristic order),,,video,image,cross-category,https://cloudconvert.com/mp4-converter
12822,swf,pef,"swf to pef",TIER-2,enumerated (heuristic order),,,video,image,cross-category,https://cloudconvert.com/mp4-converter
12823,swf,ppm,"swf to ppm",TIER-2,enumerated (heuristic order),,,video,image,cross-category,https://cloudconvert.com/mp4-converter
12824,swf,ps,"swf to ps",TIER-2,enumerated (heuristic order),,,video,image,cross-category,https://cloudconvert.com/mp4-converter
12825,swf,psb,"swf to psb",TIER-2,enumerated (heuristic order),,,video,image,cross-category,https://cloudconvert.com/mp4-converter
12826,swf,pub,"swf to pub",TIER-2,enumerated (heuristic order),,,video,image,cross-category,https://cloudconvert.com/mp4-converter
12827,swf,raf,"swf to raf",TIER-2,enumerated (heuristic order),,,video,image,cross-category,https://cloudconvert.com/mp4-converter
12828,swf,rw2,"swf to rw2",TIER-2,enumerated (heuristic order),,,video,image,cross-category,https://cloudconvert.com/mp4-converter
12829,swf,sf2,"swf to sf2",TIER-2,enumerated (heuristic order),,,video,audio,cross-category,https://cloudconvert.com/mp4-converter
12830,swf,sfark,"swf to sfark",TIER-2,enumerated (heuristic order),,,video,audio,cross-category,https://cloudconvert.com/mp4-converter
12831,swf,tga,"swf to tga",TIER-2,enumerated (heuristic order),,,video,image,cross-category,https://cloudconvert.com/mp4-converter
12832,swf,voc,"swf to voc",TIER-2,enumerated (heuristic order),,,video,audio,cross-category,https://cloudconvert.com/mp4-converter
12833,swf,weba,"swf to weba",TIER-2,enumerated (heuristic order),,,video,audio,cross-category,https://cloudconvert.com/mp4-converter
12834,swf,x3f,"swf to x3f",TIER-2,enumerated (heuristic order),,,video,image,cross-category,https://cloudconvert.com/mp4-converter
12835,swf,xcf,"swf to xcf",TIER-2,enumerated (heuristic order),,,video,image,cross-category,https://cloudconvert.com/mp4-converter
12836,swf,xps,"swf to xps",TIER-2,enumerated (heuristic order),,,video,image,cross-category,https://cloudconvert.com/mp4-converter
12916,tga,abw,"tga to abw",TIER-2,enumerated (heuristic order),,,image,document,cross-category,https://cloudconvert.com/image-converter
12917,tga,cgm,"tga to cgm",TIER-2,enumerated (heuristic order),,,image,vector,cross-category,https://cloudconvert.com/image-converter
12918,tga,djvu,"tga to djvu",TIER-2,enumerated (heuristic order),,,image,document,cross-category,https://cloudconvert.com/image-converter
12919,tga,docm,"tga to docm",TIER-2,enumerated (heuristic order),,,image,document,cross-category,https://cloudconvert.com/image-converter
12920,tga,dot,"tga to dot",TIER-2,enumerated (heuristic order),,,image,document,cross-category,https://cloudconvert.com/image-converter
12921,tga,dotx,"tga to dotx",TIER-2,enumerated (heuristic order),,,image,document,cross-category,https://cloudconvert.com/image-converter
12922,tga,dps,"tga to dps",TIER-2,enumerated (heuristic order),,,image,presentation,cross-category,https://cloudconvert.com/image-converter
12923,tga,emf,"tga to emf",TIER-2,enumerated (heuristic order),,,image,vector,cross-category,https://cloudconvert.com/image-converter
12924,tga,hwp,"tga to hwp",TIER-2,enumerated (heuristic order),,,image,document,cross-category,https://cloudconvert.com/image-converter
12925,tga,hwpx,"tga to hwpx",TIER-2,enumerated (heuristic order),,,image,document,cross-category,https://cloudconvert.com/image-converter
12926,tga,lwp,"tga to lwp",TIER-2,enumerated (heuristic order),,,image,document,cross-category,https://cloudconvert.com/image-converter
12927,tga,pot,"tga to pot",TIER-2,enumerated (heuristic order),,,image,presentation,cross-category,https://cloudconvert.com/image-converter
12928,tga,potx,"tga to potx",TIER-2,enumerated (heuristic order),,,image,presentation,cross-category,https://cloudconvert.com/image-converter
12929,tga,pps,"tga to pps",TIER-2,enumerated (heuristic order),,,image,presentation,cross-category,https://cloudconvert.com/image-converter
12930,tga,ppsx,"tga to ppsx",TIER-2,enumerated (heuristic order),,,image,presentation,cross-category,https://cloudconvert.com/image-converter
12931,tga,pptm,"tga to pptm",TIER-2,enumerated (heuristic order),,,image,presentation,cross-category,https://cloudconvert.com/image-converter
12932,tga,rst,"tga to rst",TIER-2,enumerated (heuristic order),,,image,document,cross-category,https://cloudconvert.com/image-converter
12933,tga,sda,"tga to sda",TIER-2,enumerated (heuristic order),,,image,presentation,cross-category,https://cloudconvert.com/image-converter
12934,tga,sdw,"tga to sdw",TIER-2,enumerated (heuristic order),,,image,document,cross-category,https://cloudconvert.com/image-converter
12935,tga,sk,"tga to sk",TIER-2,enumerated (heuristic order),,,image,vector,cross-category,https://cloudconvert.com/image-converter
12936,tga,sk1,"tga to sk1",TIER-2,enumerated (heuristic order),,,image,vector,cross-category,https://cloudconvert.com/image-converter
12937,tga,svgz,"tga to svgz",TIER-2,enumerated (heuristic order),,,image,vector,cross-category,https://cloudconvert.com/image-converter
12938,tga,tex,"tga to tex",TIER-2,enumerated (heuristic order),,,image,document,cross-category,https://cloudconvert.com/image-converter
12939,tga,vsd,"tga to vsd",TIER-2,enumerated (heuristic order),,,image,vector,cross-category,https://cloudconvert.com/image-converter
12940,tga,wmf,"tga to wmf",TIER-2,enumerated (heuristic order),,,image,vector,cross-category,https://cloudconvert.com/image-converter
12941,tga,wpd,"tga to wpd",TIER-2,enumerated (heuristic order),,,image,document,cross-category,https://cloudconvert.com/image-converter
12942,tga,wps,"tga to wps",TIER-2,enumerated (heuristic order),,,image,document,cross-category,https://cloudconvert.com/image-converter
12943,tga,zabw,"tga to zabw",TIER-2,enumerated (heuristic order),,,image,document,cross-category,https://cloudconvert.com/image-converter
12980,vob,3fr,"vob to 3fr",TIER-2,enumerated (heuristic order),,,video,image,cross-category,https://cloudconvert.com/mp4-converter
12981,vob,ac3,"vob to ac3",TIER-2,enumerated (heuristic order),,,video,audio,cross-category,https://cloudconvert.com/mp4-converter
12982,vob,amr,"vob to amr",TIER-2,enumerated (heuristic order),,,video,audio,cross-category,https://cloudconvert.com/mp4-converter
12983,vob,au,"vob to au",TIER-2,enumerated (heuristic order),,,video,audio,cross-category,https://cloudconvert.com/mp4-converter
12984,vob,caf,"vob to caf",TIER-2,enumerated (heuristic order),,,video,audio,cross-category,https://cloudconvert.com/mp4-converter
12985,vob,cr3,"vob to cr3",TIER-2,enumerated (heuristic order),,,video,image,cross-category,https://cloudconvert.com/mp4-converter
12986,vob,crw,"vob to crw",TIER-2,enumerated (heuristic order),,,video,image,cross-category,https://cloudconvert.com/mp4-converter
12987,vob,dcr,"vob to dcr",TIER-2,enumerated (heuristic order),,,video,image,cross-category,https://cloudconvert.com/mp4-converter
12988,vob,dss,"vob to dss",TIER-2,enumerated (heuristic order),,,video,audio,cross-category,https://cloudconvert.com/mp4-converter
12989,vob,erf,"vob to erf",TIER-2,enumerated (heuristic order),,,video,image,cross-category,https://cloudconvert.com/mp4-converter
12990,vob,icns,"vob to icns",TIER-2,enumerated (heuristic order),,,video,image,cross-category,https://cloudconvert.com/mp4-converter
12991,vob,m4b,"vob to m4b",TIER-2,enumerated (heuristic order),,,video,audio,cross-category,https://cloudconvert.com/mp4-converter
12992,vob,mos,"vob to mos",TIER-2,enumerated (heuristic order),,,video,image,cross-category,https://cloudconvert.com/mp4-converter
12993,vob,mrw,"vob to mrw",TIER-2,enumerated (heuristic order),,,video,image,cross-category,https://cloudconvert.com/mp4-converter
12994,vob,odd,"vob to odd",TIER-2,enumerated (heuristic order),,,video,image,cross-category,https://cloudconvert.com/mp4-converter
12995,vob,odg,"vob to odg",TIER-2,enumerated (heuristic order),,,video,image,cross-category,https://cloudconvert.com/mp4-converter
12996,vob,orf,"vob to orf",TIER-2,enumerated (heuristic order),,,video,image,cross-category,https://cloudconvert.com/mp4-converter
12997,vob,pef,"vob to pef",TIER-2,enumerated (heuristic order),,,video,image,cross-category,https://cloudconvert.com/mp4-converter
12998,vob,ppm,"vob to ppm",TIER-2,enumerated (heuristic order),,,video,image,cross-category,https://cloudconvert.com/mp4-converter
12999,vob,ps,"vob to ps",TIER-2,enumerated (heuristic order),,,video,image,cross-category,https://cloudconvert.com/mp4-converter
13000,vob,psb,"vob to psb",TIER-2,enumerated (heuristic order),,,video,image,cross-category,https://cloudconvert.com/mp4-converter
13001,vob,pub,"vob to pub",TIER-2,enumerated (heuristic order),,,video,image,cross-category,https://cloudconvert.com/mp4-converter
13002,vob,raf,"vob to raf",TIER-2,enumerated (heuristic order),,,video,image,cross-category,https://cloudconvert.com/mp4-converter
13003,vob,rw2,"vob to rw2",TIER-2,enumerated (heuristic order),,,video,image,cross-category,https://cloudconvert.com/mp4-converter
13004,vob,sf2,"vob to sf2",TIER-2,enumerated (heuristic order),,,video,audio,cross-category,https://cloudconvert.com/mp4-converter
13005,vob,sfark,"vob to sfark",TIER-2,enumerated (heuristic order),,,video,audio,cross-category,https://cloudconvert.com/mp4-converter
13006,vob,tga,"vob to tga",TIER-2,enumerated (heuristic order),,,video,image,cross-category,https://cloudconvert.com/mp4-converter
13007,vob,voc,"vob to voc",TIER-2,enumerated (heuristic order),,,video,audio,cross-category,https://cloudconvert.com/mp4-converter
13008,vob,weba,"vob to weba",TIER-2,enumerated (heuristic order),,,video,audio,cross-category,https://cloudconvert.com/mp4-converter
13009,vob,x3f,"vob to x3f",TIER-2,enumerated (heuristic order),,,video,image,cross-category,https://cloudconvert.com/mp4-converter
13010,vob,xcf,"vob to xcf",TIER-2,enumerated (heuristic order),,,video,image,cross-category,https://cloudconvert.com/mp4-converter
13011,vob,xps,"vob to xps",TIER-2,enumerated (heuristic order),,,video,image,cross-category,https://cloudconvert.com/mp4-converter
13012,voc,3g2,"voc to 3g2",TIER-2,enumerated (heuristic order),,,audio,video,cross-category,https://cloudconvert.com/audio-converter
13013,voc,3gpp,"voc to 3gpp",TIER-2,enumerated (heuristic order),,,audio,video,cross-category,https://cloudconvert.com/audio-converter
13014,voc,cavs,"voc to cavs",TIER-2,enumerated (heuristic order),,,audio,video,cross-category,https://cloudconvert.com/audio-converter
13015,voc,dv,"voc to dv",TIER-2,enumerated (heuristic order),,,audio,video,cross-category,https://cloudconvert.com/audio-converter
13016,voc,dvr,"voc to dvr",TIER-2,enumerated (heuristic order),,,audio,video,cross-category,https://cloudconvert.com/audio-converter
13017,voc,m2ts,"voc to m2ts",TIER-2,enumerated (heuristic order),,,audio,video,cross-category,https://cloudconvert.com/audio-converter
13018,voc,mod,"voc to mod",TIER-2,enumerated (heuristic order),,,audio,video,cross-category,https://cloudconvert.com/audio-converter
13019,voc,mts,"voc to mts",TIER-2,enumerated (heuristic order),,,audio,video,cross-category,https://cloudconvert.com/audio-converter
13020,voc,mxf,"voc to mxf",TIER-2,enumerated (heuristic order),,,audio,video,cross-category,https://cloudconvert.com/audio-converter
13021,voc,ogv,"voc to ogv",TIER-2,enumerated (heuristic order),,,audio,video,cross-category,https://cloudconvert.com/audio-converter
13022,voc,rm,"voc to rm",TIER-2,enumerated (heuristic order),,,audio,video,cross-category,https://cloudconvert.com/audio-converter
13023,voc,rmvb,"voc to rmvb",TIER-2,enumerated (heuristic order),,,audio,video,cross-category,https://cloudconvert.com/audio-converter
13024,voc,swf,"voc to swf",TIER-2,enumerated (heuristic order),,,audio,video,cross-category,https://cloudconvert.com/audio-converter
13025,voc,vob,"voc to vob",TIER-2,enumerated (heuristic order),,,audio,video,cross-category,https://cloudconvert.com/audio-converter
13026,voc,wtv,"voc to wtv",TIER-2,enumerated (heuristic order),,,audio,video,cross-category,https://cloudconvert.com/audio-converter
13063,weba,3g2,"weba to 3g2",TIER-2,enumerated (heuristic order),,,audio,video,cross-category,https://cloudconvert.com/audio-converter
13064,weba,3gpp,"weba to 3gpp",TIER-2,enumerated (heuristic order),,,audio,video,cross-category,https://cloudconvert.com/audio-converter
13065,weba,cavs,"weba to cavs",TIER-2,enumerated (heuristic order),,,audio,video,cross-category,https://cloudconvert.com/audio-converter
13066,weba,dv,"weba to dv",TIER-2,enumerated (heuristic order),,,audio,video,cross-category,https://cloudconvert.com/audio-converter
13067,weba,dvr,"weba to dvr",TIER-2,enumerated (heuristic order),,,audio,video,cross-category,https://cloudconvert.com/audio-converter
13068,weba,m2ts,"weba to m2ts",TIER-2,enumerated (heuristic order),,,audio,video,cross-category,https://cloudconvert.com/audio-converter
13069,weba,mod,"weba to mod",TIER-2,enumerated (heuristic order),,,audio,video,cross-category,https://cloudconvert.com/audio-converter
13070,weba,mts,"weba to mts",TIER-2,enumerated (heuristic order),,,audio,video,cross-category,https://cloudconvert.com/audio-converter
13071,weba,mxf,"weba to mxf",TIER-2,enumerated (heuristic order),,,audio,video,cross-category,https://cloudconvert.com/audio-converter
13072,weba,ogv,"weba to ogv",TIER-2,enumerated (heuristic order),,,audio,video,cross-category,https://cloudconvert.com/audio-converter
13073,weba,rm,"weba to rm",TIER-2,enumerated (heuristic order),,,audio,video,cross-category,https://cloudconvert.com/audio-converter
13074,weba,rmvb,"weba to rmvb",TIER-2,enumerated (heuristic order),,,audio,video,cross-category,https://cloudconvert.com/audio-converter
13075,weba,swf,"weba to swf",TIER-2,enumerated (heuristic order),,,audio,video,cross-category,https://cloudconvert.com/audio-converter
13076,weba,vob,"weba to vob",TIER-2,enumerated (heuristic order),,,audio,video,cross-category,https://cloudconvert.com/audio-converter
13077,weba,wtv,"weba to wtv",TIER-2,enumerated (heuristic order),,,audio,video,cross-category,https://cloudconvert.com/audio-converter
13200,wtv,3fr,"wtv to 3fr",TIER-2,enumerated (heuristic order),,,video,image,cross-category,https://cloudconvert.com/mp4-converter
13201,wtv,ac3,"wtv to ac3",TIER-2,enumerated (heuristic order),,,video,audio,cross-category,https://cloudconvert.com/mp4-converter
13202,wtv,amr,"wtv to amr",TIER-2,enumerated (heuristic order),,,video,audio,cross-category,https://cloudconvert.com/mp4-converter
13203,wtv,au,"wtv to au",TIER-2,enumerated (heuristic order),,,video,audio,cross-category,https://cloudconvert.com/mp4-converter
13204,wtv,caf,"wtv to caf",TIER-2,enumerated (heuristic order),,,video,audio,cross-category,https://cloudconvert.com/mp4-converter
13205,wtv,cr3,"wtv to cr3",TIER-2,enumerated (heuristic order),,,video,image,cross-category,https://cloudconvert.com/mp4-converter
13206,wtv,crw,"wtv to crw",TIER-2,enumerated (heuristic order),,,video,image,cross-category,https://cloudconvert.com/mp4-converter
13207,wtv,dcr,"wtv to dcr",TIER-2,enumerated (heuristic order),,,video,image,cross-category,https://cloudconvert.com/mp4-converter
13208,wtv,dss,"wtv to dss",TIER-2,enumerated (heuristic order),,,video,audio,cross-category,https://cloudconvert.com/mp4-converter
13209,wtv,erf,"wtv to erf",TIER-2,enumerated (heuristic order),,,video,image,cross-category,https://cloudconvert.com/mp4-converter
13210,wtv,icns,"wtv to icns",TIER-2,enumerated (heuristic order),,,video,image,cross-category,https://cloudconvert.com/mp4-converter
13211,wtv,m4b,"wtv to m4b",TIER-2,enumerated (heuristic order),,,video,audio,cross-category,https://cloudconvert.com/mp4-converter
13212,wtv,mos,"wtv to mos",TIER-2,enumerated (heuristic order),,,video,image,cross-category,https://cloudconvert.com/mp4-converter
13213,wtv,mrw,"wtv to mrw",TIER-2,enumerated (heuristic order),,,video,image,cross-category,https://cloudconvert.com/mp4-converter
13214,wtv,odd,"wtv to odd",TIER-2,enumerated (heuristic order),,,video,image,cross-category,https://cloudconvert.com/mp4-converter
13215,wtv,odg,"wtv to odg",TIER-2,enumerated (heuristic order),,,video,image,cross-category,https://cloudconvert.com/mp4-converter
13216,wtv,orf,"wtv to orf",TIER-2,enumerated (heuristic order),,,video,image,cross-category,https://cloudconvert.com/mp4-converter
13217,wtv,pef,"wtv to pef",TIER-2,enumerated (heuristic order),,,video,image,cross-category,https://cloudconvert.com/mp4-converter
13218,wtv,ppm,"wtv to ppm",TIER-2,enumerated (heuristic order),,,video,image,cross-category,https://cloudconvert.com/mp4-converter
13219,wtv,ps,"wtv to ps",TIER-2,enumerated (heuristic order),,,video,image,cross-category,https://cloudconvert.com/mp4-converter
13220,wtv,psb,"wtv to psb",TIER-2,enumerated (heuristic order),,,video,image,cross-category,https://cloudconvert.com/mp4-converter
13221,wtv,pub,"wtv to pub",TIER-2,enumerated (heuristic order),,,video,image,cross-category,https://cloudconvert.com/mp4-converter
13222,wtv,raf,"wtv to raf",TIER-2,enumerated (heuristic order),,,video,image,cross-category,https://cloudconvert.com/mp4-converter
13223,wtv,rw2,"wtv to rw2",TIER-2,enumerated (heuristic order),,,video,image,cross-category,https://cloudconvert.com/mp4-converter
13224,wtv,sf2,"wtv to sf2",TIER-2,enumerated (heuristic order),,,video,audio,cross-category,https://cloudconvert.com/mp4-converter
13225,wtv,sfark,"wtv to sfark",TIER-2,enumerated (heuristic order),,,video,audio,cross-category,https://cloudconvert.com/mp4-converter
13226,wtv,tga,"wtv to tga",TIER-2,enumerated (heuristic order),,,video,image,cross-category,https://cloudconvert.com/mp4-converter
13227,wtv,voc,"wtv to voc",TIER-2,enumerated (heuristic order),,,video,audio,cross-category,https://cloudconvert.com/mp4-converter
13228,wtv,weba,"wtv to weba",TIER-2,enumerated (heuristic order),,,video,audio,cross-category,https://cloudconvert.com/mp4-converter
13229,wtv,x3f,"wtv to x3f",TIER-2,enumerated (heuristic order),,,video,image,cross-category,https://cloudconvert.com/mp4-converter
13230,wtv,xcf,"wtv to xcf",TIER-2,enumerated (heuristic order),,,video,image,cross-category,https://cloudconvert.com/mp4-converter
13231,wtv,xps,"wtv to xps",TIER-2,enumerated (heuristic order),,,video,image,cross-category,https://cloudconvert.com/mp4-converter
13232,x3f,abw,"x3f to abw",TIER-2,enumerated (heuristic order),,,image,document,cross-category,https://cloudconvert.com/image-converter
13233,x3f,cgm,"x3f to cgm",TIER-2,enumerated (heuristic order),,,image,vector,cross-category,https://cloudconvert.com/image-converter
13234,x3f,djvu,"x3f to djvu",TIER-2,enumerated (heuristic order),,,image,document,cross-category,https://cloudconvert.com/image-converter
13235,x3f,docm,"x3f to docm",TIER-2,enumerated (heuristic order),,,image,document,cross-category,https://cloudconvert.com/image-converter
13236,x3f,dot,"x3f to dot",TIER-2,enumerated (heuristic order),,,image,document,cross-category,https://cloudconvert.com/image-converter
13237,x3f,dotx,"x3f to dotx",TIER-2,enumerated (heuristic order),,,image,document,cross-category,https://cloudconvert.com/image-converter
13238,x3f,dps,"x3f to dps",TIER-2,enumerated (heuristic order),,,image,presentation,cross-category,https://cloudconvert.com/image-converter
13239,x3f,emf,"x3f to emf",TIER-2,enumerated (heuristic order),,,image,vector,cross-category,https://cloudconvert.com/image-converter
13240,x3f,hwp,"x3f to hwp",TIER-2,enumerated (heuristic order),,,image,document,cross-category,https://cloudconvert.com/image-converter
13241,x3f,hwpx,"x3f to hwpx",TIER-2,enumerated (heuristic order),,,image,document,cross-category,https://cloudconvert.com/image-converter
13242,x3f,lwp,"x3f to lwp",TIER-2,enumerated (heuristic order),,,image,document,cross-category,https://cloudconvert.com/image-converter
13243,x3f,pot,"x3f to pot",TIER-2,enumerated (heuristic order),,,image,presentation,cross-category,https://cloudconvert.com/image-converter
13244,x3f,potx,"x3f to potx",TIER-2,enumerated (heuristic order),,,image,presentation,cross-category,https://cloudconvert.com/image-converter
13245,x3f,pps,"x3f to pps",TIER-2,enumerated (heuristic order),,,image,presentation,cross-category,https://cloudconvert.com/image-converter
13246,x3f,ppsx,"x3f to ppsx",TIER-2,enumerated (heuristic order),,,image,presentation,cross-category,https://cloudconvert.com/image-converter
13247,x3f,pptm,"x3f to pptm",TIER-2,enumerated (heuristic order),,,image,presentation,cross-category,https://cloudconvert.com/image-converter
13248,x3f,rst,"x3f to rst",TIER-2,enumerated (heuristic order),,,image,document,cross-category,https://cloudconvert.com/image-converter
13249,x3f,sda,"x3f to sda",TIER-2,enumerated (heuristic order),,,image,presentation,cross-category,https://cloudconvert.com/image-converter
13250,x3f,sdw,"x3f to sdw",TIER-2,enumerated (heuristic order),,,image,document,cross-category,https://cloudconvert.com/image-converter
13251,x3f,sk,"x3f to sk",TIER-2,enumerated (heuristic order),,,image,vector,cross-category,https://cloudconvert.com/image-converter
13252,x3f,sk1,"x3f to sk1",TIER-2,enumerated (heuristic order),,,image,vector,cross-category,https://cloudconvert.com/image-converter
13253,x3f,svgz,"x3f to svgz",TIER-2,enumerated (heuristic order),,,image,vector,cross-category,https://cloudconvert.com/image-converter
13254,x3f,tex,"x3f to tex",TIER-2,enumerated (heuristic order),,,image,document,cross-category,https://cloudconvert.com/image-converter
13255,x3f,vsd,"x3f to vsd",TIER-2,enumerated (heuristic order),,,image,vector,cross-category,https://cloudconvert.com/image-converter
13256,x3f,wmf,"x3f to wmf",TIER-2,enumerated (heuristic order),,,image,vector,cross-category,https://cloudconvert.com/image-converter
13257,x3f,wpd,"x3f to wpd",TIER-2,enumerated (heuristic order),,,image,document,cross-category,https://cloudconvert.com/image-converter
13258,x3f,wps,"x3f to wps",TIER-2,enumerated (heuristic order),,,image,document,cross-category,https://cloudconvert.com/image-converter
13259,x3f,zabw,"x3f to zabw",TIER-2,enumerated (heuristic order),,,image,document,cross-category,https://cloudconvert.com/image-converter
13260,xcf,abw,"xcf to abw",TIER-2,enumerated (heuristic order),,,image,document,cross-category,https://cloudconvert.com/image-converter
13261,xcf,cgm,"xcf to cgm",TIER-2,enumerated (heuristic order),,,image,vector,cross-category,https://cloudconvert.com/image-converter
13262,xcf,djvu,"xcf to djvu",TIER-2,enumerated (heuristic order),,,image,document,cross-category,https://cloudconvert.com/image-converter
13263,xcf,docm,"xcf to docm",TIER-2,enumerated (heuristic order),,,image,document,cross-category,https://cloudconvert.com/image-converter
13264,xcf,dot,"xcf to dot",TIER-2,enumerated (heuristic order),,,image,document,cross-category,https://cloudconvert.com/image-converter
13265,xcf,dotx,"xcf to dotx",TIER-2,enumerated (heuristic order),,,image,document,cross-category,https://cloudconvert.com/image-converter
13266,xcf,dps,"xcf to dps",TIER-2,enumerated (heuristic order),,,image,presentation,cross-category,https://cloudconvert.com/image-converter
13267,xcf,emf,"xcf to emf",TIER-2,enumerated (heuristic order),,,image,vector,cross-category,https://cloudconvert.com/image-converter
13268,xcf,hwp,"xcf to hwp",TIER-2,enumerated (heuristic order),,,image,document,cross-category,https://cloudconvert.com/image-converter
13269,xcf,hwpx,"xcf to hwpx",TIER-2,enumerated (heuristic order),,,image,document,cross-category,https://cloudconvert.com/image-converter
13270,xcf,lwp,"xcf to lwp",TIER-2,enumerated (heuristic order),,,image,document,cross-category,https://cloudconvert.com/image-converter
13271,xcf,pot,"xcf to pot",TIER-2,enumerated (heuristic order),,,image,presentation,cross-category,https://cloudconvert.com/image-converter
13272,xcf,potx,"xcf to potx",TIER-2,enumerated (heuristic order),,,image,presentation,cross-category,https://cloudconvert.com/image-converter
13273,xcf,pps,"xcf to pps",TIER-2,enumerated (heuristic order),,,image,presentation,cross-category,https://cloudconvert.com/image-converter
13274,xcf,ppsx,"xcf to ppsx",TIER-2,enumerated (heuristic order),,,image,presentation,cross-category,https://cloudconvert.com/image-converter
13275,xcf,pptm,"xcf to pptm",TIER-2,enumerated (heuristic order),,,image,presentation,cross-category,https://cloudconvert.com/image-converter
13276,xcf,rst,"xcf to rst",TIER-2,enumerated (heuristic order),,,image,document,cross-category,https://cloudconvert.com/image-converter
13277,xcf,sda,"xcf to sda",TIER-2,enumerated (heuristic order),,,image,presentation,cross-category,https://cloudconvert.com/image-converter
13278,xcf,sdw,"xcf to sdw",TIER-2,enumerated (heuristic order),,,image,document,cross-category,https://cloudconvert.com/image-converter
13279,xcf,sk,"xcf to sk",TIER-2,enumerated (heuristic order),,,image,vector,cross-category,https://cloudconvert.com/image-converter
13280,xcf,sk1,"xcf to sk1",TIER-2,enumerated (heuristic order),,,image,vector,cross-category,https://cloudconvert.com/image-converter
13281,xcf,svgz,"xcf to svgz",TIER-2,enumerated (heuristic order),,,image,vector,cross-category,https://cloudconvert.com/image-converter
13282,xcf,tex,"xcf to tex",TIER-2,enumerated (heuristic order),,,image,document,cross-category,https://cloudconvert.com/image-converter
13283,xcf,vsd,"xcf to vsd",TIER-2,enumerated (heuristic order),,,image,vector,cross-category,https://cloudconvert.com/image-converter
13284,xcf,wmf,"xcf to wmf",TIER-2,enumerated (heuristic order),,,image,vector,cross-category,https://cloudconvert.com/image-converter
13285,xcf,wpd,"xcf to wpd",TIER-2,enumerated (heuristic order),,,image,document,cross-category,https://cloudconvert.com/image-converter
13286,xcf,wps,"xcf to wps",TIER-2,enumerated (heuristic order),,,image,document,cross-category,https://cloudconvert.com/image-converter
13287,xcf,zabw,"xcf to zabw",TIER-2,enumerated (heuristic order),,,image,document,cross-category,https://cloudconvert.com/image-converter
13288,xps,abw,"xps to abw",TIER-2,enumerated (heuristic order),,,image,document,cross-category,https://cloudconvert.com/image-converter
13289,xps,cgm,"xps to cgm",TIER-2,enumerated (heuristic order),,,image,vector,cross-category,https://cloudconvert.com/image-converter
13290,xps,djvu,"xps to djvu",TIER-2,enumerated (heuristic order),,,image,document,cross-category,https://cloudconvert.com/image-converter
13291,xps,docm,"xps to docm",TIER-2,enumerated (heuristic order),,,image,document,cross-category,https://cloudconvert.com/image-converter
13292,xps,dot,"xps to dot",TIER-2,enumerated (heuristic order),,,image,document,cross-category,https://cloudconvert.com/image-converter
13293,xps,dotx,"xps to dotx",TIER-2,enumerated (heuristic order),,,image,document,cross-category,https://cloudconvert.com/image-converter
13294,xps,dps,"xps to dps",TIER-2,enumerated (heuristic order),,,image,presentation,cross-category,https://cloudconvert.com/image-converter
13295,xps,emf,"xps to emf",TIER-2,enumerated (heuristic order),,,image,vector,cross-category,https://cloudconvert.com/image-converter
13296,xps,hwp,"xps to hwp",TIER-2,enumerated (heuristic order),,,image,document,cross-category,https://cloudconvert.com/image-converter
13297,xps,hwpx,"xps to hwpx",TIER-2,enumerated (heuristic order),,,image,document,cross-category,https://cloudconvert.com/image-converter
13298,xps,lwp,"xps to lwp",TIER-2,enumerated (heuristic order),,,image,document,cross-category,https://cloudconvert.com/image-converter
13299,xps,pot,"xps to pot",TIER-2,enumerated (heuristic order),,,image,presentation,cross-category,https://cloudconvert.com/image-converter
13300,xps,potx,"xps to potx",TIER-2,enumerated (heuristic order),,,image,presentation,cross-category,https://cloudconvert.com/image-converter
13301,xps,pps,"xps to pps",TIER-2,enumerated (heuristic order),,,image,presentation,cross-category,https://cloudconvert.com/image-converter
13302,xps,ppsx,"xps to ppsx",TIER-2,enumerated (heuristic order),,,image,presentation,cross-category,https://cloudconvert.com/image-converter
13303,xps,pptm,"xps to pptm",TIER-2,enumerated (heuristic order),,,image,presentation,cross-category,https://cloudconvert.com/image-converter
13304,xps,rst,"xps to rst",TIER-2,enumerated (heuristic order),,,image,document,cross-category,https://cloudconvert.com/image-converter
13305,xps,sda,"xps to sda",TIER-2,enumerated (heuristic order),,,image,presentation,cross-category,https://cloudconvert.com/image-converter
13306,xps,sdw,"xps to sdw",TIER-2,enumerated (heuristic order),,,image,document,cross-category,https://cloudconvert.com/image-converter
13307,xps,sk,"xps to sk",TIER-2,enumerated (heuristic order),,,image,vector,cross-category,https://cloudconvert.com/image-converter
13308,xps,sk1,"xps to sk1",TIER-2,enumerated (heuristic order),,,image,vector,cross-category,https://cloudconvert.com/image-converter
13309,xps,svgz,"xps to svgz",TIER-2,enumerated (heuristic order),,,image,vector,cross-category,https://cloudconvert.com/image-converter
13310,xps,tex,"xps to tex",TIER-2,enumerated (heuristic order),,,image,document,cross-category,https://cloudconvert.com/image-converter
13311,xps,vsd,"xps to vsd",TIER-2,enumerated (heuristic order),,,image,vector,cross-category,https://cloudconvert.com/image-converter
13312,xps,wmf,"xps to wmf",TIER-2,enumerated (heuristic order),,,image,vector,cross-category,https://cloudconvert.com/image-converter
13313,xps,wpd,"xps to wpd",TIER-2,enumerated (heuristic order),,,image,document,cross-category,https://cloudconvert.com/image-converter
13314,xps,wps,"xps to wps",TIER-2,enumerated (heuristic order),,,image,document,cross-category,https://cloudconvert.com/image-converter
13315,xps,zabw,"xps to zabw",TIER-2,enumerated (heuristic order),,,image,document,cross-category,https://cloudconvert.com/image-converter